2026-05-14 00:36:46,851 | INFO | RL model opgeslagen naar models/crypto_ppo
╭───────────── Monster Bot ──────────────╮
│ Monster Bot gestart                    │
│ Symbolen: BTC/USDT, ETH/USDT, SOL/USDT │
│ Modus: PAPER TRADING                   │
│ RL Model: geladen                      │
│ LSTM: geladen                          │
╰────────────────────────────────────────╯

Bot actief - analyse elke 60s
Ctrl+C om te stoppen

───────────────────────────── Cyclus #1 — 00:37:26 ─────────────────────────────
Portfolio: $979.06  PnL: -2.09%  DD: 2.2%  Posities: 0  Trades: 39  WR: 
35.5%(51.2%+TP)
⚠ Throttle: 75% — streak=-2
Sentiment: Neutraal (-0.10) | F&G: -0.16 | Nieuws: +0.00
[BTC/USDT] Regime: bear_trend | Kracht: 66% | Bearish trend — ADX=33, EMA stack 
bearish
[ETH/USDT] Regime: bear_trend | Kracht: 60% | Bearish trend — ADX=30, EMA stack 
bearish
[SOL/USDT] Regime: bear_trend | Kracht: 69% | Bearish trend — ADX=34, EMA stack 
bearish

───────────────────────────── Cyclus #2 — 00:38:34 ─────────────────────────────
Portfolio: $979.06  PnL: -2.09%  DD: 2.2%  Posities: 0  Trades: 39  WR: 
35.5%(51.2%+TP)
⚠ Throttle: 75% — streak=-2
Sentiment: Neutraal (-0.10) | F&G: -0.16 | Nieuws: +0.00
[BTC/USDT] Regime: bear_trend | Kracht: 66% | Bearish trend — ADX=33, EMA stack 
bearish
[ETH/USDT] Regime: bear_trend | Kracht: 60% | Bearish trend — ADX=30, EMA stack 
bearish
[SOL/USDT] Regime: bear_trend | Kracht: 69% | Bearish trend — ADX=34, EMA stack 
bearish

───────────────────────────── Cyclus #3 — 00:39:41 ─────────────────────────────
Portfolio: $979.06  PnL: -2.09%  DD: 2.2%  Posities: 0  Trades: 39  WR: 
35.5%(51.2%+TP)
⚠ Throttle: 75% — streak=-2
Sentiment: Neutraal (-0.10) | F&G: -0.16 | Nieuws: +0.00
[BTC/USDT] Regime: bear_trend | Kracht: 66% | Bearish trend — ADX=33, EMA stack 
bearish
[ETH/USDT] Regime: bear_trend | Kracht: 60% | Bearish trend — ADX=30, EMA stack 
bearish
[SOL/USDT] Regime: bear_trend | Kracht: 69% | Bearish trend — ADX=34, EMA stack 
bearish

───────────────────────────── Cyclus #4 — 00:40:50 ─────────────────────────────
Portfolio: $979.06  PnL: -2.09%  DD: 2.2%  Posities: 0  Trades: 39  WR: 
35.5%(51.2%+TP)
⚠ Throttle: 75% — streak=-2
Sentiment: Neutraal (-0.10) | F&G: -0.16 | Nieuws: +0.00
[BTC/USDT] Regime: bear_trend | Kracht: 66% | Bearish trend — ADX=33, EMA stack 
bearish
[ETH/USDT] Regime: bear_trend | Kracht: 60% | Bearish trend — ADX=30, EMA stack 
bearish
[SOL/USDT] Regime: bear_trend | Kracht: 69% | Bearish trend — ADX=34, EMA stack 
bearish

───────────────────────────── Cyclus #5 — 00:41:58 ─────────────────────────────
Portfolio: $979.06  PnL: -2.09%  DD: 2.2%  Posities: 0  Trades: 39  WR: 
35.5%(51.2%+TP)
⚠ Throttle: 75% — streak=-2
Sentiment: Neutraal (-0.10) | F&G: -0.16 | Nieuws: +0.00
[BTC/USDT] Regime: bear_trend | Kracht: 66% | Bearish trend — ADX=33, EMA stack 
bearish
[ETH/USDT] Regime: bear_trend | Kracht: 60% | Bearish trend — ADX=30, EMA stack 
bearish
[SOL/USDT] Regime: bear_trend | Kracht: 69% | Bearish trend — ADX=34, EMA stack 
bearish

───────────────────────────── Cyclus #6 — 00:43:10 ─────────────────────────────
Portfolio: $979.06  PnL: -2.09%  DD: 2.2%  Posities: 0  Trades: 39  WR: 
35.5%(51.2%+TP)
⚠ Throttle: 75% — streak=-2
Sentiment: Neutraal (-0.10) | F&G: -0.16 | Nieuws: +0.00
[BTC/USDT] Regime: bear_trend | Kracht: 66% | Bearish trend — ADX=33, EMA stack 
bearish
[ETH/USDT] Regime: bear_trend | Kracht: 60% | Bearish trend — ADX=30, EMA stack 
bearish
[SOL/USDT] Regime: bear_trend | Kracht: 69% | Bearish trend — ADX=34, EMA stack 
bearish

───────────────────────────── Cyclus #7 — 00:44:17 ─────────────────────────────
Portfolio: $979.06  PnL: -2.09%  DD: 2.2%  Posities: 0  Trades: 39  WR: 
35.5%(51.2%+TP)
⚠ Throttle: 75% — streak=-2
Sentiment: Neutraal (-0.10) | F&G: -0.16 | Nieuws: +0.00
[BTC/USDT] Regime: bear_trend | Kracht: 66% | Bearish trend — ADX=33, EMA stack 
bearish
[ETH/USDT] Regime: bear_trend | Kracht: 60% | Bearish trend — ADX=30, EMA stack 
bearish
[SOL/USDT] Regime: bear_trend | Kracht: 69% | Bearish trend — ADX=34, EMA stack 
bearish

───────────────────────────── Cyclus #8 — 00:45:25 ─────────────────────────────
Portfolio: $979.06  PnL: -2.09%  DD: 2.2%  Posities: 0  Trades: 39  WR: 
35.5%(51.2%+TP)
⚠ Throttle: 75% — streak=-2
Sentiment: Neutraal (-0.10) | F&G: -0.16 | Nieuws: +0.00
[BTC/USDT] Regime: bear_trend | Kracht: 66% | Bearish trend — ADX=33, EMA stack 
bearish
[ETH/USDT] Regime: bear_trend | Kracht: 60% | Bearish trend — ADX=30, EMA stack 
bearish
[SOL/USDT] Regime: bear_trend | Kracht: 69% | Bearish trend — ADX=34, EMA stack 
bearish

───────────────────────────── Cyclus #9 — 00:46:34 ─────────────────────────────
Portfolio: $979.06  PnL: -2.09%  DD: 2.2%  Posities: 0  Trades: 39  WR: 
35.5%(51.2%+TP)
⚠ Throttle: 75% — streak=-2
Sentiment: Neutraal (-0.10) | F&G: -0.16 | Nieuws: +0.00
[BTC/USDT] Regime: bear_trend | Kracht: 66% | Bearish trend — ADX=33, EMA stack 
bearish
[ETH/USDT] Regime: bear_trend | Kracht: 60% | Bearish trend — ADX=30, EMA stack 
bearish
[SOL/USDT] Regime: bear_trend | Kracht: 69% | Bearish trend — ADX=34, EMA stack 
bearish

──────────────────────────── Cyclus #10 — 00:47:42 ─────────────────────────────
Portfolio: $979.06  PnL: -2.09%  DD: 2.2%  Posities: 0  Trades: 39  WR: 
35.5%(51.2%+TP)
⚠ Throttle: 75% — streak=-2
Sentiment: Neutraal (-0.10) | F&G: -0.16 | Nieuws: +0.00
[BTC/USDT] Regime: bear_trend | Kracht: 66% | Bearish trend — ADX=33, EMA stack 
bearish
[ETH/USDT] Regime: bear_trend | Kracht: 60% | Bearish trend — ADX=30, EMA stack 
bearish
[SOL/USDT] Regime: bear_trend | Kracht: 69% | Bearish trend — ADX=34, EMA stack 
bearish

──────────────────────────── Cyclus #11 — 00:48:55 ─────────────────────────────
Portfolio: $979.06  PnL: -2.09%  DD: 2.2%  Posities: 0  Trades: 39  WR: 
35.5%(51.2%+TP)
⚠ Throttle: 75% — streak=-2
Sentiment: neutraal (-0.10) | F&G: -0.16 | Nieuws: +0.00
[BTC/USDT] Regime: bear_trend | Kracht: 66% | Bearish trend — ADX=33, EMA stack 
bearish
[ETH/USDT] Regime: bear_trend | Kracht: 60% | Bearish trend — ADX=30, EMA stack 
bearish
[SOL/USDT] Regime: bear_trend | Kracht: 69% | Bearish trend — ADX=34, EMA stack 
bearish

──────────────────────────── Cyclus #12 — 00:50:03 ─────────────────────────────
Portfolio: $979.06  PnL: -2.09%  DD: 2.2%  Posities: 0  Trades: 39  WR: 
35.5%(51.2%+TP)
⚠ Throttle: 75% — streak=-2
Sentiment: neutraal (-0.10) | F&G: -0.16 | Nieuws: +0.00
[BTC/USDT] Regime: bear_trend | Kracht: 66% | Bearish trend — ADX=33, EMA stack 
bearish
[ETH/USDT] Regime: bear_trend | Kracht: 60% | Bearish trend — ADX=30, EMA stack 
bearish
[SOL/USDT] Regime: bear_trend | Kracht: 69% | Bearish trend — ADX=34, EMA stack 
bearish

──────────────────────────── Cyclus #13 — 00:51:12 ─────────────────────────────
Portfolio: $979.06  PnL: -2.09%  DD: 2.2%  Posities: 0  Trades: 39  WR: 
35.5%(51.2%+TP)
⚠ Throttle: 75% — streak=-2
Sentiment: neutraal (-0.10) | F&G: -0.16 | Nieuws: +0.00
[BTC/USDT] Regime: bear_trend | Kracht: 66% | Bearish trend — ADX=33, EMA stack 
bearish
[ETH/USDT] Regime: bear_trend | Kracht: 60% | Bearish trend — ADX=30, EMA stack 
bearish
[SOL/USDT] Regime: bear_trend | Kracht: 69% | Bearish trend — ADX=34, EMA stack 
bearish

──────────────────────────── Cyclus #14 — 00:52:20 ─────────────────────────────
Portfolio: $979.06  PnL: -2.09%  DD: 2.2%  Posities: 0  Trades: 39  WR: 
35.5%(51.2%+TP)
⚠ Throttle: 75% — streak=-2
Sentiment: neutraal (-0.10) | F&G: -0.16 | Nieuws: +0.00
[BTC/USDT] Regime: bear_trend | Kracht: 66% | Bearish trend — ADX=33, EMA stack 
bearish
[ETH/USDT] Regime: bear_trend | Kracht: 60% | Bearish trend — ADX=30, EMA stack 
bearish
[SOL/USDT] Regime: bear_trend | Kracht: 69% | Bearish trend — ADX=34, EMA stack 
bearish

──────────────────────────── Cyclus #15 — 00:53:28 ─────────────────────────────
Portfolio: $979.06  PnL: -2.09%  DD: 2.2%  Posities: 0  Trades: 39  WR: 
35.5%(51.2%+TP)
⚠ Throttle: 75% — streak=-2
Sentiment: neutraal (-0.10) | F&G: -0.16 | Nieuws: +0.00
[BTC/USDT] Regime: bear_trend | Kracht: 66% | Bearish trend — ADX=33, EMA stack 
bearish
[ETH/USDT] Regime: bear_trend | Kracht: 60% | Bearish trend — ADX=30, EMA stack 
bearish
[SOL/USDT] Regime: bear_trend | Kracht: 69% | Bearish trend — ADX=34, EMA stack 
bearish

──────────────────────────── Cyclus #16 — 00:54:40 ─────────────────────────────
Portfolio: $979.06  PnL: -2.09%  DD: 2.2%  Posities: 0  Trades: 39  WR: 
35.5%(51.2%+TP)
⚠ Throttle: 75% — streak=-2
Sentiment: neutraal (-0.10) | F&G: -0.16 | Nieuws: +0.00
[BTC/USDT] Regime: bear_trend | Kracht: 66% | Bearish trend — ADX=33, EMA stack 
bearish
[ETH/USDT] Regime: bear_trend | Kracht: 60% | Bearish trend — ADX=30, EMA stack 
bearish
[SOL/USDT] Regime: bear_trend | Kracht: 69% | Bearish trend — ADX=34, EMA stack 
bearish

──────────────────────────── Cyclus #17 — 00:55:48 ─────────────────────────────
Portfolio: $979.06  PnL: -2.09%  DD: 2.2%  Posities: 0  Trades: 39  WR: 
35.5%(51.2%+TP)
⚠ Throttle: 75% — streak=-2
Sentiment: neutraal (-0.10) | F&G: -0.16 | Nieuws: +0.00
[BTC/USDT] Regime: bear_trend | Kracht: 66% | Bearish trend — ADX=33, EMA stack 
bearish
[ETH/USDT] Regime: bear_trend | Kracht: 60% | Bearish trend — ADX=30, EMA stack 
bearish
[SOL/USDT] Regime: bear_trend | Kracht: 69% | Bearish trend — ADX=34, EMA stack 
bearish

──────────────────────────── Cyclus #18 — 00:56:56 ─────────────────────────────
Portfolio: $979.06  PnL: -2.09%  DD: 2.2%  Posities: 0  Trades: 39  WR: 
35.5%(51.2%+TP)
⚠ Throttle: 75% — streak=-2
Sentiment: neutraal (-0.10) | F&G: -0.16 | Nieuws: +0.00
[BTC/USDT] Regime: bear_trend | Kracht: 66% | Bearish trend — ADX=33, EMA stack 
bearish
[ETH/USDT] Regime: bear_trend | Kracht: 60% | Bearish trend — ADX=30, EMA stack 
bearish
[SOL/USDT] Regime: bear_trend | Kracht: 69% | Bearish trend — ADX=34, EMA stack 
bearish

──────────────────────────── Cyclus #19 — 00:58:04 ─────────────────────────────
Portfolio: $979.06  PnL: -2.09%  DD: 2.2%  Posities: 0  Trades: 39  WR: 
35.5%(51.2%+TP)
⚠ Throttle: 75% — streak=-2
Sentiment: neutraal (-0.10) | F&G: -0.16 | Nieuws: +0.00
[BTC/USDT] Regime: bear_trend | Kracht: 66% | Bearish trend — ADX=33, EMA stack 
bearish
[ETH/USDT] Regime: bear_trend | Kracht: 60% | Bearish trend — ADX=30, EMA stack 
bearish
[SOL/USDT] Regime: bear_trend | Kracht: 69% | Bearish trend — ADX=34, EMA stack 
bearish

──────────────────────────── Cyclus #20 — 00:59:12 ─────────────────────────────
Portfolio: $979.06  PnL: -2.09%  DD: 2.2%  Posities: 0  Trades: 39  WR: 
35.5%(51.2%+TP)
⚠ Throttle: 75% — streak=-2
Sentiment: neutraal (-0.10) | F&G: -0.16 | Nieuws: +0.00
[BTC/USDT] Regime: bear_trend | Kracht: 66% | Bearish trend — ADX=33, EMA stack 
bearish
[ETH/USDT] Regime: bear_trend | Kracht: 60% | Bearish trend — ADX=30, EMA stack 
bearish
[SOL/USDT] Regime: bear_trend | Kracht: 69% | Bearish trend — ADX=34, EMA stack 
bearish

──────────────────────────── Cyclus #21 — 01:00:24 ─────────────────────────────
Portfolio: $979.06  PnL: -2.09%  DD: 2.2%  Posities: 0  Trades: 39  WR: 
35.5%(51.2%+TP)
⚠ Throttle: 75% — streak=-2
Sentiment: neutraal (-0.10) | F&G: -0.16 | Nieuws: +0.00
[BTC/USDT] Regime: bear_trend | Kracht: 67% | Bearish trend — ADX=34, EMA stack 
bearish
[ETH/USDT] Regime: bear_trend | Kracht: 60% | Bearish trend — ADX=30, EMA stack 
bearish
[SOL/USDT] Regime: bear_trend | Kracht: 71% | Bearish trend — ADX=35, EMA stack 
bearish

──────────────────────────── Cyclus #22 — 01:01:32 ─────────────────────────────
Portfolio: $979.06  PnL: -2.09%  DD: 2.2%  Posities: 0  Trades: 39  WR: 
35.5%(51.2%+TP)
⚠ Throttle: 75% — streak=-2
Sentiment: neutraal (-0.10) | F&G: -0.16 | Nieuws: +0.00
[BTC/USDT] Regime: bear_trend | Kracht: 67% | Bearish trend — ADX=33, EMA stack 
bearish
[ETH/USDT] Regime: bear_trend | Kracht: 60% | Bearish trend — ADX=30, EMA stack 
bearish
[SOL/USDT] Regime: bear_trend | Kracht: 71% | Bearish trend — ADX=35, EMA stack 
bearish

──────────────────────────── Cyclus #23 — 01:02:40 ─────────────────────────────
Portfolio: $979.06  PnL: -2.09%  DD: 2.2%  Posities: 0  Trades: 39  WR: 
35.5%(51.2%+TP)
⚠ Throttle: 75% — streak=-2
Sentiment: neutraal (-0.10) | F&G: -0.16 | Nieuws: +0.00
[BTC/USDT] Regime: bear_trend | Kracht: 67% | Bearish trend — ADX=33, EMA stack 
bearish
[ETH/USDT] Regime: bear_trend | Kracht: 60% | Bearish trend — ADX=30, EMA stack 
bearish
[SOL/USDT] Regime: bear_trend | Kracht: 71% | Bearish trend — ADX=35, EMA stack 
bearish

──────────────────────────── Cyclus #24 — 01:03:48 ─────────────────────────────
Portfolio: $979.06  PnL: -2.09%  DD: 2.2%  Posities: 0  Trades: 39  WR: 
35.5%(51.2%+TP)
⚠ Throttle: 75% — streak=-2
Sentiment: neutraal (-0.10) | F&G: -0.16 | Nieuws: +0.00
[BTC/USDT] Regime: bear_trend | Kracht: 67% | Bearish trend — ADX=33, EMA stack 
bearish
[ETH/USDT] Regime: bear_trend | Kracht: 60% | Bearish trend — ADX=30, EMA stack 
bearish
[SOL/USDT] Regime: bear_trend | Kracht: 71% | Bearish trend — ADX=35, EMA stack 
bearish

──────────────────────────── Cyclus #25 — 01:04:56 ─────────────────────────────
Portfolio: $979.06  PnL: -2.09%  DD: 2.2%  Posities: 0  Trades: 39  WR: 
35.5%(51.2%+TP)
⚠ Throttle: 75% — streak=-2
Sentiment: neutraal (-0.10) | F&G: -0.16 | Nieuws: +0.00
[BTC/USDT] Regime: bear_trend | Kracht: 67% | Bearish trend — ADX=33, EMA stack 
bearish
[ETH/USDT] Regime: bear_trend | Kracht: 60% | Bearish trend — ADX=30, EMA stack 
bearish
[SOL/USDT] Regime: bear_trend | Kracht: 71% | Bearish trend — ADX=35, EMA stack 
bearish

──────────────────────────── Cyclus #26 — 01:06:08 ─────────────────────────────
Portfolio: $979.06  PnL: -2.09%  DD: 2.2%  Posities: 0  Trades: 39  WR: 
35.5%(51.2%+TP)
⚠ Throttle: 75% — streak=-2
Sentiment: neutraal (-0.10) | F&G: -0.16 | Nieuws: +0.00
[BTC/USDT] Regime: bear_trend | Kracht: 67% | Bearish trend — ADX=33, EMA stack 
bearish
[ETH/USDT] Regime: bear_trend | Kracht: 60% | Bearish trend — ADX=30, EMA stack 
bearish
[SOL/USDT] Regime: bear_trend | Kracht: 71% | Bearish trend — ADX=35, EMA stack 
bearish

──────────────────────────── Cyclus #27 — 01:07:16 ─────────────────────────────
Portfolio: $979.06  PnL: -2.09%  DD: 2.2%  Posities: 0  Trades: 39  WR: 
35.5%(51.2%+TP)
⚠ Throttle: 75% — streak=-2
Sentiment: neutraal (-0.10) | F&G: -0.16 | Nieuws: +0.00
[BTC/USDT] Regime: bear_trend | Kracht: 67% | Bearish trend — ADX=33, EMA stack 
bearish
[ETH/USDT] Regime: bear_trend | Kracht: 60% | Bearish trend — ADX=30, EMA stack 
bearish
[SOL/USDT] Regime: bear_trend | Kracht: 71% | Bearish trend — ADX=35, EMA stack 
bearish

──────────────────────────── Cyclus #28 — 01:08:24 ─────────────────────────────
Portfolio: $979.06  PnL: -2.09%  DD: 2.2%  Posities: 0  Trades: 39  WR: 
35.5%(51.2%+TP)
⚠ Throttle: 75% — streak=-2
Sentiment: neutraal (-0.10) | F&G: -0.16 | Nieuws: +0.00
[BTC/USDT] Regime: bear_trend | Kracht: 67% | Bearish trend — ADX=33, EMA stack 
bearish
[ETH/USDT] Regime: bear_trend | Kracht: 60% | Bearish trend — ADX=30, EMA stack 
bearish
[SOL/USDT] Regime: bear_trend | Kracht: 71% | Bearish trend — ADX=35, EMA stack 
bearish

──────────────────────────── Cyclus #29 — 01:09:32 ─────────────────────────────
Portfolio: $979.06  PnL: -2.09%  DD: 2.2%  Posities: 0  Trades: 39  WR: 
35.5%(51.2%+TP)
⚠ Throttle: 75% — streak=-2
Sentiment: neutraal (-0.10) | F&G: -0.16 | Nieuws: +0.00
[BTC/USDT] Regime: bear_trend | Kracht: 67% | Bearish trend — ADX=33, EMA stack 
bearish
[ETH/USDT] Regime: bear_trend | Kracht: 60% | Bearish trend — ADX=30, EMA stack 
bearish
[SOL/USDT] Regime: bear_trend | Kracht: 71% | Bearish trend — ADX=35, EMA stack 
bearish

──────────────────────────── Cyclus #30 — 01:10:41 ─────────────────────────────
Portfolio: $979.06  PnL: -2.09%  DD: 2.2%  Posities: 0  Trades: 39  WR: 
35.5%(51.2%+TP)
⚠ Throttle: 75% — streak=-2
Sentiment: neutraal (-0.10) | F&G: -0.16 | Nieuws: +0.00
[BTC/USDT] Regime: bear_trend | Kracht: 67% | Bearish trend — ADX=33, EMA stack 
bearish
[ETH/USDT] Regime: bear_trend | Kracht: 60% | Bearish trend — ADX=30, EMA stack 
bearish
[SOL/USDT] Regime: bear_trend | Kracht: 71% | Bearish trend — ADX=35, EMA stack 
bearish

──────────────────────────── Cyclus #31 — 01:11:54 ─────────────────────────────
Portfolio: $979.06  PnL: -2.09%  DD: 2.2%  Posities: 0  Trades: 39  WR: 
35.5%(51.2%+TP)
⚠ Throttle: 75% — streak=-2
Sentiment: neutraal (-0.10) | F&G: -0.16 | Nieuws: +0.00
[BTC/USDT] Regime: bear_trend | Kracht: 67% | Bearish trend — ADX=33, EMA stack 
bearish
[ETH/USDT] Regime: bear_trend | Kracht: 60% | Bearish trend — ADX=30, EMA stack 
bearish
[SOL/USDT] Regime: bear_trend | Kracht: 71% | Bearish trend — ADX=35, EMA stack 
bearish

──────────────────────────── Cyclus #32 — 01:13:02 ─────────────────────────────
Portfolio: $979.06  PnL: -2.09%  DD: 2.2%  Posities: 0  Trades: 39  WR: 
35.5%(51.2%+TP)
⚠ Throttle: 75% — streak=-2
Sentiment: neutraal (-0.10) | F&G: -0.16 | Nieuws: +0.00
[BTC/USDT] Regime: bear_trend | Kracht: 67% | Bearish trend — ADX=33, EMA stack 
bearish
[ETH/USDT] Regime: bear_trend | Kracht: 60% | Bearish trend — ADX=30, EMA stack 
bearish
[SOL/USDT] Regime: bear_trend | Kracht: 71% | Bearish trend — ADX=35, EMA stack 
bearish

──────────────────────────── Cyclus #33 — 01:14:10 ─────────────────────────────
Portfolio: $979.06  PnL: -2.09%  DD: 2.2%  Posities: 0  Trades: 39  WR: 
35.5%(51.2%+TP)
⚠ Throttle: 75% — streak=-2
Sentiment: neutraal (-0.10) | F&G: -0.16 | Nieuws: +0.00
[BTC/USDT] Regime: bear_trend | Kracht: 67% | Bearish trend — ADX=33, EMA stack 
bearish
[ETH/USDT] Regime: bear_trend | Kracht: 60% | Bearish trend — ADX=30, EMA stack 
bearish
[SOL/USDT] Regime: bear_trend | Kracht: 70% | Bearish trend — ADX=35, EMA stack 
bearish

──────────────────────────── Cyclus #34 — 01:15:18 ─────────────────────────────
Portfolio: $979.06  PnL: -2.09%  DD: 2.2%  Posities: 0  Trades: 39  WR: 
35.5%(51.2%+TP)
⚠ Throttle: 75% — streak=-2
Sentiment: neutraal (-0.10) | F&G: -0.16 | Nieuws: +0.00
[BTC/USDT] Regime: bear_trend | Kracht: 67% | Bearish trend — ADX=33, EMA stack 
bearish
[ETH/USDT] Regime: bear_trend | Kracht: 60% | Bearish trend — ADX=30, EMA stack 
bearish
[SOL/USDT] Regime: bear_trend | Kracht: 70% | Bearish trend — ADX=35, EMA stack 
bearish

──────────────────────────── Cyclus #35 — 01:16:27 ─────────────────────────────
Portfolio: $979.06  PnL: -2.09%  DD: 2.2%  Posities: 0  Trades: 39  WR: 
35.5%(51.2%+TP)
⚠ Throttle: 75% — streak=-2
Sentiment: neutraal (-0.10) | F&G: -0.16 | Nieuws: +0.00
[BTC/USDT] Regime: bear_trend | Kracht: 67% | Bearish trend — ADX=33, EMA stack 
bearish
[ETH/USDT] Regime: bear_trend | Kracht: 60% | Bearish trend — ADX=30, EMA stack 
bearish
[SOL/USDT] Regime: bear_trend | Kracht: 70% | Bearish trend — ADX=35, EMA stack 
bearish

──────────────────────────── Cyclus #36 — 01:17:38 ─────────────────────────────
Portfolio: $979.06  PnL: -2.09%  DD: 2.2%  Posities: 0  Trades: 39  WR: 
35.5%(51.2%+TP)
⚠ Throttle: 75% — streak=-2
Sentiment: neutraal (-0.10) | F&G: -0.16 | Nieuws: +0.00
[BTC/USDT] Regime: bear_trend | Kracht: 67% | Bearish trend — ADX=33, EMA stack 
bearish
[ETH/USDT] Regime: bear_trend | Kracht: 60% | Bearish trend — ADX=30, EMA stack 
bearish
[SOL/USDT] Regime: bear_trend | Kracht: 70% | Bearish trend — ADX=35, EMA stack 
bearish

──────────────────────────── Cyclus #37 — 01:18:46 ─────────────────────────────
Portfolio: $979.06  PnL: -2.09%  DD: 2.2%  Posities: 0  Trades: 39  WR: 
35.5%(51.2%+TP)
⚠ Throttle: 75% — streak=-2
Sentiment: neutraal (-0.10) | F&G: -0.16 | Nieuws: +0.00
[BTC/USDT] Regime: bear_trend | Kracht: 67% | Bearish trend — ADX=33, EMA stack 
bearish
[ETH/USDT] Regime: bear_trend | Kracht: 60% | Bearish trend — ADX=30, EMA stack 
bearish
[SOL/USDT] Regime: bear_trend | Kracht: 70% | Bearish trend — ADX=35, EMA stack 
bearish

──────────────────────────── Cyclus #38 — 01:19:54 ─────────────────────────────
Portfolio: $979.06  PnL: -2.09%  DD: 2.2%  Posities: 0  Trades: 39  WR: 
35.5%(51.2%+TP)
⚠ Throttle: 75% — streak=-2
Sentiment: neutraal (-0.10) | F&G: -0.16 | Nieuws: +0.00
[BTC/USDT] Regime: bear_trend | Kracht: 67% | Bearish trend — ADX=33, EMA stack 
bearish
[ETH/USDT] Regime: bear_trend | Kracht: 60% | Bearish trend — ADX=30, EMA stack 
bearish
[SOL/USDT] Regime: bear_trend | Kracht: 70% | Bearish trend — ADX=35, EMA stack 
bearish

──────────────────────────── Cyclus #39 — 01:21:02 ─────────────────────────────
Portfolio: $979.06  PnL: -2.09%  DD: 2.2%  Posities: 0  Trades: 39  WR: 
35.5%(51.2%+TP)
⚠ Throttle: 75% — streak=-2
Sentiment: neutraal (-0.10) | F&G: -0.16 | Nieuws: +0.00
[BTC/USDT] Regime: bear_trend | Kracht: 67% | Bearish trend — ADX=33, EMA stack 
bearish
[ETH/USDT] Regime: bear_trend | Kracht: 60% | Bearish trend — ADX=30, EMA stack 
bearish
[SOL/USDT] Regime: bear_trend | Kracht: 70% | Bearish trend — ADX=35, EMA stack 
bearish

──────────────────────────── Cyclus #40 — 01:22:10 ─────────────────────────────
Portfolio: $979.06  PnL: -2.09%  DD: 2.2%  Posities: 0  Trades: 39  WR: 
35.5%(51.2%+TP)
⚠ Throttle: 75% — streak=-2
Sentiment: neutraal (-0.10) | F&G: -0.16 | Nieuws: +0.00
[BTC/USDT] Regime: bear_trend | Kracht: 67% | Bearish trend — ADX=33, EMA stack 
bearish
[ETH/USDT] Regime: bear_trend | Kracht: 60% | Bearish trend — ADX=30, EMA stack 
bearish
[SOL/USDT] Regime: bear_trend | Kracht: 70% | Bearish trend — ADX=35, EMA stack 
bearish

──────────────────────────── Cyclus #41 — 01:23:22 ─────────────────────────────
Portfolio: $979.06  PnL: -2.09%  DD: 2.2%  Posities: 0  Trades: 39  WR: 
35.5%(51.2%+TP)
⚠ Throttle: 75% — streak=-2
Sentiment: neutraal (-0.10) | F&G: -0.16 | Nieuws: +0.00
[BTC/USDT] Regime: bear_trend | Kracht: 67% | Bearish trend — ADX=33, EMA stack 
bearish
[ETH/USDT] Regime: bear_trend | Kracht: 60% | Bearish trend — ADX=30, EMA stack 
bearish
[SOL/USDT] Regime: bear_trend | Kracht: 70% | Bearish trend — ADX=35, EMA stack 
bearish

──────────────────────────── Cyclus #42 — 01:24:30 ─────────────────────────────
Portfolio: $979.06  PnL: -2.09%  DD: 2.2%  Posities: 0  Trades: 39  WR: 
35.5%(51.2%+TP)
⚠ Throttle: 75% — streak=-2
Sentiment: neutraal (-0.10) | F&G: -0.16 | Nieuws: +0.00
[BTC/USDT] Regime: bear_trend | Kracht: 67% | Bearish trend — ADX=33, EMA stack 
bearish
[ETH/USDT] Regime: bear_trend | Kracht: 60% | Bearish trend — ADX=30, EMA stack 
bearish
[SOL/USDT] Regime: bear_trend | Kracht: 70% | Bearish trend — ADX=35, EMA stack 
bearish

──────────────────────────── Cyclus #43 — 01:25:38 ─────────────────────────────
Portfolio: $979.06  PnL: -2.09%  DD: 2.2%  Posities: 0  Trades: 39  WR: 
35.5%(51.2%+TP)
⚠ Throttle: 75% — streak=-2
Sentiment: neutraal (-0.10) | F&G: -0.16 | Nieuws: +0.00
[BTC/USDT] Regime: bear_trend | Kracht: 67% | Bearish trend — ADX=33, EMA stack 
bearish
[ETH/USDT] Regime: bear_trend | Kracht: 60% | Bearish trend — ADX=30, EMA stack 
bearish
[SOL/USDT] Regime: bear_trend | Kracht: 70% | Bearish trend — ADX=35, EMA stack 
bearish

──────────────────────────── Cyclus #44 — 01:26:46 ─────────────────────────────
Portfolio: $979.06  PnL: -2.09%  DD: 2.2%  Posities: 0  Trades: 39  WR: 
35.5%(51.2%+TP)
⚠ Throttle: 75% — streak=-2
Sentiment: neutraal (-0.10) | F&G: -0.16 | Nieuws: +0.00
[BTC/USDT] Regime: bear_trend | Kracht: 67% | Bearish trend — ADX=33, EMA stack 
bearish
[ETH/USDT] Regime: bear_trend | Kracht: 60% | Bearish trend — ADX=30, EMA stack 
bearish
[SOL/USDT] Regime: bear_trend | Kracht: 70% | Bearish trend — ADX=35, EMA stack 
bearish

──────────────────────────── Cyclus #45 — 01:27:54 ─────────────────────────────
Portfolio: $979.06  PnL: -2.09%  DD: 2.2%  Posities: 0  Trades: 39  WR: 
35.5%(51.2%+TP)
⚠ Throttle: 75% — streak=-2
Sentiment: neutraal (-0.10) | F&G: -0.16 | Nieuws: +0.00
[BTC/USDT] Regime: bear_trend | Kracht: 67% | Bearish trend — ADX=33, EMA stack 
bearish
[ETH/USDT] Regime: bear_trend | Kracht: 60% | Bearish trend — ADX=30, EMA stack 
bearish
[SOL/USDT] Regime: bear_trend | Kracht: 70% | Bearish trend — ADX=35, EMA stack 
bearish

──────────────────────────── Cyclus #46 — 01:29:06 ─────────────────────────────
Portfolio: $979.06  PnL: -2.09%  DD: 2.2%  Posities: 0  Trades: 39  WR: 
35.5%(51.2%+TP)
⚠ Throttle: 75% — streak=-2
Sentiment: neutraal (-0.10) | F&G: -0.16 | Nieuws: +0.00
[BTC/USDT] Regime: bear_trend | Kracht: 67% | Bearish trend — ADX=33, EMA stack 
bearish
[ETH/USDT] Regime: bear_trend | Kracht: 60% | Bearish trend — ADX=30, EMA stack 
bearish
[SOL/USDT] Regime: bear_trend | Kracht: 70% | Bearish trend — ADX=35, EMA stack 
bearish

──────────────────────────── Cyclus #47 — 01:30:14 ─────────────────────────────
Portfolio: $979.06  PnL: -2.09%  DD: 2.2%  Posities: 0  Trades: 39  WR: 
35.5%(51.2%+TP)
⚠ Throttle: 75% — streak=-2
Sentiment: neutraal (-0.10) | F&G: -0.16 | Nieuws: +0.00
[BTC/USDT] Regime: bear_trend | Kracht: 67% | Bearish trend — ADX=33, EMA stack 
bearish
[ETH/USDT] Regime: bear_trend | Kracht: 60% | Bearish trend — ADX=30, EMA stack 
bearish
[SOL/USDT] Regime: bear_trend | Kracht: 70% | Bearish trend — ADX=35, EMA stack 
bearish

──────────────────────────── Cyclus #48 — 01:31:22 ─────────────────────────────
Portfolio: $979.06  PnL: -2.09%  DD: 2.2%  Posities: 0  Trades: 39  WR: 
35.5%(51.2%+TP)
⚠ Throttle: 75% — streak=-2
Sentiment: neutraal (-0.10) | F&G: -0.16 | Nieuws: +0.00
[BTC/USDT] Regime: bear_trend | Kracht: 67% | Bearish trend — ADX=33, EMA stack 
bearish
[ETH/USDT] Regime: bear_trend | Kracht: 60% | Bearish trend — ADX=30, EMA stack 
bearish
[SOL/USDT] Regime: bear_trend | Kracht: 70% | Bearish trend — ADX=35, EMA stack 
bearish

──────────────────────────── Cyclus #49 — 01:32:29 ─────────────────────────────
Portfolio: $979.06  PnL: -2.09%  DD: 2.2%  Posities: 0  Trades: 39  WR: 
35.5%(51.2%+TP)
⚠ Throttle: 75% — streak=-2
Sentiment: neutraal (-0.10) | F&G: -0.16 | Nieuws: +0.00
[BTC/USDT] Regime: bear_trend | Kracht: 67% | Bearish trend — ADX=33, EMA stack 
bearish
[ETH/USDT] Regime: bear_trend | Kracht: 60% | Bearish trend — ADX=30, EMA stack 
bearish
[SOL/USDT] Regime: bear_trend | Kracht: 70% | Bearish trend — ADX=35, EMA stack 
bearish

──────────────────────────── Cyclus #50 — 01:33:37 ─────────────────────────────
Portfolio: $979.06  PnL: -2.09%  DD: 2.2%  Posities: 0  Trades: 39  WR: 
35.5%(51.2%+TP)
⚠ Throttle: 75% — streak=-2
Sentiment: neutraal (-0.10) | F&G: -0.16 | Nieuws: +0.00
[BTC/USDT] Regime: bear_trend | Kracht: 67% | Bearish trend — ADX=33, EMA stack 
bearish
[ETH/USDT] Regime: bear_trend | Kracht: 60% | Bearish trend — ADX=30, EMA stack 
bearish
[SOL/USDT] Regime: bear_trend | Kracht: 70% | Bearish trend — ADX=35, EMA stack 
bearish

──────────────────────────── Cyclus #51 — 01:34:49 ─────────────────────────────
Portfolio: $979.06  PnL: -2.09%  DD: 2.2%  Posities: 0  Trades: 39  WR: 
35.5%(51.2%+TP)
⚠ Throttle: 75% — streak=-2
Sentiment: neutraal (-0.10) | F&G: -0.16 | Nieuws: +0.00
[BTC/USDT] Regime: bear_trend | Kracht: 67% | Bearish trend — ADX=33, EMA stack 
bearish
[ETH/USDT] Regime: bear_trend | Kracht: 60% | Bearish trend — ADX=30, EMA stack 
bearish
[SOL/USDT] Regime: bear_trend | Kracht: 70% | Bearish trend — ADX=35, EMA stack 
bearish

──────────────────────────── Cyclus #52 — 01:35:57 ─────────────────────────────
Portfolio: $979.06  PnL: -2.09%  DD: 2.2%  Posities: 0  Trades: 39  WR: 
35.5%(51.2%+TP)
⚠ Throttle: 75% — streak=-2
Sentiment: neutraal (-0.10) | F&G: -0.16 | Nieuws: +0.00
[BTC/USDT] Regime: bear_trend | Kracht: 67% | Bearish trend — ADX=33, EMA stack 
bearish
[ETH/USDT] Regime: bear_trend | Kracht: 60% | Bearish trend — ADX=30, EMA stack 
bearish
[SOL/USDT] Regime: bear_trend | Kracht: 70% | Bearish trend — ADX=35, EMA stack 
bearish

──────────────────────────── Cyclus #53 — 01:37:05 ─────────────────────────────
Portfolio: $979.06  PnL: -2.09%  DD: 2.2%  Posities: 0  Trades: 39  WR: 
35.5%(51.2%+TP)
⚠ Throttle: 75% — streak=-2
Sentiment: neutraal (-0.10) | F&G: -0.16 | Nieuws: +0.00
[BTC/USDT] Regime: bear_trend | Kracht: 67% | Bearish trend — ADX=33, EMA stack 
bearish
[ETH/USDT] Regime: bear_trend | Kracht: 60% | Bearish trend — ADX=30, EMA stack 
bearish
[SOL/USDT] Regime: bear_trend | Kracht: 70% | Bearish trend — ADX=35, EMA stack 
bearish

──────────────────────────── Cyclus #54 — 01:38:12 ─────────────────────────────
Portfolio: $979.06  PnL: -2.09%  DD: 2.2%  Posities: 0  Trades: 39  WR: 
35.5%(51.2%+TP)
⚠ Throttle: 75% — streak=-2
Sentiment: neutraal (-0.10) | F&G: -0.16 | Nieuws: +0.00
[BTC/USDT] Regime: bear_trend | Kracht: 67% | Bearish trend — ADX=33, EMA stack 
bearish
[ETH/USDT] Regime: bear_trend | Kracht: 60% | Bearish trend — ADX=30, EMA stack 
bearish
[SOL/USDT] Regime: bear_trend | Kracht: 70% | Bearish trend — ADX=35, EMA stack 
bearish

──────────────────────────── Cyclus #55 — 01:39:20 ─────────────────────────────
Portfolio: $979.06  PnL: -2.09%  DD: 2.2%  Posities: 0  Trades: 39  WR: 
35.5%(51.2%+TP)
⚠ Throttle: 75% — streak=-2
Sentiment: neutraal (-0.10) | F&G: -0.16 | Nieuws: +0.00
[BTC/USDT] Regime: bear_trend | Kracht: 67% | Bearish trend — ADX=33, EMA stack 
bearish
[ETH/USDT] Regime: bear_trend | Kracht: 60% | Bearish trend — ADX=30, EMA stack 
bearish
[SOL/USDT] Regime: bear_trend | Kracht: 70% | Bearish trend — ADX=35, EMA stack 
bearish

──────────────────────────── Cyclus #56 — 01:40:32 ─────────────────────────────
Portfolio: $979.06  PnL: -2.09%  DD: 2.2%  Posities: 0  Trades: 39  WR: 
35.5%(51.2%+TP)
⚠ Throttle: 75% — streak=-2
Sentiment: neutraal (-0.10) | F&G: -0.16 | Nieuws: +0.00
[BTC/USDT] Regime: bear_trend | Kracht: 67% | Bearish trend — ADX=33, EMA stack 
bearish
[ETH/USDT] Regime: bear_trend | Kracht: 60% | Bearish trend — ADX=30, EMA stack 
bearish
[SOL/USDT] Regime: bear_trend | Kracht: 70% | Bearish trend — ADX=35, EMA stack 
bearish

──────────────────────────── Cyclus #57 — 01:41:39 ─────────────────────────────
Portfolio: $979.06  PnL: -2.09%  DD: 2.2%  Posities: 0  Trades: 39  WR: 
35.5%(51.2%+TP)
⚠ Throttle: 75% — streak=-2
Sentiment: neutraal (-0.10) | F&G: -0.16 | Nieuws: +0.00
[BTC/USDT] Regime: bear_trend | Kracht: 67% | Bearish trend — ADX=33, EMA stack 
bearish
[ETH/USDT] Regime: bear_trend | Kracht: 60% | Bearish trend — ADX=30, EMA stack 
bearish
[SOL/USDT] Regime: bear_trend | Kracht: 70% | Bearish trend — ADX=35, EMA stack 
bearish

──────────────────────────── Cyclus #58 — 01:42:47 ─────────────────────────────
Portfolio: $979.06  PnL: -2.09%  DD: 2.2%  Posities: 0  Trades: 39  WR: 
35.5%(51.2%+TP)
⚠ Throttle: 75% — streak=-2
Sentiment: neutraal (-0.10) | F&G: -0.16 | Nieuws: +0.00
[BTC/USDT] Regime: bear_trend | Kracht: 67% | Bearish trend — ADX=33, EMA stack 
bearish
[ETH/USDT] Regime: bear_trend | Kracht: 60% | Bearish trend — ADX=30, EMA stack 
bearish
[SOL/USDT] Regime: bear_trend | Kracht: 70% | Bearish trend — ADX=35, EMA stack 
bearish

──────────────────────────── Cyclus #59 — 01:43:55 ─────────────────────────────
Portfolio: $979.06  PnL: -2.09%  DD: 2.2%  Posities: 0  Trades: 39  WR: 
35.5%(51.2%+TP)
⚠ Throttle: 75% — streak=-2
Sentiment: neutraal (-0.10) | F&G: -0.16 | Nieuws: +0.00
[BTC/USDT] Regime: bear_trend | Kracht: 67% | Bearish trend — ADX=33, EMA stack 
bearish
[ETH/USDT] Regime: bear_trend | Kracht: 60% | Bearish trend — ADX=30, EMA stack 
bearish
[SOL/USDT] Regime: bear_trend | Kracht: 70% | Bearish trend — ADX=35, EMA stack 
bearish

──────────────────────────── Cyclus #60 — 01:45:04 ─────────────────────────────
Portfolio: $979.06  PnL: -2.09%  DD: 2.2%  Posities: 0  Trades: 39  WR: 
35.5%(51.2%+TP)
⚠ Throttle: 75% — streak=-2
Sentiment: neutraal (-0.10) | F&G: -0.16 | Nieuws: +0.00
[BTC/USDT] Regime: bear_trend | Kracht: 67% | Bearish trend — ADX=33, EMA stack 
bearish
[ETH/USDT] Regime: bear_trend | Kracht: 60% | Bearish trend — ADX=30, EMA stack 
bearish
[SOL/USDT] Regime: bear_trend | Kracht: 70% | Bearish trend — ADX=35, EMA stack 
bearish

──────────────────────────── Cyclus #61 — 01:46:17 ─────────────────────────────
Portfolio: $979.06  PnL: -2.09%  DD: 2.2%  Posities: 0  Trades: 39  WR: 
35.5%(51.2%+TP)
⚠ Throttle: 75% — streak=-2
Sentiment: Neutraal (-0.10) | F&G: -0.16 | Nieuws: +0.00
[BTC/USDT] Regime: bear_trend | Kracht: 67% | Bearish trend — ADX=33, EMA stack 
bearish
[ETH/USDT] Regime: bear_trend | Kracht: 60% | Bearish trend — ADX=30, EMA stack 
bearish
[SOL/USDT] Regime: bear_trend | Kracht: 70% | Bearish trend — ADX=35, EMA stack 
bearish

──────────────────────────── Cyclus #62 — 01:47:25 ─────────────────────────────
Portfolio: $979.06  PnL: -2.09%  DD: 2.2%  Posities: 0  Trades: 39  WR: 
35.5%(51.2%+TP)
⚠ Throttle: 75% — streak=-2
Sentiment: Neutraal (-0.10) | F&G: -0.16 | Nieuws: +0.00
[BTC/USDT] Regime: bear_trend | Kracht: 67% | Bearish trend — ADX=33, EMA stack 
bearish
[ETH/USDT] Regime: bear_trend | Kracht: 60% | Bearish trend — ADX=30, EMA stack 
bearish
[SOL/USDT] Regime: bear_trend | Kracht: 70% | Bearish trend — ADX=35, EMA stack 
bearish

──────────────────────────── Cyclus #63 — 01:48:34 ─────────────────────────────
Portfolio: $979.06  PnL: -2.09%  DD: 2.2%  Posities: 0  Trades: 39  WR: 
35.5%(51.2%+TP)
⚠ Throttle: 75% — streak=-2
Sentiment: Neutraal (-0.10) | F&G: -0.16 | Nieuws: +0.00
[BTC/USDT] Regime: bear_trend | Kracht: 67% | Bearish trend — ADX=33, EMA stack 
bearish
[ETH/USDT] Regime: bear_trend | Kracht: 60% | Bearish trend — ADX=30, EMA stack 
bearish
[SOL/USDT] Regime: bear_trend | Kracht: 70% | Bearish trend — ADX=35, EMA stack 
bearish

──────────────────────────── Cyclus #64 — 01:49:42 ─────────────────────────────
Portfolio: $979.06  PnL: -2.09%  DD: 2.2%  Posities: 0  Trades: 39  WR: 
35.5%(51.2%+TP)
⚠ Throttle: 75% — streak=-2
Sentiment: Neutraal (-0.10) | F&G: -0.16 | Nieuws: +0.00
[BTC/USDT] Regime: bear_trend | Kracht: 67% | Bearish trend — ADX=33, EMA stack 
bearish
[ETH/USDT] Regime: bear_trend | Kracht: 60% | Bearish trend — ADX=30, EMA stack 
bearish
[SOL/USDT] Regime: bear_trend | Kracht: 70% | Bearish trend — ADX=35, EMA stack 
bearish

──────────────────────────── Cyclus #65 — 01:50:50 ─────────────────────────────
Portfolio: $979.06  PnL: -2.09%  DD: 2.2%  Posities: 0  Trades: 39  WR: 
35.5%(51.2%+TP)
⚠ Throttle: 75% — streak=-2
Sentiment: Neutraal (-0.10) | F&G: -0.16 | Nieuws: +0.00
[BTC/USDT] Regime: bear_trend | Kracht: 67% | Bearish trend — ADX=33, EMA stack 
bearish
[ETH/USDT] Regime: bear_trend | Kracht: 60% | Bearish trend — ADX=30, EMA stack 
bearish
[SOL/USDT] Regime: bear_trend | Kracht: 70% | Bearish trend — ADX=35, EMA stack 
bearish

──────────────────────────── Cyclus #66 — 01:52:02 ─────────────────────────────
Portfolio: $979.06  PnL: -2.09%  DD: 2.2%  Posities: 0  Trades: 39  WR: 
35.5%(51.2%+TP)
⚠ Throttle: 75% — streak=-2
Sentiment: Neutraal (-0.10) | F&G: -0.16 | Nieuws: +0.00
[BTC/USDT] Regime: bear_trend | Kracht: 67% | Bearish trend — ADX=33, EMA stack 
bearish
[ETH/USDT] Regime: bear_trend | Kracht: 60% | Bearish trend — ADX=30, EMA stack 
bearish
[SOL/USDT] Regime: bear_trend | Kracht: 70% | Bearish trend — ADX=35, EMA stack 
bearish

──────────────────────────── Cyclus #67 — 01:53:10 ─────────────────────────────
Portfolio: $979.06  PnL: -2.09%  DD: 2.2%  Posities: 0  Trades: 39  WR: 
35.5%(51.2%+TP)
⚠ Throttle: 75% — streak=-2
Sentiment: Neutraal (-0.10) | F&G: -0.16 | Nieuws: +0.00
[BTC/USDT] Regime: bear_trend | Kracht: 67% | Bearish trend — ADX=33, EMA stack 
bearish
[ETH/USDT] Regime: bear_trend | Kracht: 60% | Bearish trend — ADX=30, EMA stack 
bearish
[SOL/USDT] Regime: bear_trend | Kracht: 70% | Bearish trend — ADX=35, EMA stack 
bearish

──────────────────────────── Cyclus #68 — 01:54:18 ─────────────────────────────
Portfolio: $979.06  PnL: -2.09%  DD: 2.2%  Posities: 0  Trades: 39  WR: 
35.5%(51.2%+TP)
⚠ Throttle: 75% — streak=-2
Sentiment: Neutraal (-0.10) | F&G: -0.16 | Nieuws: +0.00
[BTC/USDT] Regime: bear_trend | Kracht: 67% | Bearish trend — ADX=33, EMA stack 
bearish
[ETH/USDT] Regime: bear_trend | Kracht: 60% | Bearish trend — ADX=30, EMA stack 
bearish
[SOL/USDT] Regime: bear_trend | Kracht: 70% | Bearish trend — ADX=35, EMA stack 
bearish

──────────────────────────── Cyclus #69 — 01:55:26 ─────────────────────────────
Portfolio: $979.06  PnL: -2.09%  DD: 2.2%  Posities: 0  Trades: 39  WR: 
35.5%(51.2%+TP)
⚠ Throttle: 75% — streak=-2
Sentiment: Neutraal (-0.10) | F&G: -0.16 | Nieuws: +0.00
[BTC/USDT] Regime: bear_trend | Kracht: 67% | Bearish trend — ADX=33, EMA stack 
bearish
[ETH/USDT] Regime: bear_trend | Kracht: 60% | Bearish trend — ADX=30, EMA stack 
bearish
[SOL/USDT] Regime: bear_trend | Kracht: 70% | Bearish trend — ADX=35, EMA stack 
bearish

──────────────────────────── Cyclus #70 — 01:56:35 ─────────────────────────────
Portfolio: $979.06  PnL: -2.09%  DD: 2.2%  Posities: 0  Trades: 39  WR: 
35.5%(51.2%+TP)
⚠ Throttle: 75% — streak=-2
Sentiment: Neutraal (-0.10) | F&G: -0.16 | Nieuws: +0.00
[BTC/USDT] Regime: bear_trend | Kracht: 67% | Bearish trend — ADX=33, EMA stack 
bearish
[ETH/USDT] Regime: bear_trend | Kracht: 60% | Bearish trend — ADX=30, EMA stack 
bearish
[SOL/USDT] Regime: bear_trend | Kracht: 70% | Bearish trend — ADX=35, EMA stack 
bearish

──────────────────────────── Cyclus #71 — 01:57:47 ─────────────────────────────
Portfolio: $979.06  PnL: -2.09%  DD: 2.2%  Posities: 0  Trades: 39  WR: 
35.5%(51.2%+TP)
⚠ Throttle: 75% — streak=-2
Sentiment: neutraal (-0.10) | F&G: -0.16 | Nieuws: +0.00
[BTC/USDT] Regime: bear_trend | Kracht: 67% | Bearish trend — ADX=33, EMA stack 
bearish
[ETH/USDT] Regime: bear_trend | Kracht: 60% | Bearish trend — ADX=30, EMA stack 
bearish
[SOL/USDT] Regime: bear_trend | Kracht: 70% | Bearish trend — ADX=35, EMA stack 
bearish

──────────────────────────── Cyclus #72 — 01:58:55 ─────────────────────────────
Portfolio: $979.06  PnL: -2.09%  DD: 2.2%  Posities: 0  Trades: 39  WR: 
35.5%(51.2%+TP)
⚠ Throttle: 75% — streak=-2
Sentiment: neutraal (-0.10) | F&G: -0.16 | Nieuws: +0.00
[BTC/USDT] Regime: bear_trend | Kracht: 67% | Bearish trend — ADX=33, EMA stack 
bearish
[ETH/USDT] Regime: bear_trend | Kracht: 60% | Bearish trend — ADX=30, EMA stack 
bearish
[SOL/USDT] Regime: bear_trend | Kracht: 70% | Bearish trend — ADX=35, EMA stack 
bearish

──────────────────────────── Cyclus #73 — 02:00:06 ─────────────────────────────
Portfolio: $979.06  PnL: -2.09%  DD: 2.2%  Posities: 0  Trades: 39  WR: 
35.5%(51.2%+TP)
⚠ Throttle: 75% — streak=-2
Sentiment: neutraal (-0.10) | F&G: -0.16 | Nieuws: +0.00
[BTC/USDT] Regime: bear_trend | Kracht: 67% | Bearish trend — ADX=33, EMA stack 
bearish
[ETH/USDT] Regime: bear_trend | Kracht: 60% | Bearish trend — ADX=30, EMA stack 
bearish
[SOL/USDT] Regime: bear_trend | Kracht: 72% | Bearish trend — ADX=36, EMA stack 
bearish

──────────────────────────── Cyclus #74 — 02:01:14 ─────────────────────────────
Portfolio: $979.06  PnL: -2.09%  DD: 2.2%  Posities: 0  Trades: 39  WR: 
35.5%(51.2%+TP)
⚠ Throttle: 75% — streak=-2
Sentiment: neutraal (-0.10) | F&G: -0.16 | Nieuws: +0.00
[BTC/USDT] Regime: bear_trend | Kracht: 68% | Bearish trend — ADX=34, EMA stack 
bearish
[ETH/USDT] Regime: bear_trend | Kracht: 60% | Bearish trend — ADX=30, EMA stack 
bearish
[SOL/USDT] Regime: bear_trend | Kracht: 72% | Bearish trend — ADX=36, EMA stack 
bearish

──────────────────────────── Cyclus #75 — 02:02:23 ─────────────────────────────
Portfolio: $979.06  PnL: -2.09%  DD: 2.2%  Posities: 0  Trades: 39  WR: 
35.5%(51.2%+TP)
⚠ Throttle: 75% — streak=-2
Sentiment: neutraal (-0.10) | F&G: -0.16 | Nieuws: +0.00
[BTC/USDT] Regime: bear_trend | Kracht: 68% | Bearish trend — ADX=34, EMA stack 
bearish
[ETH/USDT] Regime: bear_trend | Kracht: 60% | Bearish trend — ADX=30, EMA stack 
bearish
[SOL/USDT] Regime: bear_trend | Kracht: 72% | Bearish trend — ADX=36, EMA stack 
bearish

──────────────────────────── Cyclus #76 — 02:03:34 ─────────────────────────────
Portfolio: $979.06  PnL: -2.09%  DD: 2.2%  Posities: 0  Trades: 39  WR: 
35.5%(51.2%+TP)
⚠ Throttle: 75% — streak=-2
Sentiment: neutraal (-0.10) | F&G: -0.16 | Nieuws: +0.00
[BTC/USDT] Regime: bear_trend | Kracht: 68% | Bearish trend — ADX=34, EMA stack 
bearish
[ETH/USDT] Regime: bear_trend | Kracht: 60% | Bearish trend — ADX=30, EMA stack 
bearish
[SOL/USDT] Regime: bear_trend | Kracht: 72% | Bearish trend — ADX=36, EMA stack 
bearish

──────────────────────────── Cyclus #77 — 02:04:43 ─────────────────────────────
Portfolio: $979.06  PnL: -2.09%  DD: 2.2%  Posities: 0  Trades: 39  WR: 
35.5%(51.2%+TP)
⚠ Throttle: 75% — streak=-2
Sentiment: neutraal (-0.10) | F&G: -0.16 | Nieuws: +0.00
[BTC/USDT] Regime: bear_trend | Kracht: 68% | Bearish trend — ADX=34, EMA stack 
bearish
[ETH/USDT] Regime: bear_trend | Kracht: 60% | Bearish trend — ADX=30, EMA stack 
bearish
[SOL/USDT] Regime: bear_trend | Kracht: 72% | Bearish trend — ADX=36, EMA stack 
bearish

──────────────────────────── Cyclus #78 — 02:05:51 ─────────────────────────────
Portfolio: $979.06  PnL: -2.09%  DD: 2.2%  Posities: 0  Trades: 39  WR: 
35.5%(51.2%+TP)
⚠ Throttle: 75% — streak=-2
Sentiment: neutraal (-0.10) | F&G: -0.16 | Nieuws: +0.00
[BTC/USDT] Regime: bear_trend | Kracht: 68% | Bearish trend — ADX=34, EMA stack 
bearish
[ETH/USDT] Regime: bear_trend | Kracht: 60% | Bearish trend — ADX=30, EMA stack 
bearish
[SOL/USDT] Regime: bear_trend | Kracht: 72% | Bearish trend — ADX=36, EMA stack 
bearish

──────────────────────────── Cyclus #79 — 02:06:59 ─────────────────────────────
Portfolio: $979.06  PnL: -2.09%  DD: 2.2%  Posities: 0  Trades: 39  WR: 
35.5%(51.2%+TP)
⚠ Throttle: 75% — streak=-2
Sentiment: neutraal (-0.10) | F&G: -0.16 | Nieuws: +0.00
[BTC/USDT] Regime: bear_trend | Kracht: 68% | Bearish trend — ADX=34, EMA stack 
bearish
[ETH/USDT] Regime: bear_trend | Kracht: 60% | Bearish trend — ADX=30, EMA stack 
bearish
[SOL/USDT] Regime: bear_trend | Kracht: 72% | Bearish trend — ADX=36, EMA stack 
bearish

──────────────────────────── Cyclus #80 — 02:08:07 ─────────────────────────────
Portfolio: $979.06  PnL: -2.09%  DD: 2.2%  Posities: 0  Trades: 39  WR: 
35.5%(51.2%+TP)
⚠ Throttle: 75% — streak=-2
Sentiment: neutraal (-0.10) | F&G: -0.16 | Nieuws: +0.00
[BTC/USDT] Regime: bear_trend | Kracht: 68% | Bearish trend — ADX=34, EMA stack 
bearish
[ETH/USDT] Regime: bear_trend | Kracht: 59% | Bearish trend — ADX=30, EMA stack 
bearish
[SOL/USDT] Regime: bear_trend | Kracht: 72% | Bearish trend — ADX=36, EMA stack 
bearish

──────────────────────────── Cyclus #81 — 02:09:19 ─────────────────────────────
Portfolio: $979.06  PnL: -2.09%  DD: 2.2%  Posities: 0  Trades: 39  WR: 
35.5%(51.2%+TP)
⚠ Throttle: 75% — streak=-2
Sentiment: neutraal (-0.10) | F&G: -0.16 | Nieuws: +0.00
[BTC/USDT] Regime: bear_trend | Kracht: 68% | Bearish trend — ADX=34, EMA stack 
bearish
[ETH/USDT] Regime: bear_trend | Kracht: 59% | Bearish trend — ADX=30, EMA stack 
bearish
[SOL/USDT] Regime: bear_trend | Kracht: 71% | Bearish trend — ADX=36, EMA stack 
bearish

──────────────────────────── Cyclus #82 — 02:10:27 ─────────────────────────────
Portfolio: $979.06  PnL: -2.09%  DD: 2.2%  Posities: 0  Trades: 39  WR: 
35.5%(51.2%+TP)
⚠ Throttle: 75% — streak=-2
Sentiment: neutraal (-0.10) | F&G: -0.16 | Nieuws: +0.00
[BTC/USDT] Regime: bear_trend | Kracht: 68% | Bearish trend — ADX=34, EMA stack 
bearish
[ETH/USDT] Regime: bear_trend | Kracht: 59% | Bearish trend — ADX=30, EMA stack 
bearish
[SOL/USDT] Regime: bear_trend | Kracht: 71% | Bearish trend — ADX=36, EMA stack 
bearish

──────────────────────────── Cyclus #83 — 02:11:35 ─────────────────────────────
Portfolio: $979.06  PnL: -2.09%  DD: 2.2%  Posities: 0  Trades: 39  WR: 
35.5%(51.2%+TP)
⚠ Throttle: 75% — streak=-2
Sentiment: neutraal (-0.10) | F&G: -0.16 | Nieuws: +0.00
[BTC/USDT] Regime: bear_trend | Kracht: 68% | Bearish trend — ADX=34, EMA stack 
bearish
[ETH/USDT] Regime: bear_trend | Kracht: 59% | Bearish trend — ADX=30, EMA stack 
bearish
[SOL/USDT] Regime: bear_trend | Kracht: 71% | Bearish trend — ADX=36, EMA stack 
bearish

──────────────────────────── Cyclus #84 — 02:12:44 ─────────────────────────────
Portfolio: $979.06  PnL: -2.09%  DD: 2.2%  Posities: 0  Trades: 39  WR: 
35.5%(51.2%+TP)
⚠ Throttle: 75% — streak=-2
Sentiment: neutraal (-0.10) | F&G: -0.16 | Nieuws: +0.00
[BTC/USDT] Regime: bear_trend | Kracht: 68% | Bearish trend — ADX=34, EMA stack 
bearish
[ETH/USDT] Regime: bear_trend | Kracht: 59% | Bearish trend — ADX=30, EMA stack 
bearish
[SOL/USDT] Regime: bear_trend | Kracht: 71% | Bearish trend — ADX=36, EMA stack 
bearish

──────────────────────────── Cyclus #85 — 02:13:51 ─────────────────────────────
Portfolio: $979.06  PnL: -2.09%  DD: 2.2%  Posities: 0  Trades: 39  WR: 
35.5%(51.2%+TP)
⚠ Throttle: 75% — streak=-2
Sentiment: neutraal (-0.10) | F&G: -0.16 | Nieuws: +0.00
[BTC/USDT] Regime: bear_trend | Kracht: 68% | Bearish trend — ADX=34, EMA stack 
bearish
[ETH/USDT] Regime: bear_trend | Kracht: 59% | Bearish trend — ADX=30, EMA stack 
bearish
[SOL/USDT] Regime: bear_trend | Kracht: 71% | Bearish trend — ADX=36, EMA stack 
bearish

──────────────────────────── Cyclus #86 — 02:15:05 ─────────────────────────────
Portfolio: $979.06  PnL: -2.09%  DD: 2.2%  Posities: 0  Trades: 39  WR: 
35.5%(51.2%+TP)
⚠ Throttle: 75% — streak=-2
Sentiment: neutraal (-0.10) | F&G: -0.16 | Nieuws: +0.00
[BTC/USDT] Regime: bear_trend | Kracht: 67% | Bearish trend — ADX=34, EMA stack 
bearish
[ETH/USDT] Regime: bear_trend | Kracht: 59% | Bearish trend — ADX=29, EMA stack 
bearish
[SOL/USDT] Regime: bear_trend | Kracht: 71% | Bearish trend — ADX=36, EMA stack 
bearish

──────────────────────────── Cyclus #87 — 02:16:13 ─────────────────────────────
Portfolio: $979.06  PnL: -2.09%  DD: 2.2%  Posities: 0  Trades: 39  WR: 
35.5%(51.2%+TP)
⚠ Throttle: 75% — streak=-2
Sentiment: neutraal (-0.10) | F&G: -0.16 | Nieuws: +0.00
[BTC/USDT] Regime: bear_trend | Kracht: 67% | Bearish trend — ADX=33, EMA stack 
bearish
[ETH/USDT] Regime: bear_trend | Kracht: 59% | Bearish trend — ADX=29, EMA stack 
bearish
[SOL/USDT] Regime: bear_trend | Kracht: 71% | Bearish trend — ADX=36, EMA stack 
bearish

──────────────────────────── Cyclus #88 — 02:17:22 ─────────────────────────────
Portfolio: $979.06  PnL: -2.09%  DD: 2.2%  Posities: 0  Trades: 39  WR: 
35.5%(51.2%+TP)
⚠ Throttle: 75% — streak=-2
Sentiment: neutraal (-0.10) | F&G: -0.16 | Nieuws: +0.00
[BTC/USDT] Regime: bear_trend | Kracht: 67% | Bearish trend — ADX=33, EMA stack 
bearish
[ETH/USDT] Regime: bear_trend | Kracht: 59% | Bearish trend — ADX=29, EMA stack 
bearish
[SOL/USDT] Regime: bear_trend | Kracht: 71% | Bearish trend — ADX=36, EMA stack 
bearish

──────────────────────────── Cyclus #89 — 02:18:30 ─────────────────────────────
Portfolio: $979.06  PnL: -2.09%  DD: 2.2%  Posities: 0  Trades: 39  WR: 
35.5%(51.2%+TP)
⚠ Throttle: 75% — streak=-2
Sentiment: neutraal (-0.10) | F&G: -0.16 | Nieuws: +0.00
[BTC/USDT] Regime: bear_trend | Kracht: 67% | Bearish trend — ADX=33, EMA stack 
bearish
[ETH/USDT] Regime: bear_trend | Kracht: 59% | Bearish trend — ADX=29, EMA stack 
bearish
[SOL/USDT] Regime: bear_trend | Kracht: 71% | Bearish trend — ADX=36, EMA stack 
bearish

──────────────────────────── Cyclus #90 — 02:19:38 ─────────────────────────────
Portfolio: $979.06  PnL: -2.09%  DD: 2.2%  Posities: 0  Trades: 39  WR: 
35.5%(51.2%+TP)
⚠ Throttle: 75% — streak=-2
Sentiment: neutraal (-0.10) | F&G: -0.16 | Nieuws: +0.00
[BTC/USDT] Regime: bear_trend | Kracht: 67% | Bearish trend — ADX=33, EMA stack 
bearish
[ETH/USDT] Regime: bear_trend | Kracht: 59% | Bearish trend — ADX=29, EMA stack 
bearish
[SOL/USDT] Regime: bear_trend | Kracht: 71% | Bearish trend — ADX=36, EMA stack 
bearish

──────────────────────────── Cyclus #91 — 02:20:51 ─────────────────────────────
Portfolio: $979.06  PnL: -2.09%  DD: 2.2%  Posities: 0  Trades: 39  WR: 
35.5%(51.2%+TP)
⚠ Throttle: 75% — streak=-2
Sentiment: neutraal (-0.10) | F&G: -0.16 | Nieuws: +0.00
[BTC/USDT] Regime: bear_trend | Kracht: 67% | Bearish trend — ADX=33, EMA stack 
bearish
[ETH/USDT] Regime: bear_trend | Kracht: 59% | Bearish trend — ADX=29, EMA stack 
bearish
[SOL/USDT] Regime: bear_trend | Kracht: 71% | Bearish trend — ADX=36, EMA stack 
bearish

──────────────────────────── Cyclus #92 — 02:21:59 ─────────────────────────────
Portfolio: $979.06  PnL: -2.09%  DD: 2.2%  Posities: 0  Trades: 39  WR: 
35.5%(51.2%+TP)
⚠ Throttle: 75% — streak=-2
Sentiment: neutraal (-0.10) | F&G: -0.16 | Nieuws: +0.00
[BTC/USDT] Regime: bear_trend | Kracht: 67% | Bearish trend — ADX=33, EMA stack 
bearish
[ETH/USDT] Regime: bear_trend | Kracht: 59% | Bearish trend — ADX=29, EMA stack 
bearish
[SOL/USDT] Regime: bear_trend | Kracht: 71% | Bearish trend — ADX=36, EMA stack 
bearish

──────────────────────────── Cyclus #93 — 02:23:08 ─────────────────────────────
Portfolio: $979.06  PnL: -2.09%  DD: 2.2%  Posities: 0  Trades: 39  WR: 
35.5%(51.2%+TP)
⚠ Throttle: 75% — streak=-2
Sentiment: neutraal (-0.10) | F&G: -0.16 | Nieuws: +0.00
[BTC/USDT] Regime: bear_trend | Kracht: 67% | Bearish trend — ADX=33, EMA stack 
bearish
[ETH/USDT] Regime: bear_trend | Kracht: 59% | Bearish trend — ADX=29, EMA stack 
bearish
[SOL/USDT] Regime: bear_trend | Kracht: 71% | Bearish trend — ADX=36, EMA stack 
bearish

──────────────────────────── Cyclus #94 — 02:24:16 ─────────────────────────────
Portfolio: $979.06  PnL: -2.09%  DD: 2.2%  Posities: 0  Trades: 39  WR: 
35.5%(51.2%+TP)
⚠ Throttle: 75% — streak=-2
Sentiment: neutraal (-0.10) | F&G: -0.16 | Nieuws: +0.00
[BTC/USDT] Regime: bear_trend | Kracht: 67% | Bearish trend — ADX=33, EMA stack 
bearish
[ETH/USDT] Regime: bear_trend | Kracht: 59% | Bearish trend — ADX=29, EMA stack 
bearish
[SOL/USDT] Regime: bear_trend | Kracht: 71% | Bearish trend — ADX=36, EMA stack 
bearish

──────────────────────────── Cyclus #95 — 02:25:24 ─────────────────────────────
Portfolio: $979.06  PnL: -2.09%  DD: 2.2%  Posities: 0  Trades: 39  WR: 
35.5%(51.2%+TP)
⚠ Throttle: 75% — streak=-2
Sentiment: neutraal (-0.10) | F&G: -0.16 | Nieuws: +0.00
[BTC/USDT] Regime: bear_trend | Kracht: 67% | Bearish trend — ADX=33, EMA stack 
bearish
[ETH/USDT] Regime: bear_trend | Kracht: 59% | Bearish trend — ADX=29, EMA stack 
bearish
[SOL/USDT] Regime: bear_trend | Kracht: 71% | Bearish trend — ADX=36, EMA stack 
bearish

──────────────────────────── Cyclus #96 — 02:26:36 ─────────────────────────────
Portfolio: $979.06  PnL: -2.09%  DD: 2.2%  Posities: 0  Trades: 39  WR: 
35.5%(51.2%+TP)
⚠ Throttle: 75% — streak=-2
Sentiment: neutraal (-0.10) | F&G: -0.16 | Nieuws: +0.00
[BTC/USDT] Regime: bear_trend | Kracht: 67% | Bearish trend — ADX=33, EMA stack 
bearish
[ETH/USDT] Regime: bear_trend | Kracht: 59% | Bearish trend — ADX=29, EMA stack 
bearish
[SOL/USDT] Regime: bear_trend | Kracht: 71% | Bearish trend — ADX=36, EMA stack 
bearish

──────────────────────────── Cyclus #97 — 02:27:44 ─────────────────────────────
Portfolio: $979.06  PnL: -2.09%  DD: 2.2%  Posities: 0  Trades: 39  WR: 
35.5%(51.2%+TP)
⚠ Throttle: 75% — streak=-2
Sentiment: neutraal (-0.10) | F&G: -0.16 | Nieuws: +0.00
[BTC/USDT] Regime: bear_trend | Kracht: 67% | Bearish trend — ADX=33, EMA stack 
bearish
[ETH/USDT] Regime: bear_trend | Kracht: 59% | Bearish trend — ADX=29, EMA stack 
bearish
[SOL/USDT] Regime: bear_trend | Kracht: 71% | Bearish trend — ADX=36, EMA stack 
bearish

──────────────────────────── Cyclus #98 — 02:28:52 ─────────────────────────────
Portfolio: $979.06  PnL: -2.09%  DD: 2.2%  Posities: 0  Trades: 39  WR: 
35.5%(51.2%+TP)
⚠ Throttle: 75% — streak=-2
Sentiment: neutraal (-0.10) | F&G: -0.16 | Nieuws: +0.00
[BTC/USDT] Regime: bear_trend | Kracht: 67% | Bearish trend — ADX=33, EMA stack 
bearish
[ETH/USDT] Regime: bear_trend | Kracht: 59% | Bearish trend — ADX=29, EMA stack 
bearish
[SOL/USDT] Regime: bear_trend | Kracht: 71% | Bearish trend — ADX=36, EMA stack 
bearish

──────────────────────────── Cyclus #99 — 02:30:00 ─────────────────────────────
Portfolio: $979.06  PnL: -2.09%  DD: 2.2%  Posities: 0  Trades: 39  WR: 
35.5%(51.2%+TP)
⚠ Throttle: 75% — streak=-2
Sentiment: neutraal (-0.10) | F&G: -0.16 | Nieuws: +0.00
[BTC/USDT] Regime: bear_trend | Kracht: 67% | Bearish trend — ADX=33, EMA stack 
bearish
[ETH/USDT] Regime: bear_trend | Kracht: 59% | Bearish trend — ADX=29, EMA stack 
bearish
[SOL/USDT] Regime: bear_trend | Kracht: 71% | Bearish trend — ADX=36, EMA stack 
bearish

──────────────────────────── Cyclus #100 — 02:31:08 ────────────────────────────
Portfolio: $979.06  PnL: -2.09%  DD: 2.2%  Posities: 0  Trades: 39  WR: 
35.5%(51.2%+TP)
⚠ Throttle: 75% — streak=-2
Sentiment: neutraal (-0.10) | F&G: -0.16 | Nieuws: +0.00
[BTC/USDT] Regime: bear_trend | Kracht: 67% | Bearish trend — ADX=33, EMA stack 
bearish
[ETH/USDT] Regime: bear_trend | Kracht: 59% | Bearish trend — ADX=29, EMA stack 
bearish
[SOL/USDT] Regime: bear_trend | Kracht: 71% | Bearish trend — ADX=36, EMA stack 
bearish

──────────────────────────── Cyclus #101 — 02:32:21 ────────────────────────────
Portfolio: $979.06  PnL: -2.09%  DD: 2.2%  Posities: 0  Trades: 39  WR: 
35.5%(51.2%+TP)
⚠ Throttle: 75% — streak=-2
Sentiment: neutraal (-0.10) | F&G: -0.16 | Nieuws: +0.00
[BTC/USDT] Regime: bear_trend | Kracht: 67% | Bearish trend — ADX=33, EMA stack 
bearish
[ETH/USDT] Regime: bear_trend | Kracht: 59% | Bearish trend — ADX=29, EMA stack 
bearish
[SOL/USDT] Regime: bear_trend | Kracht: 71% | Bearish trend — ADX=36, EMA stack 
bearish

──────────────────────────── Cyclus #102 — 02:33:28 ────────────────────────────
Portfolio: $979.06  PnL: -2.09%  DD: 2.2%  Posities: 0  Trades: 39  WR: 
35.5%(51.2%+TP)
⚠ Throttle: 75% — streak=-2
Sentiment: neutraal (-0.10) | F&G: -0.16 | Nieuws: +0.00
[BTC/USDT] Regime: bear_trend | Kracht: 67% | Bearish trend — ADX=33, EMA stack 
bearish
[ETH/USDT] Regime: bear_trend | Kracht: 59% | Bearish trend — ADX=29, EMA stack 
bearish
[SOL/USDT] Regime: bear_trend | Kracht: 71% | Bearish trend — ADX=36, EMA stack 
bearish

──────────────────────────── Cyclus #103 — 02:34:37 ────────────────────────────
Portfolio: $979.06  PnL: -2.09%  DD: 2.2%  Posities: 0  Trades: 39  WR: 
35.5%(51.2%+TP)
⚠ Throttle: 75% — streak=-2
Sentiment: neutraal (-0.10) | F&G: -0.16 | Nieuws: +0.00
[BTC/USDT] Regime: bear_trend | Kracht: 67% | Bearish trend — ADX=33, EMA stack 
bearish
[ETH/USDT] Regime: bear_trend | Kracht: 59% | Bearish trend — ADX=29, EMA stack 
bearish
[SOL/USDT] Regime: bear_trend | Kracht: 71% | Bearish trend — ADX=36, EMA stack 
bearish

──────────────────────────── Cyclus #104 — 02:35:45 ────────────────────────────
Portfolio: $979.06  PnL: -2.09%  DD: 2.2%  Posities: 0  Trades: 39  WR: 
35.5%(51.2%+TP)
⚠ Throttle: 75% — streak=-2
Sentiment: neutraal (-0.10) | F&G: -0.16 | Nieuws: +0.00
[BTC/USDT] Regime: bear_trend | Kracht: 67% | Bearish trend — ADX=33, EMA stack 
bearish
[ETH/USDT] Regime: bear_trend | Kracht: 59% | Bearish trend — ADX=29, EMA stack 
bearish
[SOL/USDT] Regime: bear_trend | Kracht: 71% | Bearish trend — ADX=36, EMA stack 
bearish

──────────────────────────── Cyclus #105 — 02:36:54 ────────────────────────────
Portfolio: $979.06  PnL: -2.09%  DD: 2.2%  Posities: 0  Trades: 39  WR: 
35.5%(51.2%+TP)
⚠ Throttle: 75% — streak=-2
Sentiment: neutraal (-0.10) | F&G: -0.16 | Nieuws: +0.00
[BTC/USDT] Regime: bear_trend | Kracht: 67% | Bearish trend — ADX=33, EMA stack 
bearish
[ETH/USDT] Regime: bear_trend | Kracht: 59% | Bearish trend — ADX=29, EMA stack 
bearish
[SOL/USDT] Regime: bear_trend | Kracht: 71% | Bearish trend — ADX=36, EMA stack 
bearish

──────────────────────────── Cyclus #106 — 02:38:06 ────────────────────────────
Portfolio: $979.06  PnL: -2.09%  DD: 2.2%  Posities: 0  Trades: 39  WR: 
35.5%(51.2%+TP)
⚠ Throttle: 75% — streak=-2
Sentiment: neutraal (-0.10) | F&G: -0.16 | Nieuws: +0.00
[BTC/USDT] Regime: bear_trend | Kracht: 67% | Bearish trend — ADX=33, EMA stack 
bearish
[ETH/USDT] Regime: bear_trend | Kracht: 58% | Bearish trend — ADX=29, EMA stack 
bearish
[SOL/USDT] Regime: bear_trend | Kracht: 71% | Bearish trend — ADX=36, EMA stack 
bearish

──────────────────────────── Cyclus #107 — 02:39:14 ────────────────────────────
Portfolio: $979.06  PnL: -2.09%  DD: 2.2%  Posities: 0  Trades: 39  WR: 
35.5%(51.2%+TP)
⚠ Throttle: 75% — streak=-2
Sentiment: neutraal (-0.10) | F&G: -0.16 | Nieuws: +0.00
[BTC/USDT] Regime: bear_trend | Kracht: 67% | Bearish trend — ADX=33, EMA stack 
bearish
[ETH/USDT] Regime: bear_trend | Kracht: 58% | Bearish trend — ADX=29, EMA stack 
bearish
[SOL/USDT] Regime: bear_trend | Kracht: 71% | Bearish trend — ADX=36, EMA stack 
bearish

──────────────────────────── Cyclus #108 — 02:40:22 ────────────────────────────
Portfolio: $979.06  PnL: -2.09%  DD: 2.2%  Posities: 0  Trades: 39  WR: 
35.5%(51.2%+TP)
⚠ Throttle: 75% — streak=-2
Sentiment: neutraal (-0.10) | F&G: -0.16 | Nieuws: +0.00
[BTC/USDT] Regime: bear_trend | Kracht: 67% | Bearish trend — ADX=33, EMA stack 
bearish
[ETH/USDT] Regime: bear_trend | Kracht: 58% | Bearish trend — ADX=29, EMA stack 
bearish
[SOL/USDT] Regime: bear_trend | Kracht: 71% | Bearish trend — ADX=36, EMA stack 
bearish

──────────────────────────── Cyclus #109 — 02:41:30 ────────────────────────────
Portfolio: $979.06  PnL: -2.09%  DD: 2.2%  Posities: 0  Trades: 39  WR: 
35.5%(51.2%+TP)
⚠ Throttle: 75% — streak=-2
Sentiment: neutraal (-0.10) | F&G: -0.16 | Nieuws: +0.00
[BTC/USDT] Regime: bear_trend | Kracht: 67% | Bearish trend — ADX=33, EMA stack 
bearish
[ETH/USDT] Regime: bear_trend | Kracht: 58% | Bearish trend — ADX=29, EMA stack 
bearish
[SOL/USDT] Regime: bear_trend | Kracht: 71% | Bearish trend — ADX=36, EMA stack 
bearish

──────────────────────────── Cyclus #110 — 02:42:38 ────────────────────────────
Portfolio: $979.06  PnL: -2.09%  DD: 2.2%  Posities: 0  Trades: 39  WR: 
35.5%(51.2%+TP)
⚠ Throttle: 75% — streak=-2
Sentiment: neutraal (-0.10) | F&G: -0.16 | Nieuws: +0.00
[BTC/USDT] Regime: bear_trend | Kracht: 67% | Bearish trend — ADX=33, EMA stack 
bearish
[ETH/USDT] Regime: bear_trend | Kracht: 58% | Bearish trend — ADX=29, EMA stack 
bearish
[SOL/USDT] Regime: bear_trend | Kracht: 71% | Bearish trend — ADX=36, EMA stack 
bearish

──────────────────────────── Cyclus #111 — 02:43:51 ────────────────────────────
Portfolio: $979.06  PnL: -2.09%  DD: 2.2%  Posities: 0  Trades: 39  WR: 
35.5%(51.2%+TP)
⚠ Throttle: 75% — streak=-2
Sentiment: neutraal (-0.10) | F&G: -0.16 | Nieuws: +0.00
[BTC/USDT] Regime: bear_trend | Kracht: 67% | Bearish trend — ADX=33, EMA stack 
bearish
[ETH/USDT] Regime: bear_trend | Kracht: 58% | Bearish trend — ADX=29, EMA stack 
bearish
[SOL/USDT] Regime: bear_trend | Kracht: 71% | Bearish trend — ADX=36, EMA stack 
bearish

──────────────────────────── Cyclus #112 — 02:44:58 ────────────────────────────
Portfolio: $979.06  PnL: -2.09%  DD: 2.2%  Posities: 0  Trades: 39  WR: 
35.5%(51.2%+TP)
⚠ Throttle: 75% — streak=-2
Sentiment: neutraal (-0.10) | F&G: -0.16 | Nieuws: +0.00
[BTC/USDT] Regime: bear_trend | Kracht: 67% | Bearish trend — ADX=33, EMA stack 
bearish
[ETH/USDT] Regime: bear_trend | Kracht: 58% | Bearish trend — ADX=29, EMA stack 
bearish
[SOL/USDT] Regime: bear_trend | Kracht: 71% | Bearish trend — ADX=36, EMA stack 
bearish

──────────────────────────── Cyclus #113 — 02:46:07 ────────────────────────────
Portfolio: $979.06  PnL: -2.09%  DD: 2.2%  Posities: 0  Trades: 39  WR: 
35.5%(51.2%+TP)
⚠ Throttle: 75% — streak=-2
Sentiment: neutraal (-0.10) | F&G: -0.16 | Nieuws: +0.00
[BTC/USDT] Regime: bear_trend | Kracht: 66% | Bearish trend — ADX=33, EMA stack 
bearish
[ETH/USDT] Regime: bear_trend | Kracht: 58% | Bearish trend — ADX=29, EMA stack 
bearish
[SOL/USDT] Regime: bear_trend | Kracht: 71% | Bearish trend — ADX=36, EMA stack 
bearish

──────────────────────────── Cyclus #114 — 02:47:15 ────────────────────────────
Portfolio: $979.06  PnL: -2.09%  DD: 2.2%  Posities: 0  Trades: 39  WR: 
35.5%(51.2%+TP)
⚠ Throttle: 75% — streak=-2
Sentiment: neutraal (-0.10) | F&G: -0.16 | Nieuws: +0.00
[BTC/USDT] Regime: bear_trend | Kracht: 66% | Bearish trend — ADX=33, EMA stack 
bearish
[ETH/USDT] Regime: bear_trend | Kracht: 58% | Bearish trend — ADX=29, EMA stack 
bearish
[SOL/USDT] Regime: bear_trend | Kracht: 71% | Bearish trend — ADX=36, EMA stack 
bearish

──────────────────────────── Cyclus #115 — 02:48:23 ────────────────────────────
Portfolio: $979.06  PnL: -2.09%  DD: 2.2%  Posities: 0  Trades: 39  WR: 
35.5%(51.2%+TP)
⚠ Throttle: 75% — streak=-2
Sentiment: neutraal (-0.10) | F&G: -0.16 | Nieuws: +0.00
[BTC/USDT] Regime: bear_trend | Kracht: 66% | Bearish trend — ADX=33, EMA stack 
bearish
[ETH/USDT] Regime: bear_trend | Kracht: 58% | Bearish trend — ADX=29, EMA stack 
bearish
[SOL/USDT] Regime: bear_trend | Kracht: 71% | Bearish trend — ADX=36, EMA stack 
bearish

──────────────────────────── Cyclus #116 — 02:49:34 ────────────────────────────
Portfolio: $979.06  PnL: -2.09%  DD: 2.2%  Posities: 0  Trades: 39  WR: 
35.5%(51.2%+TP)
⚠ Throttle: 75% — streak=-2
Sentiment: neutraal (-0.10) | F&G: -0.16 | Nieuws: +0.00
[BTC/USDT] Regime: bear_trend | Kracht: 66% | Bearish trend — ADX=33, EMA stack 
bearish
[ETH/USDT] Regime: bear_trend | Kracht: 58% | Bearish trend — ADX=29, EMA stack 
bearish
[SOL/USDT] Regime: bear_trend | Kracht: 71% | Bearish trend — ADX=36, EMA stack 
bearish

──────────────────────────── Cyclus #117 — 02:50:42 ────────────────────────────
Portfolio: $979.06  PnL: -2.09%  DD: 2.2%  Posities: 0  Trades: 39  WR: 
35.5%(51.2%+TP)
⚠ Throttle: 75% — streak=-2
Sentiment: neutraal (-0.10) | F&G: -0.16 | Nieuws: +0.00
[BTC/USDT] Regime: bear_trend | Kracht: 66% | Bearish trend — ADX=33, EMA stack 
bearish
[ETH/USDT] Regime: bear_trend | Kracht: 58% | Bearish trend — ADX=29, EMA stack 
bearish
[SOL/USDT] Regime: bear_trend | Kracht: 71% | Bearish trend — ADX=36, EMA stack 
bearish

──────────────────────────── Cyclus #118 — 02:51:50 ────────────────────────────
Portfolio: $979.06  PnL: -2.09%  DD: 2.2%  Posities: 0  Trades: 39  WR: 
35.5%(51.2%+TP)
⚠ Throttle: 75% — streak=-2
Sentiment: neutraal (-0.10) | F&G: -0.16 | Nieuws: +0.00
[BTC/USDT] Regime: bear_trend | Kracht: 66% | Bearish trend — ADX=33, EMA stack 
bearish
[ETH/USDT] Regime: bear_trend | Kracht: 58% | Bearish trend — ADX=29, EMA stack 
bearish
[SOL/USDT] Regime: bear_trend | Kracht: 71% | Bearish trend — ADX=36, EMA stack 
bearish

──────────────────────────── Cyclus #119 — 02:52:58 ────────────────────────────
Portfolio: $979.06  PnL: -2.09%  DD: 2.2%  Posities: 0  Trades: 39  WR: 
35.5%(51.2%+TP)
⚠ Throttle: 75% — streak=-2
Sentiment: neutraal (-0.10) | F&G: -0.16 | Nieuws: +0.00
[BTC/USDT] Regime: bear_trend | Kracht: 66% | Bearish trend — ADX=33, EMA stack 
bearish
[ETH/USDT] Regime: bear_trend | Kracht: 58% | Bearish trend — ADX=29, EMA stack 
bearish
[SOL/USDT] Regime: bear_trend | Kracht: 71% | Bearish trend — ADX=36, EMA stack 
bearish

──────────────────────────── Cyclus #120 — 02:54:06 ────────────────────────────
Portfolio: $979.06  PnL: -2.09%  DD: 2.2%  Posities: 0  Trades: 39  WR: 
35.5%(51.2%+TP)
⚠ Throttle: 75% — streak=-2
Sentiment: neutraal (-0.10) | F&G: -0.16 | Nieuws: +0.00
[BTC/USDT] Regime: bear_trend | Kracht: 66% | Bearish trend — ADX=33, EMA stack 
bearish
[ETH/USDT] Regime: bear_trend | Kracht: 58% | Bearish trend — ADX=29, EMA stack 
bearish
[SOL/USDT] Regime: bear_trend | Kracht: 71% | Bearish trend — ADX=36, EMA stack 
bearish

──────────────────────────── Cyclus #121 — 02:55:20 ────────────────────────────
Portfolio: $979.06  PnL: -2.09%  DD: 2.2%  Posities: 0  Trades: 39  WR: 
35.5%(51.2%+TP)
⚠ Throttle: 75% — streak=-2
Sentiment: Angst (-0.21) | F&G: -0.32 | Nieuws: +0.00
[BTC/USDT] Regime: bear_trend | Kracht: 66% | Bearish trend — ADX=33, EMA stack 
bearish
[ETH/USDT] Regime: bear_trend | Kracht: 58% | Bearish trend — ADX=29, EMA stack 
bearish
[SOL/USDT] Regime: bear_trend | Kracht: 71% | Bearish trend — ADX=36, EMA stack 
bearish

──────────────────────────── Cyclus #122 — 02:56:28 ────────────────────────────
Portfolio: $979.06  PnL: -2.09%  DD: 2.2%  Posities: 0  Trades: 39  WR: 
35.5%(51.2%+TP)
⚠ Throttle: 75% — streak=-2
Sentiment: Angst (-0.21) | F&G: -0.32 | Nieuws: +0.00
[BTC/USDT] Regime: bear_trend | Kracht: 66% | Bearish trend — ADX=33, EMA stack 
bearish
[ETH/USDT] Regime: bear_trend | Kracht: 58% | Bearish trend — ADX=29, EMA stack 
bearish
[SOL/USDT] Regime: bear_trend | Kracht: 71% | Bearish trend — ADX=36, EMA stack 
bearish

──────────────────────────── Cyclus #123 — 02:57:36 ────────────────────────────
Portfolio: $979.06  PnL: -2.09%  DD: 2.2%  Posities: 0  Trades: 39  WR: 
35.5%(51.2%+TP)
⚠ Throttle: 75% — streak=-2
Sentiment: Angst (-0.21) | F&G: -0.32 | Nieuws: +0.00
[BTC/USDT] Regime: bear_trend | Kracht: 66% | Bearish trend — ADX=33, EMA stack 
bearish
[ETH/USDT] Regime: bear_trend | Kracht: 58% | Bearish trend — ADX=29, EMA stack 
bearish
[SOL/USDT] Regime: bear_trend | Kracht: 71% | Bearish trend — ADX=36, EMA stack 
bearish

──────────────────────────── Cyclus #124 — 02:58:44 ────────────────────────────
Portfolio: $979.06  PnL: -2.09%  DD: 2.2%  Posities: 0  Trades: 39  WR: 
35.5%(51.2%+TP)
⚠ Throttle: 75% — streak=-2
Sentiment: Angst (-0.21) | F&G: -0.32 | Nieuws: +0.00
[BTC/USDT] Regime: bear_trend | Kracht: 66% | Bearish trend — ADX=33, EMA stack 
bearish
[ETH/USDT] Regime: bear_trend | Kracht: 58% | Bearish trend — ADX=29, EMA stack 
bearish
[SOL/USDT] Regime: bear_trend | Kracht: 71% | Bearish trend — ADX=36, EMA stack 
bearish

──────────────────────────── Cyclus #125 — 02:59:52 ────────────────────────────
Portfolio: $979.06  PnL: -2.09%  DD: 2.2%  Posities: 0  Trades: 39  WR: 
35.5%(51.2%+TP)
⚠ Throttle: 75% — streak=-2
Sentiment: Angst (-0.21) | F&G: -0.32 | Nieuws: +0.00
[BTC/USDT] Regime: bear_trend | Kracht: 66% | Bearish trend — ADX=33, EMA stack 
bearish
[ETH/USDT] Regime: bear_trend | Kracht: 58% | Bearish trend — ADX=29, EMA stack 
bearish
[SOL/USDT] Regime: bear_trend | Kracht: 71% | Bearish trend — ADX=36, EMA stack 
bearish

──────────────────────────── Cyclus #126 — 03:01:04 ────────────────────────────
Portfolio: $979.06  PnL: -2.09%  DD: 2.2%  Posities: 0  Trades: 39  WR: 
35.5%(51.2%+TP)
⚠ Throttle: 75% — streak=-2
Sentiment: Angst (-0.21) | F&G: -0.32 | Nieuws: +0.00
[BTC/USDT] Regime: bear_trend | Kracht: 66% | Bearish trend — ADX=33, EMA stack 
bearish
[ETH/USDT] Regime: bear_trend | Kracht: 57% | Bearish trend — ADX=28, EMA stack 
bearish
[SOL/USDT] Regime: bear_trend | Kracht: 72% | Bearish trend — ADX=36, EMA stack 
bearish

──────────────────────────── Cyclus #127 — 03:02:12 ────────────────────────────
Portfolio: $979.06  PnL: -2.09%  DD: 2.2%  Posities: 0  Trades: 39  WR: 
35.5%(51.2%+TP)
⚠ Throttle: 75% — streak=-2
Sentiment: Angst (-0.21) | F&G: -0.32 | Nieuws: +0.00
[BTC/USDT] Regime: bear_trend | Kracht: 66% | Bearish trend — ADX=33, EMA stack 
bearish
[ETH/USDT] Regime: bear_trend | Kracht: 57% | Bearish trend — ADX=28, EMA stack 
bearish
[SOL/USDT] Regime: bear_trend | Kracht: 72% | Bearish trend — ADX=36, EMA stack 
bearish

──────────────────────────── Cyclus #128 — 03:03:20 ────────────────────────────
Portfolio: $979.06  PnL: -2.09%  DD: 2.2%  Posities: 0  Trades: 39  WR: 
35.5%(51.2%+TP)
⚠ Throttle: 75% — streak=-2
Sentiment: Angst (-0.21) | F&G: -0.32 | Nieuws: +0.00
[BTC/USDT] Regime: bear_trend | Kracht: 66% | Bearish trend — ADX=33, EMA stack 
bearish
[ETH/USDT] Regime: bear_trend | Kracht: 57% | Bearish trend — ADX=28, EMA stack 
bearish
[SOL/USDT] Regime: bear_trend | Kracht: 72% | Bearish trend — ADX=36, EMA stack 
bearish

──────────────────────────── Cyclus #129 — 03:04:28 ────────────────────────────
Portfolio: $979.06  PnL: -2.09%  DD: 2.2%  Posities: 0  Trades: 39  WR: 
35.5%(51.2%+TP)
⚠ Throttle: 75% — streak=-2
Sentiment: Angst (-0.21) | F&G: -0.32 | Nieuws: +0.00
[BTC/USDT] Regime: bear_trend | Kracht: 66% | Bearish trend — ADX=33, EMA stack 
bearish
[ETH/USDT] Regime: bear_trend | Kracht: 57% | Bearish trend — ADX=28, EMA stack 
bearish
[SOL/USDT] Regime: bear_trend | Kracht: 72% | Bearish trend — ADX=36, EMA stack 
bearish

──────────────────────────── Cyclus #130 — 03:05:35 ────────────────────────────
Portfolio: $979.06  PnL: -2.09%  DD: 2.2%  Posities: 0  Trades: 39  WR: 
35.5%(51.2%+TP)
⚠ Throttle: 75% — streak=-2
Sentiment: Angst (-0.21) | F&G: -0.32 | Nieuws: +0.00
[BTC/USDT] Regime: bear_trend | Kracht: 66% | Bearish trend — ADX=33, EMA stack 
bearish
[ETH/USDT] Regime: bear_trend | Kracht: 57% | Bearish trend — ADX=28, EMA stack 
bearish
[SOL/USDT] Regime: bear_trend | Kracht: 72% | Bearish trend — ADX=36, EMA stack 
bearish

──────────────────────────── Cyclus #131 — 03:06:48 ────────────────────────────
Portfolio: $979.06  PnL: -2.09%  DD: 2.2%  Posities: 0  Trades: 39  WR: 
35.5%(51.2%+TP)
⚠ Throttle: 75% — streak=-2
Sentiment: neutraal (-0.21) | F&G: -0.32 | Nieuws: +0.00
[BTC/USDT] Regime: bear_trend | Kracht: 66% | Bearish trend — ADX=33, EMA stack 
bearish
[ETH/USDT] Regime: bear_trend | Kracht: 57% | Bearish trend — ADX=28, EMA stack 
bearish
[SOL/USDT] Regime: bear_trend | Kracht: 72% | Bearish trend — ADX=36, EMA stack 
bearish

──────────────────────────── Cyclus #132 — 03:07:56 ────────────────────────────
Portfolio: $979.06  PnL: -2.09%  DD: 2.2%  Posities: 0  Trades: 39  WR: 
35.5%(51.2%+TP)
⚠ Throttle: 75% — streak=-2
Sentiment: neutraal (-0.21) | F&G: -0.32 | Nieuws: +0.00
[BTC/USDT] Regime: bear_trend | Kracht: 66% | Bearish trend — ADX=33, EMA stack 
bearish
[ETH/USDT] Regime: bear_trend | Kracht: 57% | Bearish trend — ADX=28, EMA stack 
bearish
[SOL/USDT] Regime: bear_trend | Kracht: 72% | Bearish trend — ADX=36, EMA stack 
bearish

──────────────────────────── Cyclus #133 — 03:09:04 ────────────────────────────
Portfolio: $979.06  PnL: -2.09%  DD: 2.2%  Posities: 0  Trades: 39  WR: 
35.5%(51.2%+TP)
⚠ Throttle: 75% — streak=-2
Sentiment: neutraal (-0.21) | F&G: -0.32 | Nieuws: +0.00
[BTC/USDT] Regime: bear_trend | Kracht: 66% | Bearish trend — ADX=33, EMA stack 
bearish
[ETH/USDT] Regime: bear_trend | Kracht: 57% | Bearish trend — ADX=28, EMA stack 
bearish
[SOL/USDT] Regime: bear_trend | Kracht: 72% | Bearish trend — ADX=36, EMA stack 
bearish

──────────────────────────── Cyclus #134 — 03:10:12 ────────────────────────────
Portfolio: $979.06  PnL: -2.09%  DD: 2.2%  Posities: 0  Trades: 39  WR: 
35.5%(51.2%+TP)
⚠ Throttle: 75% — streak=-2
Sentiment: neutraal (-0.21) | F&G: -0.32 | Nieuws: +0.00
[BTC/USDT] Regime: bear_trend | Kracht: 66% | Bearish trend — ADX=33, EMA stack 
bearish
[ETH/USDT] Regime: bear_trend | Kracht: 57% | Bearish trend — ADX=28, EMA stack 
bearish
[SOL/USDT] Regime: bear_trend | Kracht: 72% | Bearish trend — ADX=36, EMA stack 
bearish

──────────────────────────── Cyclus #135 — 03:11:21 ────────────────────────────
Portfolio: $979.06  PnL: -2.09%  DD: 2.2%  Posities: 0  Trades: 39  WR: 
35.5%(51.2%+TP)
⚠ Throttle: 75% — streak=-2
Sentiment: neutraal (-0.21) | F&G: -0.32 | Nieuws: +0.00
[BTC/USDT] Regime: bear_trend | Kracht: 66% | Bearish trend — ADX=33, EMA stack 
bearish
[ETH/USDT] Regime: bear_trend | Kracht: 57% | Bearish trend — ADX=28, EMA stack 
bearish
[SOL/USDT] Regime: bear_trend | Kracht: 72% | Bearish trend — ADX=36, EMA stack 
bearish

──────────────────────────── Cyclus #136 — 03:12:33 ────────────────────────────
Portfolio: $979.06  PnL: -2.09%  DD: 2.2%  Posities: 0  Trades: 39  WR: 
35.5%(51.2%+TP)
⚠ Throttle: 75% — streak=-2
Sentiment: neutraal (-0.21) | F&G: -0.32 | Nieuws: +0.00
[BTC/USDT] Regime: bear_trend | Kracht: 66% | Bearish trend — ADX=33, EMA stack 
bearish
[ETH/USDT] Regime: bear_trend | Kracht: 57% | Bearish trend — ADX=28, EMA stack 
bearish
[SOL/USDT] Regime: bear_trend | Kracht: 72% | Bearish trend — ADX=36, EMA stack 
bearish

──────────────────────────── Cyclus #137 — 03:13:40 ────────────────────────────
Portfolio: $979.06  PnL: -2.09%  DD: 2.2%  Posities: 0  Trades: 39  WR: 
35.5%(51.2%+TP)
⚠ Throttle: 75% — streak=-2
Sentiment: neutraal (-0.21) | F&G: -0.32 | Nieuws: +0.00
[BTC/USDT] Regime: bear_trend | Kracht: 66% | Bearish trend — ADX=33, EMA stack 
bearish
[ETH/USDT] Regime: bear_trend | Kracht: 57% | Bearish trend — ADX=28, EMA stack 
bearish
[SOL/USDT] Regime: bear_trend | Kracht: 72% | Bearish trend — ADX=36, EMA stack 
bearish

──────────────────────────── Cyclus #138 — 03:14:48 ────────────────────────────
Portfolio: $979.06  PnL: -2.09%  DD: 2.2%  Posities: 0  Trades: 39  WR: 
35.5%(51.2%+TP)
⚠ Throttle: 75% — streak=-2
Sentiment: neutraal (-0.21) | F&G: -0.32 | Nieuws: +0.00
[BTC/USDT] Regime: bear_trend | Kracht: 66% | Bearish trend — ADX=33, EMA stack 
bearish
[ETH/USDT] Regime: bear_trend | Kracht: 57% | Bearish trend — ADX=28, EMA stack 
bearish
[SOL/USDT] Regime: bear_trend | Kracht: 72% | Bearish trend — ADX=36, EMA stack 
bearish

──────────────────────────── Cyclus #139 — 03:15:56 ────────────────────────────
Portfolio: $979.06  PnL: -2.09%  DD: 2.2%  Posities: 0  Trades: 39  WR: 
35.5%(51.2%+TP)
⚠ Throttle: 75% — streak=-2
Sentiment: neutraal (-0.21) | F&G: -0.32 | Nieuws: +0.00
[BTC/USDT] Regime: bear_trend | Kracht: 66% | Bearish trend — ADX=33, EMA stack 
bearish
[ETH/USDT] Regime: bear_trend | Kracht: 57% | Bearish trend — ADX=28, EMA stack 
bearish
[SOL/USDT] Regime: bear_trend | Kracht: 72% | Bearish trend — ADX=36, EMA stack 
bearish

──────────────────────────── Cyclus #140 — 03:17:04 ────────────────────────────
Portfolio: $979.06  PnL: -2.09%  DD: 2.2%  Posities: 0  Trades: 39  WR: 
35.5%(51.2%+TP)
⚠ Throttle: 75% — streak=-2
Sentiment: neutraal (-0.21) | F&G: -0.32 | Nieuws: +0.00
[BTC/USDT] Regime: bear_trend | Kracht: 66% | Bearish trend — ADX=33, EMA stack 
bearish
[ETH/USDT] Regime: bear_trend | Kracht: 57% | Bearish trend — ADX=28, EMA stack 
bearish
[SOL/USDT] Regime: bear_trend | Kracht: 73% | Bearish trend — ADX=36, EMA stack 
bearish

──────────────────────────── Cyclus #141 — 03:18:16 ────────────────────────────
Portfolio: $979.06  PnL: -2.09%  DD: 2.2%  Posities: 0  Trades: 39  WR: 
35.5%(51.2%+TP)
⚠ Throttle: 75% — streak=-2
Sentiment: neutraal (-0.21) | F&G: -0.32 | Nieuws: +0.00
[BTC/USDT] Regime: bear_trend | Kracht: 66% | Bearish trend — ADX=33, EMA stack 
bearish
[ETH/USDT] Regime: bear_trend | Kracht: 57% | Bearish trend — ADX=28, EMA stack 
bearish
[SOL/USDT] Regime: bear_trend | Kracht: 73% | Bearish trend — ADX=36, EMA stack 
bearish

──────────────────────────── Cyclus #142 — 03:19:24 ────────────────────────────
Portfolio: $979.06  PnL: -2.09%  DD: 2.2%  Posities: 0  Trades: 39  WR: 
35.5%(51.2%+TP)
⚠ Throttle: 75% — streak=-2
Sentiment: neutraal (-0.21) | F&G: -0.32 | Nieuws: +0.00
[BTC/USDT] Regime: bear_trend | Kracht: 66% | Bearish trend — ADX=33, EMA stack 
bearish
[ETH/USDT] Regime: bear_trend | Kracht: 57% | Bearish trend — ADX=28, EMA stack 
bearish
[SOL/USDT] Regime: bear_trend | Kracht: 73% | Bearish trend — ADX=36, EMA stack 
bearish

──────────────────────────── Cyclus #143 — 03:20:32 ────────────────────────────
Portfolio: $979.06  PnL: -2.09%  DD: 2.2%  Posities: 0  Trades: 39  WR: 
35.5%(51.2%+TP)
⚠ Throttle: 75% — streak=-2
Sentiment: neutraal (-0.21) | F&G: -0.32 | Nieuws: +0.00
[BTC/USDT] Regime: bear_trend | Kracht: 66% | Bearish trend — ADX=33, EMA stack 
bearish
[ETH/USDT] Regime: bear_trend | Kracht: 57% | Bearish trend — ADX=28, EMA stack 
bearish
[SOL/USDT] Regime: bear_trend | Kracht: 73% | Bearish trend — ADX=36, EMA stack 
bearish

──────────────────────────── Cyclus #144 — 03:21:40 ────────────────────────────
Portfolio: $979.06  PnL: -2.09%  DD: 2.2%  Posities: 0  Trades: 39  WR: 
35.5%(51.2%+TP)
⚠ Throttle: 75% — streak=-2
Sentiment: neutraal (-0.21) | F&G: -0.32 | Nieuws: +0.00
[BTC/USDT] Regime: bear_trend | Kracht: 66% | Bearish trend — ADX=33, EMA stack 
bearish
[ETH/USDT] Regime: bear_trend | Kracht: 57% | Bearish trend — ADX=28, EMA stack 
bearish
[SOL/USDT] Regime: bear_trend | Kracht: 73% | Bearish trend — ADX=36, EMA stack 
bearish

──────────────────────────── Cyclus #145 — 03:22:49 ────────────────────────────
Portfolio: $979.06  PnL: -2.09%  DD: 2.2%  Posities: 0  Trades: 39  WR: 
35.5%(51.2%+TP)
⚠ Throttle: 75% — streak=-2
Sentiment: neutraal (-0.21) | F&G: -0.32 | Nieuws: +0.00
[BTC/USDT] Regime: bear_trend | Kracht: 66% | Bearish trend — ADX=33, EMA stack 
bearish
[ETH/USDT] Regime: bear_trend | Kracht: 57% | Bearish trend — ADX=28, EMA stack 
bearish
[SOL/USDT] Regime: bear_trend | Kracht: 73% | Bearish trend — ADX=36, EMA stack 
bearish

──────────────────────────── Cyclus #146 — 03:24:01 ────────────────────────────
Portfolio: $979.06  PnL: -2.09%  DD: 2.2%  Posities: 0  Trades: 39  WR: 
35.5%(51.2%+TP)
⚠ Throttle: 75% — streak=-2
Sentiment: neutraal (-0.21) | F&G: -0.32 | Nieuws: +0.00
[BTC/USDT] Regime: bear_trend | Kracht: 66% | Bearish trend — ADX=33, EMA stack 
bearish
[ETH/USDT] Regime: bear_trend | Kracht: 57% | Bearish trend — ADX=28, EMA stack 
bearish
[SOL/USDT] Regime: bear_trend | Kracht: 73% | Bearish trend — ADX=36, EMA stack 
bearish

──────────────────────────── Cyclus #147 — 03:25:10 ────────────────────────────
Portfolio: $979.06  PnL: -2.09%  DD: 2.2%  Posities: 0  Trades: 39  WR: 
35.5%(51.2%+TP)
⚠ Throttle: 75% — streak=-2
Sentiment: neutraal (-0.21) | F&G: -0.32 | Nieuws: +0.00
[BTC/USDT] Regime: bear_trend | Kracht: 66% | Bearish trend — ADX=33, EMA stack 
bearish
[ETH/USDT] Regime: bear_trend | Kracht: 57% | Bearish trend — ADX=28, EMA stack 
bearish
[SOL/USDT] Regime: bear_trend | Kracht: 73% | Bearish trend — ADX=36, EMA stack 
bearish

──────────────────────────── Cyclus #148 — 03:26:17 ────────────────────────────
Portfolio: $979.06  PnL: -2.09%  DD: 2.2%  Posities: 0  Trades: 39  WR: 
35.5%(51.2%+TP)
⚠ Throttle: 75% — streak=-2
Sentiment: neutraal (-0.21) | F&G: -0.32 | Nieuws: +0.00
[BTC/USDT] Regime: bear_trend | Kracht: 66% | Bearish trend — ADX=33, EMA stack 
bearish
[ETH/USDT] Regime: bear_trend | Kracht: 57% | Bearish trend — ADX=28, EMA stack 
bearish
[SOL/USDT] Regime: bear_trend | Kracht: 73% | Bearish trend — ADX=36, EMA stack 
bearish

──────────────────────────── Cyclus #149 — 03:27:26 ────────────────────────────
Portfolio: $979.06  PnL: -2.09%  DD: 2.2%  Posities: 0  Trades: 39  WR: 
35.5%(51.2%+TP)
⚠ Throttle: 75% — streak=-2
Sentiment: neutraal (-0.21) | F&G: -0.32 | Nieuws: +0.00
[BTC/USDT] Regime: bear_trend | Kracht: 66% | Bearish trend — ADX=33, EMA stack 
bearish
[ETH/USDT] Regime: bear_trend | Kracht: 57% | Bearish trend — ADX=28, EMA stack 
bearish
[SOL/USDT] Regime: bear_trend | Kracht: 73% | Bearish trend — ADX=36, EMA stack 
bearish

──────────────────────────── Cyclus #150 — 03:28:34 ────────────────────────────
Portfolio: $979.06  PnL: -2.09%  DD: 2.2%  Posities: 0  Trades: 39  WR: 
35.5%(51.2%+TP)
⚠ Throttle: 75% — streak=-2
Sentiment: neutraal (-0.21) | F&G: -0.32 | Nieuws: +0.00
[BTC/USDT] Regime: bear_trend | Kracht: 66% | Bearish trend — ADX=33, EMA stack 
bearish
[ETH/USDT] Regime: bear_trend | Kracht: 57% | Bearish trend — ADX=28, EMA stack 
bearish
[SOL/USDT] Regime: bear_trend | Kracht: 73% | Bearish trend — ADX=36, EMA stack 
bearish

──────────────────────────── Cyclus #151 — 03:29:47 ────────────────────────────
Portfolio: $979.06  PnL: -2.09%  DD: 2.2%  Posities: 0  Trades: 39  WR: 
35.5%(51.2%+TP)
⚠ Throttle: 75% — streak=-2
Sentiment: neutraal (-0.21) | F&G: -0.32 | Nieuws: +0.00
[BTC/USDT] Regime: bear_trend | Kracht: 66% | Bearish trend — ADX=33, EMA stack 
bearish
[ETH/USDT] Regime: bear_trend | Kracht: 57% | Bearish trend — ADX=28, EMA stack 
bearish
[SOL/USDT] Regime: bear_trend | Kracht: 73% | Bearish trend — ADX=36, EMA stack 
bearish

──────────────────────────── Cyclus #152 — 03:30:55 ────────────────────────────
Portfolio: $979.06  PnL: -2.09%  DD: 2.2%  Posities: 0  Trades: 39  WR: 
35.5%(51.2%+TP)
⚠ Throttle: 75% — streak=-2
Sentiment: neutraal (-0.21) | F&G: -0.32 | Nieuws: +0.00
[BTC/USDT] Regime: bear_trend | Kracht: 66% | Bearish trend — ADX=33, EMA stack 
bearish
[ETH/USDT] Regime: bear_trend | Kracht: 57% | Bearish trend — ADX=28, EMA stack 
bearish
[SOL/USDT] Regime: bear_trend | Kracht: 73% | Bearish trend — ADX=36, EMA stack 
bearish

──────────────────────────── Cyclus #153 — 03:32:03 ────────────────────────────
Portfolio: $979.06  PnL: -2.09%  DD: 2.2%  Posities: 0  Trades: 39  WR: 
35.5%(51.2%+TP)
⚠ Throttle: 75% — streak=-2
Sentiment: neutraal (-0.21) | F&G: -0.32 | Nieuws: +0.00
[BTC/USDT] Regime: bear_trend | Kracht: 66% | Bearish trend — ADX=33, EMA stack 
bearish
[ETH/USDT] Regime: bear_trend | Kracht: 57% | Bearish trend — ADX=28, EMA stack 
bearish
[SOL/USDT] Regime: bear_trend | Kracht: 73% | Bearish trend — ADX=36, EMA stack 
bearish

──────────────────────────── Cyclus #154 — 03:33:11 ────────────────────────────
Portfolio: $979.06  PnL: -2.09%  DD: 2.2%  Posities: 0  Trades: 39  WR: 
35.5%(51.2%+TP)
⚠ Throttle: 75% — streak=-2
Sentiment: neutraal (-0.21) | F&G: -0.32 | Nieuws: +0.00
[BTC/USDT] Regime: bear_trend | Kracht: 66% | Bearish trend — ADX=33, EMA stack 
bearish
[ETH/USDT] Regime: bear_trend | Kracht: 57% | Bearish trend — ADX=28, EMA stack 
bearish
[SOL/USDT] Regime: bear_trend | Kracht: 73% | Bearish trend — ADX=36, EMA stack 
bearish

──────────────────────────── Cyclus #155 — 03:34:19 ────────────────────────────
Portfolio: $979.06  PnL: -2.09%  DD: 2.2%  Posities: 0  Trades: 39  WR: 
35.5%(51.2%+TP)
⚠ Throttle: 75% — streak=-2
Sentiment: neutraal (-0.21) | F&G: -0.32 | Nieuws: +0.00
[BTC/USDT] Regime: bear_trend | Kracht: 66% | Bearish trend — ADX=33, EMA stack 
bearish
[ETH/USDT] Regime: bear_trend | Kracht: 57% | Bearish trend — ADX=28, EMA stack 
bearish
[SOL/USDT] Regime: bear_trend | Kracht: 73% | Bearish trend — ADX=36, EMA stack 
bearish

──────────────────────────── Cyclus #156 — 03:35:30 ────────────────────────────
Portfolio: $979.06  PnL: -2.09%  DD: 2.2%  Posities: 0  Trades: 39  WR: 
35.5%(51.2%+TP)
⚠ Throttle: 75% — streak=-2
Sentiment: neutraal (-0.21) | F&G: -0.32 | Nieuws: +0.00
[BTC/USDT] Regime: bear_trend | Kracht: 66% | Bearish trend — ADX=33, EMA stack 
bearish
[ETH/USDT] Regime: bear_trend | Kracht: 57% | Bearish trend — ADX=28, EMA stack 
bearish
[SOL/USDT] Regime: bear_trend | Kracht: 73% | Bearish trend — ADX=36, EMA stack 
bearish

──────────────────────────── Cyclus #157 — 03:36:39 ────────────────────────────
Portfolio: $979.06  PnL: -2.09%  DD: 2.2%  Posities: 0  Trades: 39  WR: 
35.5%(51.2%+TP)
⚠ Throttle: 75% — streak=-2
Sentiment: neutraal (-0.21) | F&G: -0.32 | Nieuws: +0.00
[BTC/USDT] Regime: bear_trend | Kracht: 66% | Bearish trend — ADX=33, EMA stack 
bearish
[ETH/USDT] Regime: bear_trend | Kracht: 57% | Bearish trend — ADX=28, EMA stack 
bearish
[SOL/USDT] Regime: bear_trend | Kracht: 73% | Bearish trend — ADX=36, EMA stack 
bearish

──────────────────────────── Cyclus #158 — 03:37:47 ────────────────────────────
Portfolio: $979.06  PnL: -2.09%  DD: 2.2%  Posities: 0  Trades: 39  WR: 
35.5%(51.2%+TP)
⚠ Throttle: 75% — streak=-2
Sentiment: neutraal (-0.21) | F&G: -0.32 | Nieuws: +0.00
[BTC/USDT] Regime: bear_trend | Kracht: 66% | Bearish trend — ADX=33, EMA stack 
bearish
[ETH/USDT] Regime: bear_trend | Kracht: 57% | Bearish trend — ADX=28, EMA stack 
bearish
[SOL/USDT] Regime: bear_trend | Kracht: 73% | Bearish trend — ADX=36, EMA stack 
bearish

──────────────────────────── Cyclus #159 — 03:38:55 ────────────────────────────
Portfolio: $979.06  PnL: -2.09%  DD: 2.2%  Posities: 0  Trades: 39  WR: 
35.5%(51.2%+TP)
⚠ Throttle: 75% — streak=-2
Sentiment: neutraal (-0.21) | F&G: -0.32 | Nieuws: +0.00
[BTC/USDT] Regime: bear_trend | Kracht: 66% | Bearish trend — ADX=33, EMA stack 
bearish
[ETH/USDT] Regime: bear_trend | Kracht: 57% | Bearish trend — ADX=28, EMA stack 
bearish
[SOL/USDT] Regime: bear_trend | Kracht: 73% | Bearish trend — ADX=36, EMA stack 
bearish

──────────────────────────── Cyclus #160 — 03:40:03 ────────────────────────────
Portfolio: $979.06  PnL: -2.09%  DD: 2.2%  Posities: 0  Trades: 39  WR: 
35.5%(51.2%+TP)
⚠ Throttle: 75% — streak=-2
Sentiment: neutraal (-0.21) | F&G: -0.32 | Nieuws: +0.00
[BTC/USDT] Regime: bear_trend | Kracht: 66% | Bearish trend — ADX=33, EMA stack 
bearish
[ETH/USDT] Regime: bear_trend | Kracht: 57% | Bearish trend — ADX=28, EMA stack 
bearish
[SOL/USDT] Regime: bear_trend | Kracht: 73% | Bearish trend — ADX=36, EMA stack 
bearish

──────────────────────────── Cyclus #161 — 03:41:15 ────────────────────────────
Portfolio: $979.06  PnL: -2.09%  DD: 2.2%  Posities: 0  Trades: 39  WR: 
35.5%(51.2%+TP)
⚠ Throttle: 75% — streak=-2
Sentiment: neutraal (-0.21) | F&G: -0.32 | Nieuws: +0.00
[BTC/USDT] Regime: bear_trend | Kracht: 66% | Bearish trend — ADX=33, EMA stack 
bearish
[ETH/USDT] Regime: bear_trend | Kracht: 57% | Bearish trend — ADX=28, EMA stack 
bearish
[SOL/USDT] Regime: bear_trend | Kracht: 73% | Bearish trend — ADX=36, EMA stack 
bearish

──────────────────────────── Cyclus #162 — 03:42:23 ────────────────────────────
Portfolio: $979.06  PnL: -2.09%  DD: 2.2%  Posities: 0  Trades: 39  WR: 
35.5%(51.2%+TP)
⚠ Throttle: 75% — streak=-2
Sentiment: neutraal (-0.21) | F&G: -0.32 | Nieuws: +0.00
[BTC/USDT] Regime: bear_trend | Kracht: 66% | Bearish trend — ADX=33, EMA stack 
bearish
[ETH/USDT] Regime: bear_trend | Kracht: 57% | Bearish trend — ADX=28, EMA stack 
bearish
[SOL/USDT] Regime: bear_trend | Kracht: 73% | Bearish trend — ADX=36, EMA stack 
bearish

──────────────────────────── Cyclus #163 — 03:43:31 ────────────────────────────
Portfolio: $979.06  PnL: -2.09%  DD: 2.2%  Posities: 0  Trades: 39  WR: 
35.5%(51.2%+TP)
⚠ Throttle: 75% — streak=-2
Sentiment: neutraal (-0.21) | F&G: -0.32 | Nieuws: +0.00
[BTC/USDT] Regime: bear_trend | Kracht: 66% | Bearish trend — ADX=33, EMA stack 
bearish
[ETH/USDT] Regime: bear_trend | Kracht: 57% | Bearish trend — ADX=28, EMA stack 
bearish
[SOL/USDT] Regime: bear_trend | Kracht: 73% | Bearish trend — ADX=36, EMA stack 
bearish

──────────────────────────── Cyclus #164 — 03:44:39 ────────────────────────────
Portfolio: $979.06  PnL: -2.09%  DD: 2.2%  Posities: 0  Trades: 39  WR: 
35.5%(51.2%+TP)
⚠ Throttle: 75% — streak=-2
Sentiment: neutraal (-0.21) | F&G: -0.32 | Nieuws: +0.00
[BTC/USDT] Regime: bear_trend | Kracht: 66% | Bearish trend — ADX=33, EMA stack 
bearish
[ETH/USDT] Regime: bear_trend | Kracht: 57% | Bearish trend — ADX=28, EMA stack 
bearish
[SOL/USDT] Regime: bear_trend | Kracht: 73% | Bearish trend — ADX=36, EMA stack 
bearish

──────────────────────────── Cyclus #165 — 03:45:48 ────────────────────────────
Portfolio: $979.06  PnL: -2.09%  DD: 2.2%  Posities: 0  Trades: 39  WR: 
35.5%(51.2%+TP)
⚠ Throttle: 75% — streak=-2
Sentiment: neutraal (-0.21) | F&G: -0.32 | Nieuws: +0.00
[BTC/USDT] Regime: bear_trend | Kracht: 66% | Bearish trend — ADX=33, EMA stack 
bearish
[ETH/USDT] Regime: bear_trend | Kracht: 57% | Bearish trend — ADX=28, EMA stack 
bearish
[SOL/USDT] Regime: bear_trend | Kracht: 73% | Bearish trend — ADX=36, EMA stack 
bearish

──────────────────────────── Cyclus #166 — 03:46:59 ────────────────────────────
Portfolio: $979.06  PnL: -2.09%  DD: 2.2%  Posities: 0  Trades: 39  WR: 
35.5%(51.2%+TP)
⚠ Throttle: 75% — streak=-2
Sentiment: neutraal (-0.21) | F&G: -0.32 | Nieuws: +0.00
[BTC/USDT] Regime: bear_trend | Kracht: 66% | Bearish trend — ADX=33, EMA stack 
bearish
[ETH/USDT] Regime: bear_trend | Kracht: 57% | Bearish trend — ADX=28, EMA stack 
bearish
[SOL/USDT] Regime: bear_trend | Kracht: 73% | Bearish trend — ADX=36, EMA stack 
bearish

──────────────────────────── Cyclus #167 — 03:48:07 ────────────────────────────
Portfolio: $979.06  PnL: -2.09%  DD: 2.2%  Posities: 0  Trades: 39  WR: 
35.5%(51.2%+TP)
⚠ Throttle: 75% — streak=-2
Sentiment: neutraal (-0.21) | F&G: -0.32 | Nieuws: +0.00
[BTC/USDT] Regime: bear_trend | Kracht: 66% | Bearish trend — ADX=33, EMA stack 
bearish
[ETH/USDT] Regime: bear_trend | Kracht: 57% | Bearish trend — ADX=28, EMA stack 
bearish
[SOL/USDT] Regime: bear_trend | Kracht: 73% | Bearish trend — ADX=36, EMA stack 
bearish

──────────────────────────── Cyclus #168 — 03:49:15 ────────────────────────────
Portfolio: $979.06  PnL: -2.09%  DD: 2.2%  Posities: 0  Trades: 39  WR: 
35.5%(51.2%+TP)
⚠ Throttle: 75% — streak=-2
Sentiment: neutraal (-0.21) | F&G: -0.32 | Nieuws: +0.00
[BTC/USDT] Regime: bear_trend | Kracht: 66% | Bearish trend — ADX=33, EMA stack 
bearish
[ETH/USDT] Regime: bear_trend | Kracht: 57% | Bearish trend — ADX=28, EMA stack 
bearish
[SOL/USDT] Regime: bear_trend | Kracht: 73% | Bearish trend — ADX=36, EMA stack 
bearish

──────────────────────────── Cyclus #169 — 03:50:23 ────────────────────────────
Portfolio: $979.06  PnL: -2.09%  DD: 2.2%  Posities: 0  Trades: 39  WR: 
35.5%(51.2%+TP)
⚠ Throttle: 75% — streak=-2
Sentiment: neutraal (-0.21) | F&G: -0.32 | Nieuws: +0.00
[BTC/USDT] Regime: bear_trend | Kracht: 66% | Bearish trend — ADX=33, EMA stack 
bearish
[ETH/USDT] Regime: bear_trend | Kracht: 57% | Bearish trend — ADX=28, EMA stack 
bearish
[SOL/USDT] Regime: bear_trend | Kracht: 73% | Bearish trend — ADX=36, EMA stack 
bearish

──────────────────────────── Cyclus #170 — 03:51:32 ────────────────────────────
Portfolio: $979.06  PnL: -2.09%  DD: 2.2%  Posities: 0  Trades: 39  WR: 
35.5%(51.2%+TP)
⚠ Throttle: 75% — streak=-2
Sentiment: neutraal (-0.21) | F&G: -0.32 | Nieuws: +0.00
[BTC/USDT] Regime: bear_trend | Kracht: 66% | Bearish trend — ADX=33, EMA stack 
bearish
[ETH/USDT] Regime: bear_trend | Kracht: 57% | Bearish trend — ADX=28, EMA stack 
bearish
[SOL/USDT] Regime: bear_trend | Kracht: 73% | Bearish trend — ADX=36, EMA stack 
bearish

──────────────────────────── Cyclus #171 — 03:52:44 ────────────────────────────
Portfolio: $979.06  PnL: -2.09%  DD: 2.2%  Posities: 0  Trades: 39  WR: 
35.5%(51.2%+TP)
⚠ Throttle: 75% — streak=-2
Sentiment: neutraal (-0.21) | F&G: -0.32 | Nieuws: +0.00
[BTC/USDT] Regime: bear_trend | Kracht: 66% | Bearish trend — ADX=33, EMA stack 
bearish
[ETH/USDT] Regime: bear_trend | Kracht: 57% | Bearish trend — ADX=28, EMA stack 
bearish
[SOL/USDT] Regime: bear_trend | Kracht: 73% | Bearish trend — ADX=36, EMA stack 
bearish

──────────────────────────── Cyclus #172 — 03:53:52 ────────────────────────────
Portfolio: $979.06  PnL: -2.09%  DD: 2.2%  Posities: 0  Trades: 39  WR: 
35.5%(51.2%+TP)
⚠ Throttle: 75% — streak=-2
Sentiment: neutraal (-0.21) | F&G: -0.32 | Nieuws: +0.00
[BTC/USDT] Regime: bear_trend | Kracht: 66% | Bearish trend — ADX=33, EMA stack 
bearish
[ETH/USDT] Regime: bear_trend | Kracht: 57% | Bearish trend — ADX=28, EMA stack 
bearish
[SOL/USDT] Regime: bear_trend | Kracht: 73% | Bearish trend — ADX=36, EMA stack 
bearish

──────────────────────────── Cyclus #173 — 03:55:00 ────────────────────────────
Portfolio: $979.06  PnL: -2.09%  DD: 2.2%  Posities: 0  Trades: 39  WR: 
35.5%(51.2%+TP)
⚠ Throttle: 75% — streak=-2
Sentiment: neutraal (-0.21) | F&G: -0.32 | Nieuws: +0.00
[BTC/USDT] Regime: bear_trend | Kracht: 66% | Bearish trend — ADX=33, EMA stack 
bearish
[ETH/USDT] Regime: bear_trend | Kracht: 57% | Bearish trend — ADX=28, EMA stack 
bearish
[SOL/USDT] Regime: bear_trend | Kracht: 73% | Bearish trend — ADX=36, EMA stack 
bearish

──────────────────────────── Cyclus #174 — 03:56:08 ────────────────────────────
Portfolio: $979.06  PnL: -2.09%  DD: 2.2%  Posities: 0  Trades: 39  WR: 
35.5%(51.2%+TP)
⚠ Throttle: 75% — streak=-2
Sentiment: neutraal (-0.21) | F&G: -0.32 | Nieuws: +0.00
[BTC/USDT] Regime: bear_trend | Kracht: 66% | Bearish trend — ADX=33, EMA stack 
bearish
[ETH/USDT] Regime: bear_trend | Kracht: 57% | Bearish trend — ADX=28, EMA stack 
bearish
[SOL/USDT] Regime: bear_trend | Kracht: 73% | Bearish trend — ADX=36, EMA stack 
bearish

──────────────────────────── Cyclus #175 — 03:57:16 ────────────────────────────
Portfolio: $979.06  PnL: -2.09%  DD: 2.2%  Posities: 0  Trades: 39  WR: 
35.5%(51.2%+TP)
⚠ Throttle: 75% — streak=-2
Sentiment: neutraal (-0.21) | F&G: -0.32 | Nieuws: +0.00
[BTC/USDT] Regime: bear_trend | Kracht: 66% | Bearish trend — ADX=33, EMA stack 
bearish
[ETH/USDT] Regime: bear_trend | Kracht: 57% | Bearish trend — ADX=28, EMA stack 
bearish
[SOL/USDT] Regime: bear_trend | Kracht: 73% | Bearish trend — ADX=36, EMA stack 
bearish

──────────────────────────── Cyclus #176 — 03:58:28 ────────────────────────────
Portfolio: $979.06  PnL: -2.09%  DD: 2.2%  Posities: 0  Trades: 39  WR: 
35.5%(51.2%+TP)
⚠ Throttle: 75% — streak=-2
Sentiment: neutraal (-0.21) | F&G: -0.32 | Nieuws: +0.00
[BTC/USDT] Regime: bear_trend | Kracht: 66% | Bearish trend — ADX=33, EMA stack 
bearish
[ETH/USDT] Regime: bear_trend | Kracht: 57% | Bearish trend — ADX=28, EMA stack 
bearish
[SOL/USDT] Regime: bear_trend | Kracht: 73% | Bearish trend — ADX=36, EMA stack 
bearish

──────────────────────────── Cyclus #177 — 03:59:35 ────────────────────────────
Portfolio: $979.06  PnL: -2.09%  DD: 2.2%  Posities: 0  Trades: 39  WR: 
35.5%(51.2%+TP)
⚠ Throttle: 75% — streak=-2
Sentiment: neutraal (-0.21) | F&G: -0.32 | Nieuws: +0.00
[BTC/USDT] Regime: bear_trend | Kracht: 66% | Bearish trend — ADX=33, EMA stack 
bearish
[ETH/USDT] Regime: bear_trend | Kracht: 57% | Bearish trend — ADX=28, EMA stack 
bearish
[SOL/USDT] Regime: bear_trend | Kracht: 73% | Bearish trend — ADX=36, EMA stack 
bearish

──────────────────────────── Cyclus #178 — 04:00:44 ────────────────────────────
Portfolio: $979.06  PnL: -2.09%  DD: 2.2%  Posities: 0  Trades: 39  WR: 
35.5%(51.2%+TP)
⚠ Throttle: 75% — streak=-2
Sentiment: neutraal (-0.21) | F&G: -0.32 | Nieuws: +0.00
[BTC/USDT] Regime: bear_trend | Kracht: 65% | Bearish trend — ADX=33, EMA stack 
bearish
[ETH/USDT] Regime: bear_trend | Kracht: 56% | Bearish trend — ADX=28, EMA stack 
bearish
[SOL/USDT] Regime: bear_trend | Kracht: 74% | Bearish trend — ADX=37, EMA stack 
bearish

──────────────────────────── Cyclus #179 — 04:01:52 ────────────────────────────
Portfolio: $979.06  PnL: -2.09%  DD: 2.2%  Posities: 0  Trades: 39  WR: 
35.5%(51.2%+TP)
⚠ Throttle: 75% — streak=-2
Sentiment: neutraal (-0.21) | F&G: -0.32 | Nieuws: +0.00
[BTC/USDT] Regime: bear_trend | Kracht: 65% | Bearish trend — ADX=33, EMA stack 
bearish
[ETH/USDT] Regime: bear_trend | Kracht: 56% | Bearish trend — ADX=28, EMA stack 
bearish
[SOL/USDT] Regime: bear_trend | Kracht: 74% | Bearish trend — ADX=37, EMA stack 
bearish

──────────────────────────── Cyclus #180 — 04:03:00 ────────────────────────────
Portfolio: $979.06  PnL: -2.09%  DD: 2.2%  Posities: 0  Trades: 39  WR: 
35.5%(51.2%+TP)
⚠ Throttle: 75% — streak=-2
Sentiment: neutraal (-0.21) | F&G: -0.32 | Nieuws: +0.00
[BTC/USDT] Regime: bear_trend | Kracht: 65% | Bearish trend — ADX=33, EMA stack 
bearish
[ETH/USDT] Regime: bear_trend | Kracht: 56% | Bearish trend — ADX=28, EMA stack 
bearish
[SOL/USDT] Regime: bear_trend | Kracht: 74% | Bearish trend — ADX=37, EMA stack 
bearish

──────────────────────────── Cyclus #181 — 04:04:14 ────────────────────────────
Portfolio: $979.06  PnL: -2.09%  DD: 2.2%  Posities: 0  Trades: 39  WR: 
35.5%(51.2%+TP)
⚠ Throttle: 75% — streak=-2
Sentiment: Angst (-0.21) | F&G: -0.32 | Nieuws: +0.00
[BTC/USDT] Regime: bear_trend | Kracht: 65% | Bearish trend — ADX=33, EMA stack 
bearish
[ETH/USDT] Regime: bear_trend | Kracht: 56% | Bearish trend — ADX=28, EMA stack 
bearish
[SOL/USDT] Regime: bear_trend | Kracht: 74% | Bearish trend — ADX=37, EMA stack 
bearish

──────────────────────────── Cyclus #182 — 04:05:23 ────────────────────────────
Portfolio: $979.06  PnL: -2.09%  DD: 2.2%  Posities: 0  Trades: 39  WR: 
35.5%(51.2%+TP)
⚠ Throttle: 75% — streak=-2
Sentiment: Angst (-0.21) | F&G: -0.32 | Nieuws: +0.00
[BTC/USDT] Regime: bear_trend | Kracht: 65% | Bearish trend — ADX=33, EMA stack 
bearish
[ETH/USDT] Regime: bear_trend | Kracht: 56% | Bearish trend — ADX=28, EMA stack 
bearish
[SOL/USDT] Regime: bear_trend | Kracht: 74% | Bearish trend — ADX=37, EMA stack 
bearish

──────────────────────────── Cyclus #183 — 04:06:30 ────────────────────────────
Portfolio: $979.06  PnL: -2.09%  DD: 2.2%  Posities: 0  Trades: 39  WR: 
35.5%(51.2%+TP)
⚠ Throttle: 75% — streak=-2
Sentiment: Angst (-0.21) | F&G: -0.32 | Nieuws: +0.00
[BTC/USDT] Regime: bear_trend | Kracht: 65% | Bearish trend — ADX=33, EMA stack 
bearish
[ETH/USDT] Regime: bear_trend | Kracht: 56% | Bearish trend — ADX=28, EMA stack 
bearish
[SOL/USDT] Regime: bear_trend | Kracht: 74% | Bearish trend — ADX=37, EMA stack 
bearish

──────────────────────────── Cyclus #184 — 04:07:39 ────────────────────────────
Portfolio: $979.06  PnL: -2.09%  DD: 2.2%  Posities: 0  Trades: 39  WR: 
35.5%(51.2%+TP)
⚠ Throttle: 75% — streak=-2
Sentiment: Angst (-0.21) | F&G: -0.32 | Nieuws: +0.00
[BTC/USDT] Regime: bear_trend | Kracht: 65% | Bearish trend — ADX=33, EMA stack 
bearish
[ETH/USDT] Regime: bear_trend | Kracht: 56% | Bearish trend — ADX=28, EMA stack 
bearish
[SOL/USDT] Regime: bear_trend | Kracht: 74% | Bearish trend — ADX=37, EMA stack 
bearish

──────────────────────────── Cyclus #185 — 04:08:46 ────────────────────────────
Portfolio: $979.06  PnL: -2.09%  DD: 2.2%  Posities: 0  Trades: 39  WR: 
35.5%(51.2%+TP)
⚠ Throttle: 75% — streak=-2
Sentiment: Angst (-0.21) | F&G: -0.32 | Nieuws: +0.00
[BTC/USDT] Regime: bear_trend | Kracht: 65% | Bearish trend — ADX=33, EMA stack 
bearish
[ETH/USDT] Regime: bear_trend | Kracht: 56% | Bearish trend — ADX=28, EMA stack 
bearish
[SOL/USDT] Regime: bear_trend | Kracht: 74% | Bearish trend — ADX=37, EMA stack 
bearish

──────────────────────────── Cyclus #186 — 04:09:58 ────────────────────────────
Portfolio: $979.06  PnL: -2.09%  DD: 2.2%  Posities: 0  Trades: 39  WR: 
35.5%(51.2%+TP)
⚠ Throttle: 75% — streak=-2
Sentiment: Angst (-0.21) | F&G: -0.32 | Nieuws: +0.00
[BTC/USDT] Regime: bear_trend | Kracht: 65% | Bearish trend — ADX=33, EMA stack 
bearish
[ETH/USDT] Regime: bear_trend | Kracht: 56% | Bearish trend — ADX=28, EMA stack 
bearish
[SOL/USDT] Regime: bear_trend | Kracht: 74% | Bearish trend — ADX=37, EMA stack 
bearish

──────────────────────────── Cyclus #187 — 04:11:05 ────────────────────────────
Portfolio: $979.06  PnL: -2.09%  DD: 2.2%  Posities: 0  Trades: 39  WR: 
35.5%(51.2%+TP)
⚠ Throttle: 75% — streak=-2
Sentiment: Angst (-0.21) | F&G: -0.32 | Nieuws: +0.00
[BTC/USDT] Regime: bear_trend | Kracht: 65% | Bearish trend — ADX=33, EMA stack 
bearish
[ETH/USDT] Regime: bear_trend | Kracht: 56% | Bearish trend — ADX=28, EMA stack 
bearish
[SOL/USDT] Regime: bear_trend | Kracht: 74% | Bearish trend — ADX=37, EMA stack 
bearish

──────────────────────────── Cyclus #188 — 04:12:13 ────────────────────────────
Portfolio: $979.06  PnL: -2.09%  DD: 2.2%  Posities: 0  Trades: 39  WR: 
35.5%(51.2%+TP)
⚠ Throttle: 75% — streak=-2
Sentiment: Angst (-0.21) | F&G: -0.32 | Nieuws: +0.00
[BTC/USDT] Regime: bear_trend | Kracht: 65% | Bearish trend — ADX=33, EMA stack 
bearish
[ETH/USDT] Regime: bear_trend | Kracht: 56% | Bearish trend — ADX=28, EMA stack 
bearish
[SOL/USDT] Regime: bear_trend | Kracht: 74% | Bearish trend — ADX=37, EMA stack 
bearish

──────────────────────────── Cyclus #189 — 04:13:21 ────────────────────────────
Portfolio: $979.06  PnL: -2.09%  DD: 2.2%  Posities: 0  Trades: 39  WR: 
35.5%(51.2%+TP)
⚠ Throttle: 75% — streak=-2
Sentiment: Angst (-0.21) | F&G: -0.32 | Nieuws: +0.00
[BTC/USDT] Regime: bear_trend | Kracht: 65% | Bearish trend — ADX=33, EMA stack 
bearish
[ETH/USDT] Regime: bear_trend | Kracht: 56% | Bearish trend — ADX=28, EMA stack 
bearish
[SOL/USDT] Regime: bear_trend | Kracht: 74% | Bearish trend — ADX=37, EMA stack 
bearish

──────────────────────────── Cyclus #190 — 04:14:29 ────────────────────────────
Portfolio: $979.06  PnL: -2.09%  DD: 2.2%  Posities: 0  Trades: 39  WR: 
35.5%(51.2%+TP)
⚠ Throttle: 75% — streak=-2
Sentiment: Angst (-0.21) | F&G: -0.32 | Nieuws: +0.00
[BTC/USDT] Regime: bear_trend | Kracht: 65% | Bearish trend — ADX=33, EMA stack 
bearish
[ETH/USDT] Regime: bear_trend | Kracht: 56% | Bearish trend — ADX=28, EMA stack 
bearish
[SOL/USDT] Regime: bear_trend | Kracht: 74% | Bearish trend — ADX=37, EMA stack 
bearish

──────────────────────────── Cyclus #191 — 04:15:41 ────────────────────────────
Portfolio: $979.06  PnL: -2.09%  DD: 2.2%  Posities: 0  Trades: 39  WR: 
35.5%(51.2%+TP)
⚠ Throttle: 75% — streak=-2
Sentiment: neutraal (-0.21) | F&G: -0.32 | Nieuws: +0.00
[BTC/USDT] Regime: bear_trend | Kracht: 65% | Bearish trend — ADX=33, EMA stack 
bearish
[ETH/USDT] Regime: bear_trend | Kracht: 56% | Bearish trend — ADX=28, EMA stack 
bearish
[SOL/USDT] Regime: bear_trend | Kracht: 74% | Bearish trend — ADX=37, EMA stack 
bearish

──────────────────────────── Cyclus #192 — 04:16:48 ────────────────────────────
Portfolio: $979.06  PnL: -2.09%  DD: 2.2%  Posities: 0  Trades: 39  WR: 
35.5%(51.2%+TP)
⚠ Throttle: 75% — streak=-2
Sentiment: neutraal (-0.21) | F&G: -0.32 | Nieuws: +0.00
[BTC/USDT] Regime: bear_trend | Kracht: 65% | Bearish trend — ADX=33, EMA stack 
bearish
[ETH/USDT] Regime: bear_trend | Kracht: 56% | Bearish trend — ADX=28, EMA stack 
bearish
[SOL/USDT] Regime: bear_trend | Kracht: 74% | Bearish trend — ADX=37, EMA stack 
bearish

──────────────────────────── Cyclus #193 — 04:17:58 ────────────────────────────
Portfolio: $979.06  PnL: -2.09%  DD: 2.2%  Posities: 0  Trades: 39  WR: 
35.5%(51.2%+TP)
⚠ Throttle: 75% — streak=-2
Sentiment: neutraal (-0.21) | F&G: -0.32 | Nieuws: +0.00
[BTC/USDT] Regime: bear_trend | Kracht: 65% | Bearish trend — ADX=33, EMA stack 
bearish
[ETH/USDT] Regime: bear_trend | Kracht: 56% | Bearish trend — ADX=28, EMA stack 
bearish
[SOL/USDT] Regime: bear_trend | Kracht: 74% | Bearish trend — ADX=37, EMA stack 
bearish

──────────────────────────── Cyclus #194 — 04:19:06 ────────────────────────────
Portfolio: $979.06  PnL: -2.09%  DD: 2.2%  Posities: 0  Trades: 39  WR: 
35.5%(51.2%+TP)
⚠ Throttle: 75% — streak=-2
Sentiment: neutraal (-0.21) | F&G: -0.32 | Nieuws: +0.00
[BTC/USDT] Regime: bear_trend | Kracht: 65% | Bearish trend — ADX=33, EMA stack 
bearish
[ETH/USDT] Regime: bear_trend | Kracht: 56% | Bearish trend — ADX=28, EMA stack 
bearish
[SOL/USDT] Regime: bear_trend | Kracht: 74% | Bearish trend — ADX=37, EMA stack 
bearish

──────────────────────────── Cyclus #195 — 04:20:14 ────────────────────────────
Portfolio: $979.06  PnL: -2.09%  DD: 2.2%  Posities: 0  Trades: 39  WR: 
35.5%(51.2%+TP)
⚠ Throttle: 75% — streak=-2
Sentiment: neutraal (-0.21) | F&G: -0.32 | Nieuws: +0.00
[BTC/USDT] Regime: bear_trend | Kracht: 65% | Bearish trend — ADX=33, EMA stack 
bearish
[ETH/USDT] Regime: bear_trend | Kracht: 56% | Bearish trend — ADX=28, EMA stack 
bearish
[SOL/USDT] Regime: bear_trend | Kracht: 74% | Bearish trend — ADX=37, EMA stack 
bearish

──────────────────────────── Cyclus #196 — 04:21:26 ────────────────────────────
Portfolio: $979.06  PnL: -2.09%  DD: 2.2%  Posities: 0  Trades: 39  WR: 
35.5%(51.2%+TP)
⚠ Throttle: 75% — streak=-2
Sentiment: neutraal (-0.21) | F&G: -0.32 | Nieuws: +0.00
[BTC/USDT] Regime: bear_trend | Kracht: 65% | Bearish trend — ADX=33, EMA stack 
bearish
[ETH/USDT] Regime: bear_trend | Kracht: 56% | Bearish trend — ADX=28, EMA stack 
bearish
[SOL/USDT] Regime: bear_trend | Kracht: 74% | Bearish trend — ADX=37, EMA stack 
bearish

──────────────────────────── Cyclus #197 — 04:22:34 ────────────────────────────
Portfolio: $979.06  PnL: -2.09%  DD: 2.2%  Posities: 0  Trades: 39  WR: 
35.5%(51.2%+TP)
⚠ Throttle: 75% — streak=-2
Sentiment: neutraal (-0.21) | F&G: -0.32 | Nieuws: +0.00
[BTC/USDT] Regime: bear_trend | Kracht: 65% | Bearish trend — ADX=33, EMA stack 
bearish
[ETH/USDT] Regime: bear_trend | Kracht: 56% | Bearish trend — ADX=28, EMA stack 
bearish
[SOL/USDT] Regime: bear_trend | Kracht: 74% | Bearish trend — ADX=37, EMA stack 
bearish

──────────────────────────── Cyclus #198 — 04:23:41 ────────────────────────────
Portfolio: $979.06  PnL: -2.09%  DD: 2.2%  Posities: 0  Trades: 39  WR: 
35.5%(51.2%+TP)
⚠ Throttle: 75% — streak=-2
Sentiment: neutraal (-0.21) | F&G: -0.32 | Nieuws: +0.00
[BTC/USDT] Regime: bear_trend | Kracht: 65% | Bearish trend — ADX=33, EMA stack 
bearish
[ETH/USDT] Regime: bear_trend | Kracht: 56% | Bearish trend — ADX=28, EMA stack 
bearish
[SOL/USDT] Regime: bear_trend | Kracht: 74% | Bearish trend — ADX=37, EMA stack 
bearish

──────────────────────────── Cyclus #199 — 04:24:49 ────────────────────────────
Portfolio: $979.06  PnL: -2.09%  DD: 2.2%  Posities: 0  Trades: 39  WR: 
35.5%(51.2%+TP)
⚠ Throttle: 75% — streak=-2
Sentiment: neutraal (-0.21) | F&G: -0.32 | Nieuws: +0.00
[BTC/USDT] Regime: bear_trend | Kracht: 65% | Bearish trend — ADX=33, EMA stack 
bearish
[ETH/USDT] Regime: bear_trend | Kracht: 56% | Bearish trend — ADX=28, EMA stack 
bearish
[SOL/USDT] Regime: bear_trend | Kracht: 74% | Bearish trend — ADX=37, EMA stack 
bearish

──────────────────────────── Cyclus #200 — 04:25:58 ────────────────────────────
Portfolio: $979.06  PnL: -2.09%  DD: 2.2%  Posities: 0  Trades: 39  WR: 
35.5%(51.2%+TP)
⚠ Throttle: 75% — streak=-2
Sentiment: neutraal (-0.21) | F&G: -0.32 | Nieuws: +0.00
[BTC/USDT] Regime: bear_trend | Kracht: 65% | Bearish trend — ADX=33, EMA stack 
bearish
[ETH/USDT] Regime: bear_trend | Kracht: 56% | Bearish trend — ADX=28, EMA stack 
bearish
[SOL/USDT] Regime: bear_trend | Kracht: 74% | Bearish trend — ADX=37, EMA stack 
bearish

──────────────────────────── Cyclus #201 — 04:27:10 ────────────────────────────
Portfolio: $979.06  PnL: -2.09%  DD: 2.2%  Posities: 0  Trades: 39  WR: 
35.5%(51.2%+TP)
⚠ Throttle: 75% — streak=-2
Sentiment: neutraal (-0.21) | F&G: -0.32 | Nieuws: +0.00
[BTC/USDT] Regime: bear_trend | Kracht: 65% | Bearish trend — ADX=33, EMA stack 
bearish
[ETH/USDT] Regime: bear_trend | Kracht: 56% | Bearish trend — ADX=28, EMA stack 
bearish
[SOL/USDT] Regime: bear_trend | Kracht: 74% | Bearish trend — ADX=37, EMA stack 
bearish

──────────────────────────── Cyclus #202 — 04:28:17 ────────────────────────────
Portfolio: $979.06  PnL: -2.09%  DD: 2.2%  Posities: 0  Trades: 39  WR: 
35.5%(51.2%+TP)
⚠ Throttle: 75% — streak=-2
Sentiment: neutraal (-0.21) | F&G: -0.32 | Nieuws: +0.00
[BTC/USDT] Regime: bear_trend | Kracht: 65% | Bearish trend — ADX=33, EMA stack 
bearish
[ETH/USDT] Regime: bear_trend | Kracht: 56% | Bearish trend — ADX=28, EMA stack 
bearish
[SOL/USDT] Regime: bear_trend | Kracht: 74% | Bearish trend — ADX=37, EMA stack 
bearish

──────────────────────────── Cyclus #203 — 04:29:25 ────────────────────────────
Portfolio: $979.06  PnL: -2.09%  DD: 2.2%  Posities: 0  Trades: 39  WR: 
35.5%(51.2%+TP)
⚠ Throttle: 75% — streak=-2
Sentiment: neutraal (-0.21) | F&G: -0.32 | Nieuws: +0.00
[BTC/USDT] Regime: bear_trend | Kracht: 65% | Bearish trend — ADX=33, EMA stack 
bearish
[ETH/USDT] Regime: bear_trend | Kracht: 56% | Bearish trend — ADX=28, EMA stack 
bearish
[SOL/USDT] Regime: bear_trend | Kracht: 74% | Bearish trend — ADX=37, EMA stack 
bearish

──────────────────────────── Cyclus #204 — 04:30:33 ────────────────────────────
Portfolio: $979.06  PnL: -2.09%  DD: 2.2%  Posities: 0  Trades: 39  WR: 
35.5%(51.2%+TP)
⚠ Throttle: 75% — streak=-2
Sentiment: neutraal (-0.21) | F&G: -0.32 | Nieuws: +0.00
[BTC/USDT] Regime: bear_trend | Kracht: 65% | Bearish trend — ADX=33, EMA stack 
bearish
[ETH/USDT] Regime: bear_trend | Kracht: 56% | Bearish trend — ADX=28, EMA stack 
bearish
[SOL/USDT] Regime: bear_trend | Kracht: 74% | Bearish trend — ADX=37, EMA stack 
bearish

──────────────────────────── Cyclus #205 — 04:31:41 ────────────────────────────
Portfolio: $979.06  PnL: -2.09%  DD: 2.2%  Posities: 0  Trades: 39  WR: 
35.5%(51.2%+TP)
⚠ Throttle: 75% — streak=-2
Sentiment: neutraal (-0.21) | F&G: -0.32 | Nieuws: +0.00
[BTC/USDT] Regime: bear_trend | Kracht: 65% | Bearish trend — ADX=33, EMA stack 
bearish
[ETH/USDT] Regime: bear_trend | Kracht: 56% | Bearish trend — ADX=28, EMA stack 
bearish
[SOL/USDT] Regime: bear_trend | Kracht: 74% | Bearish trend — ADX=37, EMA stack 
bearish

──────────────────────────── Cyclus #206 — 04:32:53 ────────────────────────────
Portfolio: $979.06  PnL: -2.09%  DD: 2.2%  Posities: 0  Trades: 39  WR: 
35.5%(51.2%+TP)
⚠ Throttle: 75% — streak=-2
Sentiment: neutraal (-0.21) | F&G: -0.32 | Nieuws: +0.00
[BTC/USDT] Regime: bear_trend | Kracht: 65% | Bearish trend — ADX=33, EMA stack 
bearish
[ETH/USDT] Regime: bear_trend | Kracht: 56% | Bearish trend — ADX=28, EMA stack 
bearish
[SOL/USDT] Regime: bear_trend | Kracht: 74% | Bearish trend — ADX=37, EMA stack 
bearish

──────────────────────────── Cyclus #207 — 04:34:01 ────────────────────────────
Portfolio: $979.06  PnL: -2.09%  DD: 2.2%  Posities: 0  Trades: 39  WR: 
35.5%(51.2%+TP)
⚠ Throttle: 75% — streak=-2
Sentiment: neutraal (-0.21) | F&G: -0.32 | Nieuws: +0.00
[BTC/USDT] Regime: bear_trend | Kracht: 65% | Bearish trend — ADX=33, EMA stack 
bearish
[ETH/USDT] Regime: bear_trend | Kracht: 56% | Bearish trend — ADX=28, EMA stack 
bearish
[SOL/USDT] Regime: bear_trend | Kracht: 74% | Bearish trend — ADX=37, EMA stack 
bearish

──────────────────────────── Cyclus #208 — 04:35:09 ────────────────────────────
Portfolio: $979.06  PnL: -2.09%  DD: 2.2%  Posities: 0  Trades: 39  WR: 
35.5%(51.2%+TP)
⚠ Throttle: 75% — streak=-2
Sentiment: neutraal (-0.21) | F&G: -0.32 | Nieuws: +0.00
[BTC/USDT] Regime: bear_trend | Kracht: 65% | Bearish trend — ADX=33, EMA stack 
bearish
[ETH/USDT] Regime: bear_trend | Kracht: 56% | Bearish trend — ADX=28, EMA stack 
bearish
[SOL/USDT] Regime: bear_trend | Kracht: 74% | Bearish trend — ADX=37, EMA stack 
bearish

──────────────────────────── Cyclus #209 — 04:36:17 ────────────────────────────
Portfolio: $979.06  PnL: -2.09%  DD: 2.2%  Posities: 0  Trades: 39  WR: 
35.5%(51.2%+TP)
⚠ Throttle: 75% — streak=-2
Sentiment: neutraal (-0.21) | F&G: -0.32 | Nieuws: +0.00
[BTC/USDT] Regime: bear_trend | Kracht: 65% | Bearish trend — ADX=33, EMA stack 
bearish
[ETH/USDT] Regime: bear_trend | Kracht: 56% | Bearish trend — ADX=28, EMA stack 
bearish
[SOL/USDT] Regime: bear_trend | Kracht: 74% | Bearish trend — ADX=37, EMA stack 
bearish

──────────────────────────── Cyclus #210 — 04:37:24 ────────────────────────────
Portfolio: $979.06  PnL: -2.09%  DD: 2.2%  Posities: 0  Trades: 39  WR: 
35.5%(51.2%+TP)
⚠ Throttle: 75% — streak=-2
Sentiment: neutraal (-0.21) | F&G: -0.32 | Nieuws: +0.00
[BTC/USDT] Regime: bear_trend | Kracht: 65% | Bearish trend — ADX=33, EMA stack 
bearish
[ETH/USDT] Regime: bear_trend | Kracht: 56% | Bearish trend — ADX=28, EMA stack 
bearish
[SOL/USDT] Regime: bear_trend | Kracht: 74% | Bearish trend — ADX=37, EMA stack 
bearish

──────────────────────────── Cyclus #211 — 04:38:37 ────────────────────────────
Portfolio: $979.06  PnL: -2.09%  DD: 2.2%  Posities: 0  Trades: 39  WR: 
35.5%(51.2%+TP)
⚠ Throttle: 75% — streak=-2
Sentiment: neutraal (-0.21) | F&G: -0.32 | Nieuws: +0.00
[BTC/USDT] Regime: bear_trend | Kracht: 65% | Bearish trend — ADX=33, EMA stack 
bearish
[ETH/USDT] Regime: bear_trend | Kracht: 56% | Bearish trend — ADX=28, EMA stack 
bearish
[SOL/USDT] Regime: bear_trend | Kracht: 74% | Bearish trend — ADX=37, EMA stack 
bearish

──────────────────────────── Cyclus #212 — 04:39:46 ────────────────────────────
Portfolio: $979.06  PnL: -2.09%  DD: 2.2%  Posities: 0  Trades: 39  WR: 
35.5%(51.2%+TP)
⚠ Throttle: 75% — streak=-2
Sentiment: neutraal (-0.21) | F&G: -0.32 | Nieuws: +0.00
[BTC/USDT] Regime: bear_trend | Kracht: 65% | Bearish trend — ADX=33, EMA stack 
bearish
[ETH/USDT] Regime: bear_trend | Kracht: 56% | Bearish trend — ADX=28, EMA stack 
bearish
[SOL/USDT] Regime: bear_trend | Kracht: 74% | Bearish trend — ADX=37, EMA stack 
bearish

──────────────────────────── Cyclus #213 — 04:40:53 ────────────────────────────
Portfolio: $979.06  PnL: -2.09%  DD: 2.2%  Posities: 0  Trades: 39  WR: 
35.5%(51.2%+TP)
⚠ Throttle: 75% — streak=-2
Sentiment: neutraal (-0.21) | F&G: -0.32 | Nieuws: +0.00
[BTC/USDT] Regime: bear_trend | Kracht: 65% | Bearish trend — ADX=33, EMA stack 
bearish
[ETH/USDT] Regime: bear_trend | Kracht: 56% | Bearish trend — ADX=28, EMA stack 
bearish
[SOL/USDT] Regime: bear_trend | Kracht: 74% | Bearish trend — ADX=37, EMA stack 
bearish

──────────────────────────── Cyclus #214 — 04:42:01 ────────────────────────────
Portfolio: $979.06  PnL: -2.09%  DD: 2.2%  Posities: 0  Trades: 39  WR: 
35.5%(51.2%+TP)
⚠ Throttle: 75% — streak=-2
Sentiment: neutraal (-0.21) | F&G: -0.32 | Nieuws: +0.00
[BTC/USDT] Regime: bear_trend | Kracht: 65% | Bearish trend — ADX=33, EMA stack 
bearish
[ETH/USDT] Regime: bear_trend | Kracht: 56% | Bearish trend — ADX=28, EMA stack 
bearish
[SOL/USDT] Regime: bear_trend | Kracht: 74% | Bearish trend — ADX=37, EMA stack 
bearish

──────────────────────────── Cyclus #215 — 04:43:09 ────────────────────────────
Portfolio: $979.06  PnL: -2.09%  DD: 2.2%  Posities: 0  Trades: 39  WR: 
35.5%(51.2%+TP)
⚠ Throttle: 75% — streak=-2
Sentiment: neutraal (-0.21) | F&G: -0.32 | Nieuws: +0.00
[BTC/USDT] Regime: bear_trend | Kracht: 65% | Bearish trend — ADX=33, EMA stack 
bearish
[ETH/USDT] Regime: bear_trend | Kracht: 56% | Bearish trend — ADX=28, EMA stack 
bearish
[SOL/USDT] Regime: bear_trend | Kracht: 74% | Bearish trend — ADX=37, EMA stack 
bearish

──────────────────────────── Cyclus #216 — 04:44:20 ────────────────────────────
Portfolio: $979.06  PnL: -2.09%  DD: 2.2%  Posities: 0  Trades: 39  WR: 
35.5%(51.2%+TP)
⚠ Throttle: 75% — streak=-2
Sentiment: neutraal (-0.21) | F&G: -0.32 | Nieuws: +0.00
[BTC/USDT] Regime: bear_trend | Kracht: 65% | Bearish trend — ADX=33, EMA stack 
bearish
[ETH/USDT] Regime: bear_trend | Kracht: 56% | Bearish trend — ADX=28, EMA stack 
bearish
[SOL/USDT] Regime: bear_trend | Kracht: 74% | Bearish trend — ADX=37, EMA stack 
bearish

──────────────────────────── Cyclus #217 — 04:45:28 ────────────────────────────
Portfolio: $979.06  PnL: -2.09%  DD: 2.2%  Posities: 0  Trades: 39  WR: 
35.5%(51.2%+TP)
⚠ Throttle: 75% — streak=-2
Sentiment: neutraal (-0.21) | F&G: -0.32 | Nieuws: +0.00
[BTC/USDT] Regime: bear_trend | Kracht: 65% | Bearish trend — ADX=33, EMA stack 
bearish
[ETH/USDT] Regime: bear_trend | Kracht: 56% | Bearish trend — ADX=28, EMA stack 
bearish
[SOL/USDT] Regime: bear_trend | Kracht: 74% | Bearish trend — ADX=37, EMA stack 
bearish

──────────────────────────── Cyclus #218 — 04:46:36 ────────────────────────────
Portfolio: $979.06  PnL: -2.09%  DD: 2.2%  Posities: 0  Trades: 39  WR: 
35.5%(51.2%+TP)
⚠ Throttle: 75% — streak=-2
Sentiment: neutraal (-0.21) | F&G: -0.32 | Nieuws: +0.00
[BTC/USDT] Regime: bear_trend | Kracht: 65% | Bearish trend — ADX=33, EMA stack 
bearish
[ETH/USDT] Regime: bear_trend | Kracht: 56% | Bearish trend — ADX=28, EMA stack 
bearish
[SOL/USDT] Regime: bear_trend | Kracht: 74% | Bearish trend — ADX=37, EMA stack 
bearish

──────────────────────────── Cyclus #219 — 04:47:44 ────────────────────────────
Portfolio: $979.06  PnL: -2.09%  DD: 2.2%  Posities: 0  Trades: 39  WR: 
35.5%(51.2%+TP)
⚠ Throttle: 75% — streak=-2
Sentiment: neutraal (-0.21) | F&G: -0.32 | Nieuws: +0.00
[BTC/USDT] Regime: bear_trend | Kracht: 65% | Bearish trend — ADX=33, EMA stack 
bearish
[ETH/USDT] Regime: bear_trend | Kracht: 56% | Bearish trend — ADX=28, EMA stack 
bearish
[SOL/USDT] Regime: bear_trend | Kracht: 74% | Bearish trend — ADX=37, EMA stack 
bearish

──────────────────────────── Cyclus #220 — 04:48:52 ────────────────────────────
Portfolio: $979.06  PnL: -2.09%  DD: 2.2%  Posities: 0  Trades: 39  WR: 
35.5%(51.2%+TP)
⚠ Throttle: 75% — streak=-2
Sentiment: neutraal (-0.21) | F&G: -0.32 | Nieuws: +0.00
[BTC/USDT] Regime: bear_trend | Kracht: 65% | Bearish trend — ADX=33, EMA stack 
bearish
[ETH/USDT] Regime: bear_trend | Kracht: 56% | Bearish trend — ADX=28, EMA stack 
bearish
[SOL/USDT] Regime: bear_trend | Kracht: 74% | Bearish trend — ADX=37, EMA stack 
bearish

──────────────────────────── Cyclus #221 — 04:50:05 ────────────────────────────
Portfolio: $979.06  PnL: -2.09%  DD: 2.2%  Posities: 0  Trades: 39  WR: 
35.5%(51.2%+TP)
⚠ Throttle: 75% — streak=-2
Sentiment: neutraal (-0.21) | F&G: -0.32 | Nieuws: +0.00
[BTC/USDT] Regime: bear_trend | Kracht: 65% | Bearish trend — ADX=33, EMA stack 
bearish
[ETH/USDT] Regime: bear_trend | Kracht: 56% | Bearish trend — ADX=28, EMA stack 
bearish
[SOL/USDT] Regime: bear_trend | Kracht: 74% | Bearish trend — ADX=37, EMA stack 
bearish

──────────────────────────── Cyclus #222 — 04:51:13 ────────────────────────────
Portfolio: $979.06  PnL: -2.09%  DD: 2.2%  Posities: 0  Trades: 39  WR: 
35.5%(51.2%+TP)
⚠ Throttle: 75% — streak=-2
Sentiment: neutraal (-0.21) | F&G: -0.32 | Nieuws: +0.00
[BTC/USDT] Regime: bear_trend | Kracht: 65% | Bearish trend — ADX=33, EMA stack 
bearish
[ETH/USDT] Regime: bear_trend | Kracht: 57% | Bearish trend — ADX=28, EMA stack 
bearish
[SOL/USDT] Regime: bear_trend | Kracht: 74% | Bearish trend — ADX=37, EMA stack 
bearish

──────────────────────────── Cyclus #223 — 04:52:21 ────────────────────────────
Portfolio: $979.06  PnL: -2.09%  DD: 2.2%  Posities: 0  Trades: 39  WR: 
35.5%(51.2%+TP)
⚠ Throttle: 75% — streak=-2
Sentiment: neutraal (-0.21) | F&G: -0.32 | Nieuws: +0.00
[BTC/USDT] Regime: bear_trend | Kracht: 65% | Bearish trend — ADX=33, EMA stack 
bearish
[ETH/USDT] Regime: bear_trend | Kracht: 57% | Bearish trend — ADX=28, EMA stack 
bearish
[SOL/USDT] Regime: bear_trend | Kracht: 74% | Bearish trend — ADX=37, EMA stack 
bearish

──────────────────────────── Cyclus #224 — 04:53:29 ────────────────────────────
Portfolio: $979.06  PnL: -2.09%  DD: 2.2%  Posities: 0  Trades: 39  WR: 
35.5%(51.2%+TP)
⚠ Throttle: 75% — streak=-2
Sentiment: neutraal (-0.21) | F&G: -0.32 | Nieuws: +0.00
[BTC/USDT] Regime: bear_trend | Kracht: 66% | Bearish trend — ADX=33, EMA stack 
bearish
[ETH/USDT] Regime: bear_trend | Kracht: 57% | Bearish trend — ADX=29, EMA stack 
bearish
[SOL/USDT] Regime: bear_trend | Kracht: 75% | Bearish trend — ADX=37, EMA stack 
bearish

──────────────────────────── Cyclus #225 — 04:54:37 ────────────────────────────
Portfolio: $979.06  PnL: -2.09%  DD: 2.2%  Posities: 0  Trades: 39  WR: 
35.5%(51.2%+TP)
⚠ Throttle: 75% — streak=-2
Sentiment: neutraal (-0.21) | F&G: -0.32 | Nieuws: +0.00
[BTC/USDT] Regime: bear_trend | Kracht: 66% | Bearish trend — ADX=33, EMA stack 
bearish
[ETH/USDT] Regime: bear_trend | Kracht: 57% | Bearish trend — ADX=29, EMA stack 
bearish
[SOL/USDT] Regime: bear_trend | Kracht: 75% | Bearish trend — ADX=37, EMA stack 
bearish

──────────────────────────── Cyclus #226 — 04:55:48 ────────────────────────────
Portfolio: $979.06  PnL: -2.09%  DD: 2.2%  Posities: 0  Trades: 39  WR: 
35.5%(51.2%+TP)
⚠ Throttle: 75% — streak=-2
Sentiment: neutraal (-0.21) | F&G: -0.32 | Nieuws: +0.00
[BTC/USDT] Regime: bear_trend | Kracht: 66% | Bearish trend — ADX=33, EMA stack 
bearish
[ETH/USDT] Regime: bear_trend | Kracht: 57% | Bearish trend — ADX=29, EMA stack 
bearish
[SOL/USDT] Regime: bear_trend | Kracht: 75% | Bearish trend — ADX=37, EMA stack 
bearish

──────────────────────────── Cyclus #227 — 04:56:56 ────────────────────────────
Portfolio: $979.06  PnL: -2.09%  DD: 2.2%  Posities: 0  Trades: 39  WR: 
35.5%(51.2%+TP)
⚠ Throttle: 75% — streak=-2
Sentiment: neutraal (-0.21) | F&G: -0.32 | Nieuws: +0.00
[BTC/USDT] Regime: bear_trend | Kracht: 66% | Bearish trend — ADX=33, EMA stack 
bearish
[ETH/USDT] Regime: bear_trend | Kracht: 57% | Bearish trend — ADX=29, EMA stack 
bearish
[SOL/USDT] Regime: bear_trend | Kracht: 75% | Bearish trend — ADX=37, EMA stack 
bearish

──────────────────────────── Cyclus #228 — 04:58:04 ────────────────────────────
Portfolio: $979.06  PnL: -2.09%  DD: 2.2%  Posities: 0  Trades: 39  WR: 
35.5%(51.2%+TP)
⚠ Throttle: 75% — streak=-2
Sentiment: neutraal (-0.21) | F&G: -0.32 | Nieuws: +0.00
[BTC/USDT] Regime: bear_trend | Kracht: 66% | Bearish trend — ADX=33, EMA stack 
bearish
[ETH/USDT] Regime: bear_trend | Kracht: 57% | Bearish trend — ADX=29, EMA stack 
bearish
[SOL/USDT] Regime: bear_trend | Kracht: 75% | Bearish trend — ADX=37, EMA stack 
bearish

──────────────────────────── Cyclus #229 — 04:59:12 ────────────────────────────
Portfolio: $979.06  PnL: -2.09%  DD: 2.2%  Posities: 0  Trades: 39  WR: 
35.5%(51.2%+TP)
⚠ Throttle: 75% — streak=-2
Sentiment: neutraal (-0.21) | F&G: -0.32 | Nieuws: +0.00
[BTC/USDT] Regime: bear_trend | Kracht: 66% | Bearish trend — ADX=33, EMA stack 
bearish
[ETH/USDT] Regime: bear_trend | Kracht: 57% | Bearish trend — ADX=29, EMA stack 
bearish
[SOL/USDT] Regime: bear_trend | Kracht: 75% | Bearish trend — ADX=37, EMA stack 
bearish

──────────────────────────── Cyclus #230 — 05:00:19 ────────────────────────────
Portfolio: $979.06  PnL: -2.09%  DD: 2.2%  Posities: 0  Trades: 39  WR: 
35.5%(51.2%+TP)
⚠ Throttle: 75% — streak=-2
Sentiment: neutraal (-0.21) | F&G: -0.32 | Nieuws: +0.00
[BTC/USDT] Regime: bear_trend | Kracht: 66% | Bearish trend — ADX=33, EMA stack 
bearish
[ETH/USDT] Regime: bear_trend | Kracht: 57% | Bearish trend — ADX=29, EMA stack 
bearish
[SOL/USDT] Regime: bear_trend | Kracht: 76% | Bearish trend — ADX=38, EMA stack 
bearish

──────────────────────────── Cyclus #231 — 05:01:31 ────────────────────────────
Portfolio: $979.06  PnL: -2.09%  DD: 2.2%  Posities: 0  Trades: 39  WR: 
35.5%(51.2%+TP)
⚠ Throttle: 75% — streak=-2
Sentiment: neutraal (-0.21) | F&G: -0.32 | Nieuws: +0.00
[BTC/USDT] Regime: bear_trend | Kracht: 66% | Bearish trend — ADX=33, EMA stack 
bearish
[ETH/USDT] Regime: bear_trend | Kracht: 57% | Bearish trend — ADX=29, EMA stack 
bearish
[SOL/USDT] Regime: bear_trend | Kracht: 76% | Bearish trend — ADX=38, EMA stack 
bearish

──────────────────────────── Cyclus #232 — 05:02:38 ────────────────────────────
Portfolio: $979.06  PnL: -2.09%  DD: 2.2%  Posities: 0  Trades: 39  WR: 
35.5%(51.2%+TP)
⚠ Throttle: 75% — streak=-2
Sentiment: neutraal (-0.21) | F&G: -0.32 | Nieuws: +0.00
[BTC/USDT] Regime: bear_trend | Kracht: 66% | Bearish trend — ADX=33, EMA stack 
bearish
[ETH/USDT] Regime: bear_trend | Kracht: 57% | Bearish trend — ADX=29, EMA stack 
bearish
[SOL/USDT] Regime: bear_trend | Kracht: 76% | Bearish trend — ADX=38, EMA stack 
bearish

──────────────────────────── Cyclus #233 — 05:03:47 ────────────────────────────
Portfolio: $979.06  PnL: -2.09%  DD: 2.2%  Posities: 0  Trades: 39  WR: 
35.5%(51.2%+TP)
⚠ Throttle: 75% — streak=-2
Sentiment: neutraal (-0.21) | F&G: -0.32 | Nieuws: +0.00
[BTC/USDT] Regime: bear_trend | Kracht: 66% | Bearish trend — ADX=33, EMA stack 
bearish
[ETH/USDT] Regime: bear_trend | Kracht: 57% | Bearish trend — ADX=29, EMA stack 
bearish
[SOL/USDT] Regime: bear_trend | Kracht: 76% | Bearish trend — ADX=38, EMA stack 
bearish

──────────────────────────── Cyclus #234 — 05:04:54 ────────────────────────────
Portfolio: $979.06  PnL: -2.09%  DD: 2.2%  Posities: 0  Trades: 39  WR: 
35.5%(51.2%+TP)
⚠ Throttle: 75% — streak=-2
Sentiment: neutraal (-0.21) | F&G: -0.32 | Nieuws: +0.00
[BTC/USDT] Regime: bear_trend | Kracht: 66% | Bearish trend — ADX=33, EMA stack 
bearish
[ETH/USDT] Regime: bear_trend | Kracht: 57% | Bearish trend — ADX=29, EMA stack 
bearish
[SOL/USDT] Regime: bear_trend | Kracht: 76% | Bearish trend — ADX=38, EMA stack 
bearish

──────────────────────────── Cyclus #235 — 05:06:02 ────────────────────────────
Portfolio: $979.06  PnL: -2.09%  DD: 2.2%  Posities: 0  Trades: 39  WR: 
35.5%(51.2%+TP)
⚠ Throttle: 75% — streak=-2
Sentiment: neutraal (-0.21) | F&G: -0.32 | Nieuws: +0.00
[BTC/USDT] Regime: bear_trend | Kracht: 66% | Bearish trend — ADX=33, EMA stack 
bearish
[ETH/USDT] Regime: bear_trend | Kracht: 57% | Bearish trend — ADX=29, EMA stack 
bearish
[SOL/USDT] Regime: bear_trend | Kracht: 76% | Bearish trend — ADX=38, EMA stack 
bearish

──────────────────────────── Cyclus #236 — 05:07:13 ────────────────────────────
Portfolio: $979.06  PnL: -2.09%  DD: 2.2%  Posities: 0  Trades: 39  WR: 
35.5%(51.2%+TP)
⚠ Throttle: 75% — streak=-2
Sentiment: neutraal (-0.21) | F&G: -0.32 | Nieuws: +0.00
[BTC/USDT] Regime: bear_trend | Kracht: 66% | Bearish trend — ADX=33, EMA stack 
bearish
[ETH/USDT] Regime: bear_trend | Kracht: 57% | Bearish trend — ADX=29, EMA stack 
bearish
[SOL/USDT] Regime: bear_trend | Kracht: 76% | Bearish trend — ADX=38, EMA stack 
bearish

──────────────────────────── Cyclus #237 — 05:08:22 ────────────────────────────
Portfolio: $979.06  PnL: -2.09%  DD: 2.2%  Posities: 0  Trades: 39  WR: 
35.5%(51.2%+TP)
⚠ Throttle: 75% — streak=-2
Sentiment: neutraal (-0.21) | F&G: -0.32 | Nieuws: +0.00
[BTC/USDT] Regime: bear_trend | Kracht: 66% | Bearish trend — ADX=33, EMA stack 
bearish
[ETH/USDT] Regime: bear_trend | Kracht: 58% | Bearish trend — ADX=29, EMA stack 
bearish
[SOL/USDT] Regime: bear_trend | Kracht: 77% | Bearish trend — ADX=39, EMA stack 
bearish

──────────────────────────── Cyclus #238 — 05:09:30 ────────────────────────────
Portfolio: $979.06  PnL: -2.09%  DD: 2.2%  Posities: 0  Trades: 39  WR: 
35.5%(51.2%+TP)
⚠ Throttle: 75% — streak=-2
Sentiment: neutraal (-0.21) | F&G: -0.32 | Nieuws: +0.00
[BTC/USDT] Regime: bear_trend | Kracht: 66% | Bearish trend — ADX=33, EMA stack 
bearish
[ETH/USDT] Regime: bear_trend | Kracht: 58% | Bearish trend — ADX=29, EMA stack 
bearish
[SOL/USDT] Regime: bear_trend | Kracht: 77% | Bearish trend — ADX=39, EMA stack 
bearish

──────────────────────────── Cyclus #239 — 05:10:38 ────────────────────────────
Portfolio: $979.06  PnL: -2.09%  DD: 2.2%  Posities: 0  Trades: 39  WR: 
35.5%(51.2%+TP)
⚠ Throttle: 75% — streak=-2
Sentiment: neutraal (-0.21) | F&G: -0.32 | Nieuws: +0.00
[BTC/USDT] Regime: bear_trend | Kracht: 66% | Bearish trend — ADX=33, EMA stack 
bearish
[ETH/USDT] Regime: bear_trend | Kracht: 58% | Bearish trend — ADX=29, EMA stack 
bearish
[SOL/USDT] Regime: bear_trend | Kracht: 77% | Bearish trend — ADX=39, EMA stack 
bearish

──────────────────────────── Cyclus #240 — 05:11:46 ────────────────────────────
Portfolio: $979.06  PnL: -2.09%  DD: 2.2%  Posities: 0  Trades: 39  WR: 
35.5%(51.2%+TP)
⚠ Throttle: 75% — streak=-2
Sentiment: neutraal (-0.21) | F&G: -0.32 | Nieuws: +0.00
[BTC/USDT] Regime: bear_trend | Kracht: 66% | Bearish trend — ADX=33, EMA stack 
bearish
[ETH/USDT] Regime: bear_trend | Kracht: 58% | Bearish trend — ADX=29, EMA stack 
bearish
[SOL/USDT] Regime: bear_trend | Kracht: 77% | Bearish trend — ADX=39, EMA stack 
bearish

──────────────────────────── Cyclus #241 — 05:13:00 ────────────────────────────
Portfolio: $979.06  PnL: -2.09%  DD: 2.2%  Posities: 0  Trades: 39  WR: 
35.5%(51.2%+TP)
⚠ Throttle: 75% — streak=-2
Sentiment: Angst (-0.21) | F&G: -0.32 | Nieuws: +0.00
[BTC/USDT] Regime: bear_trend | Kracht: 66% | Bearish trend — ADX=33, EMA stack 
bearish
[ETH/USDT] Regime: bear_trend | Kracht: 58% | Bearish trend — ADX=29, EMA stack 
bearish
[SOL/USDT] Regime: bear_trend | Kracht: 77% | Bearish trend — ADX=39, EMA stack 
bearish

──────────────────────────── Cyclus #242 — 05:14:08 ────────────────────────────
Portfolio: $979.06  PnL: -2.09%  DD: 2.2%  Posities: 0  Trades: 39  WR: 
35.5%(51.2%+TP)
⚠ Throttle: 75% — streak=-2
Sentiment: Angst (-0.21) | F&G: -0.32 | Nieuws: +0.00
[BTC/USDT] Regime: bear_trend | Kracht: 66% | Bearish trend — ADX=33, EMA stack 
bearish
[ETH/USDT] Regime: bear_trend | Kracht: 58% | Bearish trend — ADX=29, EMA stack 
bearish
[SOL/USDT] Regime: bear_trend | Kracht: 77% | Bearish trend — ADX=39, EMA stack 
bearish

──────────────────────────── Cyclus #243 — 05:15:16 ────────────────────────────
Portfolio: $979.06  PnL: -2.09%  DD: 2.2%  Posities: 0  Trades: 39  WR: 
35.5%(51.2%+TP)
⚠ Throttle: 75% — streak=-2
Sentiment: Angst (-0.21) | F&G: -0.32 | Nieuws: +0.00
[BTC/USDT] Regime: bear_trend | Kracht: 66% | Bearish trend — ADX=33, EMA stack 
bearish
[ETH/USDT] Regime: bear_trend | Kracht: 58% | Bearish trend — ADX=29, EMA stack 
bearish
[SOL/USDT] Regime: bear_trend | Kracht: 77% | Bearish trend — ADX=39, EMA stack 
bearish

──────────────────────────── Cyclus #244 — 05:16:24 ────────────────────────────
Portfolio: $979.06  PnL: -2.09%  DD: 2.2%  Posities: 0  Trades: 39  WR: 
35.5%(51.2%+TP)
⚠ Throttle: 75% — streak=-2
Sentiment: Angst (-0.21) | F&G: -0.32 | Nieuws: +0.00
[BTC/USDT] Regime: bear_trend | Kracht: 66% | Bearish trend — ADX=33, EMA stack 
bearish
[ETH/USDT] Regime: bear_trend | Kracht: 58% | Bearish trend — ADX=29, EMA stack 
bearish
[SOL/USDT] Regime: bear_trend | Kracht: 77% | Bearish trend — ADX=39, EMA stack 
bearish

──────────────────────────── Cyclus #245 — 05:17:32 ────────────────────────────
Portfolio: $979.06  PnL: -2.09%  DD: 2.2%  Posities: 0  Trades: 39  WR: 
35.5%(51.2%+TP)
⚠ Throttle: 75% — streak=-2
Sentiment: Angst (-0.21) | F&G: -0.32 | Nieuws: +0.00
[BTC/USDT] Regime: bear_trend | Kracht: 66% | Bearish trend — ADX=33, EMA stack 
bearish
[ETH/USDT] Regime: bear_trend | Kracht: 58% | Bearish trend — ADX=29, EMA stack 
bearish
[SOL/USDT] Regime: bear_trend | Kracht: 77% | Bearish trend — ADX=39, EMA stack 
bearish

──────────────────────────── Cyclus #246 — 05:18:44 ────────────────────────────
Portfolio: $979.06  PnL: -2.09%  DD: 2.2%  Posities: 0  Trades: 39  WR: 
35.5%(51.2%+TP)
⚠ Throttle: 75% — streak=-2
Sentiment: Angst (-0.21) | F&G: -0.32 | Nieuws: +0.00
[BTC/USDT] Regime: bear_trend | Kracht: 66% | Bearish trend — ADX=33, EMA stack 
bearish
[ETH/USDT] Regime: bear_trend | Kracht: 58% | Bearish trend — ADX=29, EMA stack 
bearish
[SOL/USDT] Regime: bear_trend | Kracht: 77% | Bearish trend — ADX=39, EMA stack 
bearish

──────────────────────────── Cyclus #247 — 05:19:52 ────────────────────────────
Portfolio: $979.06  PnL: -2.09%  DD: 2.2%  Posities: 0  Trades: 39  WR: 
35.5%(51.2%+TP)
⚠ Throttle: 75% — streak=-2
Sentiment: Angst (-0.21) | F&G: -0.32 | Nieuws: +0.00
[BTC/USDT] Regime: bear_trend | Kracht: 66% | Bearish trend — ADX=33, EMA stack 
bearish
[ETH/USDT] Regime: bear_trend | Kracht: 58% | Bearish trend — ADX=29, EMA stack 
bearish
[SOL/USDT] Regime: bear_trend | Kracht: 77% | Bearish trend — ADX=39, EMA stack 
bearish

──────────────────────────── Cyclus #248 — 05:21:00 ────────────────────────────
Portfolio: $979.06  PnL: -2.09%  DD: 2.2%  Posities: 0  Trades: 39  WR: 
35.5%(51.2%+TP)
⚠ Throttle: 75% — streak=-2
Sentiment: Angst (-0.21) | F&G: -0.32 | Nieuws: +0.00
[BTC/USDT] Regime: bear_trend | Kracht: 67% | Bearish trend — ADX=33, EMA stack 
bearish
[ETH/USDT] Regime: bear_trend | Kracht: 58% | Bearish trend — ADX=29, EMA stack 
bearish
[SOL/USDT] Regime: bear_trend | Kracht: 77% | Bearish trend — ADX=39, EMA stack 
bearish

──────────────────────────── Cyclus #249 — 05:22:08 ────────────────────────────
Portfolio: $979.06  PnL: -2.09%  DD: 2.2%  Posities: 0  Trades: 39  WR: 
35.5%(51.2%+TP)
⚠ Throttle: 75% — streak=-2
Sentiment: Angst (-0.21) | F&G: -0.32 | Nieuws: +0.00
[BTC/USDT] Regime: bear_trend | Kracht: 67% | Bearish trend — ADX=33, EMA stack 
bearish
[ETH/USDT] Regime: bear_trend | Kracht: 58% | Bearish trend — ADX=29, EMA stack 
bearish
[SOL/USDT] Regime: bear_trend | Kracht: 77% | Bearish trend — ADX=39, EMA stack 
bearish

──────────────────────────── Cyclus #250 — 05:23:16 ────────────────────────────
Portfolio: $979.06  PnL: -2.09%  DD: 2.2%  Posities: 0  Trades: 39  WR: 
35.5%(51.2%+TP)
⚠ Throttle: 75% — streak=-2
Sentiment: Angst (-0.21) | F&G: -0.32 | Nieuws: +0.00
[BTC/USDT] Regime: bear_trend | Kracht: 67% | Bearish trend — ADX=33, EMA stack 
bearish
[ETH/USDT] Regime: bear_trend | Kracht: 58% | Bearish trend — ADX=29, EMA stack 
bearish
[SOL/USDT] Regime: bear_trend | Kracht: 77% | Bearish trend — ADX=39, EMA stack 
bearish

──────────────────────────── Cyclus #251 — 05:24:27 ────────────────────────────
Portfolio: $979.06  PnL: -2.09%  DD: 2.2%  Posities: 0  Trades: 39  WR: 
35.5%(51.2%+TP)
⚠ Throttle: 75% — streak=-2
Sentiment: neutraal (-0.21) | F&G: -0.32 | Nieuws: +0.00
[BTC/USDT] Regime: bear_trend | Kracht: 67% | Bearish trend — ADX=33, EMA stack 
bearish
[ETH/USDT] Regime: bear_trend | Kracht: 58% | Bearish trend — ADX=29, EMA stack 
bearish
[SOL/USDT] Regime: bear_trend | Kracht: 77% | Bearish trend — ADX=39, EMA stack 
bearish

──────────────────────────── Cyclus #252 — 05:25:35 ────────────────────────────
Portfolio: $979.06  PnL: -2.09%  DD: 2.2%  Posities: 0  Trades: 39  WR: 
35.5%(51.2%+TP)
⚠ Throttle: 75% — streak=-2
Sentiment: neutraal (-0.21) | F&G: -0.32 | Nieuws: +0.00
[BTC/USDT] Regime: bear_trend | Kracht: 67% | Bearish trend — ADX=33, EMA stack 
bearish
[ETH/USDT] Regime: bear_trend | Kracht: 58% | Bearish trend — ADX=29, EMA stack 
bearish
[SOL/USDT] Regime: bear_trend | Kracht: 77% | Bearish trend — ADX=39, EMA stack 
bearish

──────────────────────────── Cyclus #253 — 05:26:43 ────────────────────────────
Portfolio: $979.06  PnL: -2.09%  DD: 2.2%  Posities: 0  Trades: 39  WR: 
35.5%(51.2%+TP)
⚠ Throttle: 75% — streak=-2
Sentiment: neutraal (-0.21) | F&G: -0.32 | Nieuws: +0.00
[BTC/USDT] Regime: bear_trend | Kracht: 67% | Bearish trend — ADX=33, EMA stack 
bearish
[ETH/USDT] Regime: bear_trend | Kracht: 58% | Bearish trend — ADX=29, EMA stack 
bearish
[SOL/USDT] Regime: bear_trend | Kracht: 77% | Bearish trend — ADX=39, EMA stack 
bearish

──────────────────────────── Cyclus #254 — 05:27:51 ────────────────────────────
Portfolio: $979.06  PnL: -2.09%  DD: 2.2%  Posities: 0  Trades: 39  WR: 
35.5%(51.2%+TP)
⚠ Throttle: 75% — streak=-2
Sentiment: neutraal (-0.21) | F&G: -0.32 | Nieuws: +0.00
[BTC/USDT] Regime: bear_trend | Kracht: 67% | Bearish trend — ADX=33, EMA stack 
bearish
[ETH/USDT] Regime: bear_trend | Kracht: 58% | Bearish trend — ADX=29, EMA stack 
bearish
[SOL/USDT] Regime: bear_trend | Kracht: 77% | Bearish trend — ADX=39, EMA stack 
bearish

──────────────────────────── Cyclus #255 — 05:28:59 ────────────────────────────
Portfolio: $979.06  PnL: -2.09%  DD: 2.2%  Posities: 0  Trades: 39  WR: 
35.5%(51.2%+TP)
⚠ Throttle: 75% — streak=-2
Sentiment: neutraal (-0.21) | F&G: -0.32 | Nieuws: +0.00
[BTC/USDT] Regime: bear_trend | Kracht: 67% | Bearish trend — ADX=33, EMA stack 
bearish
[ETH/USDT] Regime: bear_trend | Kracht: 58% | Bearish trend — ADX=29, EMA stack 
bearish
[SOL/USDT] Regime: bear_trend | Kracht: 77% | Bearish trend — ADX=39, EMA stack 
bearish

──────────────────────────── Cyclus #256 — 05:30:11 ────────────────────────────
Portfolio: $979.06  PnL: -2.09%  DD: 2.2%  Posities: 0  Trades: 39  WR: 
35.5%(51.2%+TP)
⚠ Throttle: 75% — streak=-2
Sentiment: neutraal (-0.21) | F&G: -0.32 | Nieuws: +0.00
[BTC/USDT] Regime: bear_trend | Kracht: 67% | Bearish trend — ADX=33, EMA stack 
bearish
[ETH/USDT] Regime: bear_trend | Kracht: 58% | Bearish trend — ADX=29, EMA stack 
bearish
[SOL/USDT] Regime: bear_trend | Kracht: 77% | Bearish trend — ADX=39, EMA stack 
bearish

──────────────────────────── Cyclus #257 — 05:31:19 ────────────────────────────
Portfolio: $979.06  PnL: -2.09%  DD: 2.2%  Posities: 0  Trades: 39  WR: 
35.5%(51.2%+TP)
⚠ Throttle: 75% — streak=-2
Sentiment: neutraal (-0.21) | F&G: -0.32 | Nieuws: +0.00
[BTC/USDT] Regime: bear_trend | Kracht: 67% | Bearish trend — ADX=33, EMA stack 
bearish
[ETH/USDT] Regime: bear_trend | Kracht: 58% | Bearish trend — ADX=29, EMA stack 
bearish
[SOL/USDT] Regime: bear_trend | Kracht: 77% | Bearish trend — ADX=39, EMA stack 
bearish

──────────────────────────── Cyclus #258 — 05:32:28 ────────────────────────────
Portfolio: $979.06  PnL: -2.09%  DD: 2.2%  Posities: 0  Trades: 39  WR: 
35.5%(51.2%+TP)
⚠ Throttle: 75% — streak=-2
Sentiment: neutraal (-0.21) | F&G: -0.32 | Nieuws: +0.00
[BTC/USDT] Regime: bear_trend | Kracht: 67% | Bearish trend — ADX=33, EMA stack 
bearish
[ETH/USDT] Regime: bear_trend | Kracht: 58% | Bearish trend — ADX=29, EMA stack 
bearish
[SOL/USDT] Regime: bear_trend | Kracht: 77% | Bearish trend — ADX=39, EMA stack 
bearish

──────────────────────────── Cyclus #259 — 05:33:37 ────────────────────────────
Portfolio: $979.06  PnL: -2.09%  DD: 2.2%  Posities: 0  Trades: 39  WR: 
35.5%(51.2%+TP)
⚠ Throttle: 75% — streak=-2
Sentiment: neutraal (-0.21) | F&G: -0.32 | Nieuws: +0.00
[BTC/USDT] Regime: bear_trend | Kracht: 67% | Bearish trend — ADX=33, EMA stack 
bearish
[ETH/USDT] Regime: bear_trend | Kracht: 58% | Bearish trend — ADX=29, EMA stack 
bearish
[SOL/USDT] Regime: bear_trend | Kracht: 77% | Bearish trend — ADX=39, EMA stack 
bearish

──────────────────────────── Cyclus #260 — 05:34:45 ────────────────────────────
Portfolio: $979.06  PnL: -2.09%  DD: 2.2%  Posities: 0  Trades: 39  WR: 
35.5%(51.2%+TP)
⚠ Throttle: 75% — streak=-2
Sentiment: neutraal (-0.21) | F&G: -0.32 | Nieuws: +0.00
[BTC/USDT] Regime: bear_trend | Kracht: 67% | Bearish trend — ADX=33, EMA stack 
bearish
[ETH/USDT] Regime: bear_trend | Kracht: 58% | Bearish trend — ADX=29, EMA stack 
bearish
[SOL/USDT] Regime: bear_trend | Kracht: 77% | Bearish trend — ADX=39, EMA stack 
bearish

──────────────────────────── Cyclus #261 — 05:35:56 ────────────────────────────
Portfolio: $979.06  PnL: -2.09%  DD: 2.2%  Posities: 0  Trades: 39  WR: 
35.5%(51.2%+TP)
⚠ Throttle: 75% — streak=-2
Sentiment: neutraal (-0.21) | F&G: -0.32 | Nieuws: +0.00
[BTC/USDT] Regime: bear_trend | Kracht: 67% | Bearish trend — ADX=33, EMA stack 
bearish
[ETH/USDT] Regime: bear_trend | Kracht: 58% | Bearish trend — ADX=29, EMA stack 
bearish
[SOL/USDT] Regime: bear_trend | Kracht: 77% | Bearish trend — ADX=39, EMA stack 
bearish

──────────────────────────── Cyclus #262 — 05:37:04 ────────────────────────────
Portfolio: $979.06  PnL: -2.09%  DD: 2.2%  Posities: 0  Trades: 39  WR: 
35.5%(51.2%+TP)
⚠ Throttle: 75% — streak=-2
Sentiment: neutraal (-0.21) | F&G: -0.32 | Nieuws: +0.00
[BTC/USDT] Regime: bear_trend | Kracht: 67% | Bearish trend — ADX=33, EMA stack 
bearish
[ETH/USDT] Regime: bear_trend | Kracht: 58% | Bearish trend — ADX=29, EMA stack 
bearish
[SOL/USDT] Regime: bear_trend | Kracht: 77% | Bearish trend — ADX=39, EMA stack 
bearish

──────────────────────────── Cyclus #263 — 05:38:12 ────────────────────────────
Portfolio: $979.06  PnL: -2.09%  DD: 2.2%  Posities: 0  Trades: 39  WR: 
35.5%(51.2%+TP)
⚠ Throttle: 75% — streak=-2
Sentiment: neutraal (-0.21) | F&G: -0.32 | Nieuws: +0.00
[BTC/USDT] Regime: bear_trend | Kracht: 67% | Bearish trend — ADX=33, EMA stack 
bearish
[ETH/USDT] Regime: bear_trend | Kracht: 58% | Bearish trend — ADX=29, EMA stack 
bearish
[SOL/USDT] Regime: bear_trend | Kracht: 77% | Bearish trend — ADX=39, EMA stack 
bearish

──────────────────────────── Cyclus #264 — 05:39:20 ────────────────────────────
Portfolio: $979.06  PnL: -2.09%  DD: 2.2%  Posities: 0  Trades: 39  WR: 
35.5%(51.2%+TP)
⚠ Throttle: 75% — streak=-2
Sentiment: neutraal (-0.21) | F&G: -0.32 | Nieuws: +0.00
[BTC/USDT] Regime: bear_trend | Kracht: 67% | Bearish trend — ADX=33, EMA stack 
bearish
[ETH/USDT] Regime: bear_trend | Kracht: 58% | Bearish trend — ADX=29, EMA stack 
bearish
[SOL/USDT] Regime: bear_trend | Kracht: 77% | Bearish trend — ADX=39, EMA stack 
bearish

──────────────────────────── Cyclus #265 — 05:40:28 ────────────────────────────
Portfolio: $979.06  PnL: -2.09%  DD: 2.2%  Posities: 0  Trades: 39  WR: 
35.5%(51.2%+TP)
⚠ Throttle: 75% — streak=-2
Sentiment: neutraal (-0.21) | F&G: -0.32 | Nieuws: +0.00
[BTC/USDT] Regime: bear_trend | Kracht: 67% | Bearish trend — ADX=33, EMA stack 
bearish
[ETH/USDT] Regime: bear_trend | Kracht: 58% | Bearish trend — ADX=29, EMA stack 
bearish
[SOL/USDT] Regime: bear_trend | Kracht: 77% | Bearish trend — ADX=39, EMA stack 
bearish

──────────────────────────── Cyclus #266 — 05:41:40 ────────────────────────────
Portfolio: $979.06  PnL: -2.09%  DD: 2.2%  Posities: 0  Trades: 39  WR: 
35.5%(51.2%+TP)
⚠ Throttle: 75% — streak=-2
Sentiment: neutraal (-0.21) | F&G: -0.32 | Nieuws: +0.00
[BTC/USDT] Regime: bear_trend | Kracht: 67% | Bearish trend — ADX=33, EMA stack 
bearish
[ETH/USDT] Regime: bear_trend | Kracht: 58% | Bearish trend — ADX=29, EMA stack 
bearish
[SOL/USDT] Regime: bear_trend | Kracht: 77% | Bearish trend — ADX=39, EMA stack 
bearish

──────────────────────────── Cyclus #267 — 05:42:48 ────────────────────────────
Portfolio: $979.06  PnL: -2.09%  DD: 2.2%  Posities: 0  Trades: 39  WR: 
35.5%(51.2%+TP)
⚠ Throttle: 75% — streak=-2
Sentiment: neutraal (-0.21) | F&G: -0.32 | Nieuws: +0.00
[BTC/USDT] Regime: bear_trend | Kracht: 67% | Bearish trend — ADX=33, EMA stack 
bearish
[ETH/USDT] Regime: bear_trend | Kracht: 58% | Bearish trend — ADX=29, EMA stack 
bearish
[SOL/USDT] Regime: bear_trend | Kracht: 77% | Bearish trend — ADX=39, EMA stack 
bearish

──────────────────────────── Cyclus #268 — 05:43:57 ────────────────────────────
Portfolio: $979.06  PnL: -2.09%  DD: 2.2%  Posities: 0  Trades: 39  WR: 
35.5%(51.2%+TP)
⚠ Throttle: 75% — streak=-2
Sentiment: neutraal (-0.21) | F&G: -0.32 | Nieuws: +0.00
[BTC/USDT] Regime: bear_trend | Kracht: 67% | Bearish trend — ADX=33, EMA stack 
bearish
[ETH/USDT] Regime: bear_trend | Kracht: 58% | Bearish trend — ADX=29, EMA stack 
bearish
[SOL/USDT] Regime: bear_trend | Kracht: 77% | Bearish trend — ADX=39, EMA stack 
bearish

──────────────────────────── Cyclus #269 — 05:45:06 ────────────────────────────
Portfolio: $979.06  PnL: -2.09%  DD: 2.2%  Posities: 0  Trades: 39  WR: 
35.5%(51.2%+TP)
⚠ Throttle: 75% — streak=-2
Sentiment: neutraal (-0.21) | F&G: -0.32 | Nieuws: +0.00
[BTC/USDT] Regime: bear_trend | Kracht: 67% | Bearish trend — ADX=33, EMA stack 
bearish
[ETH/USDT] Regime: bear_trend | Kracht: 58% | Bearish trend — ADX=29, EMA stack 
bearish
[SOL/USDT] Regime: bear_trend | Kracht: 77% | Bearish trend — ADX=39, EMA stack 
bearish

──────────────────────────── Cyclus #270 — 05:46:14 ────────────────────────────
Portfolio: $979.06  PnL: -2.09%  DD: 2.2%  Posities: 0  Trades: 39  WR: 
35.5%(51.2%+TP)
⚠ Throttle: 75% — streak=-2
Sentiment: neutraal (-0.21) | F&G: -0.32 | Nieuws: +0.00
[BTC/USDT] Regime: bear_trend | Kracht: 67% | Bearish trend — ADX=33, EMA stack 
bearish
[ETH/USDT] Regime: bear_trend | Kracht: 58% | Bearish trend — ADX=29, EMA stack 
bearish
[SOL/USDT] Regime: bear_trend | Kracht: 77% | Bearish trend — ADX=39, EMA stack 
bearish

──────────────────────────── Cyclus #271 — 05:47:26 ────────────────────────────
Portfolio: $979.06  PnL: -2.09%  DD: 2.2%  Posities: 0  Trades: 39  WR: 
35.5%(51.2%+TP)
⚠ Throttle: 75% — streak=-2
Sentiment: neutraal (-0.21) | F&G: -0.32 | Nieuws: +0.00
[BTC/USDT] Regime: bear_trend | Kracht: 67% | Bearish trend — ADX=33, EMA stack 
bearish
[ETH/USDT] Regime: bear_trend | Kracht: 58% | Bearish trend — ADX=29, EMA stack 
bearish
[SOL/USDT] Regime: bear_trend | Kracht: 77% | Bearish trend — ADX=39, EMA stack 
bearish

──────────────────────────── Cyclus #272 — 05:48:35 ────────────────────────────
Portfolio: $979.06  PnL: -2.09%  DD: 2.2%  Posities: 0  Trades: 39  WR: 
35.5%(51.2%+TP)
⚠ Throttle: 75% — streak=-2
Sentiment: neutraal (-0.21) | F&G: -0.32 | Nieuws: +0.00
[BTC/USDT] Regime: bear_trend | Kracht: 67% | Bearish trend — ADX=33, EMA stack 
bearish
[ETH/USDT] Regime: bear_trend | Kracht: 58% | Bearish trend — ADX=29, EMA stack 
bearish
[SOL/USDT] Regime: bear_trend | Kracht: 77% | Bearish trend — ADX=39, EMA stack 
bearish

──────────────────────────── Cyclus #273 — 05:49:43 ────────────────────────────
Portfolio: $979.06  PnL: -2.09%  DD: 2.2%  Posities: 0  Trades: 39  WR: 
35.5%(51.2%+TP)
⚠ Throttle: 75% — streak=-2
Sentiment: neutraal (-0.21) | F&G: -0.32 | Nieuws: +0.00
[BTC/USDT] Regime: bear_trend | Kracht: 67% | Bearish trend — ADX=33, EMA stack 
bearish
[ETH/USDT] Regime: bear_trend | Kracht: 58% | Bearish trend — ADX=29, EMA stack 
bearish
[SOL/USDT] Regime: bear_trend | Kracht: 77% | Bearish trend — ADX=39, EMA stack 
bearish

──────────────────────────── Cyclus #274 — 05:50:51 ────────────────────────────
Portfolio: $979.06  PnL: -2.09%  DD: 2.2%  Posities: 0  Trades: 39  WR: 
35.5%(51.2%+TP)
⚠ Throttle: 75% — streak=-2
Sentiment: neutraal (-0.21) | F&G: -0.32 | Nieuws: +0.00
[BTC/USDT] Regime: bear_trend | Kracht: 67% | Bearish trend — ADX=33, EMA stack 
bearish
[ETH/USDT] Regime: bear_trend | Kracht: 58% | Bearish trend — ADX=29, EMA stack 
bearish
[SOL/USDT] Regime: bear_trend | Kracht: 77% | Bearish trend — ADX=39, EMA stack 
bearish

──────────────────────────── Cyclus #275 — 05:51:58 ────────────────────────────
Portfolio: $979.06  PnL: -2.09%  DD: 2.2%  Posities: 0  Trades: 39  WR: 
35.5%(51.2%+TP)
⚠ Throttle: 75% — streak=-2
Sentiment: neutraal (-0.21) | F&G: -0.32 | Nieuws: +0.00
[BTC/USDT] Regime: bear_trend | Kracht: 67% | Bearish trend — ADX=33, EMA stack 
bearish
[ETH/USDT] Regime: bear_trend | Kracht: 58% | Bearish trend — ADX=29, EMA stack 
bearish
[SOL/USDT] Regime: bear_trend | Kracht: 77% | Bearish trend — ADX=39, EMA stack 
bearish

──────────────────────────── Cyclus #276 — 05:53:10 ────────────────────────────
Portfolio: $979.06  PnL: -2.09%  DD: 2.2%  Posities: 0  Trades: 39  WR: 
35.5%(51.2%+TP)
⚠ Throttle: 75% — streak=-2
Sentiment: neutraal (-0.21) | F&G: -0.32 | Nieuws: +0.00
[BTC/USDT] Regime: bear_trend | Kracht: 67% | Bearish trend — ADX=33, EMA stack 
bearish
[ETH/USDT] Regime: bear_trend | Kracht: 58% | Bearish trend — ADX=29, EMA stack 
bearish
[SOL/USDT] Regime: bear_trend | Kracht: 77% | Bearish trend — ADX=39, EMA stack 
bearish

──────────────────────────── Cyclus #277 — 05:54:18 ────────────────────────────
Portfolio: $979.06  PnL: -2.09%  DD: 2.2%  Posities: 0  Trades: 39  WR: 
35.5%(51.2%+TP)
⚠ Throttle: 75% — streak=-2
Sentiment: neutraal (-0.21) | F&G: -0.32 | Nieuws: +0.00
[BTC/USDT] Regime: bear_trend | Kracht: 67% | Bearish trend — ADX=33, EMA stack 
bearish
[ETH/USDT] Regime: bear_trend | Kracht: 58% | Bearish trend — ADX=29, EMA stack 
bearish
[SOL/USDT] Regime: bear_trend | Kracht: 77% | Bearish trend — ADX=39, EMA stack 
bearish

──────────────────────────── Cyclus #278 — 05:55:26 ────────────────────────────
Portfolio: $979.06  PnL: -2.09%  DD: 2.2%  Posities: 0  Trades: 39  WR: 
35.5%(51.2%+TP)
⚠ Throttle: 75% — streak=-2
Sentiment: neutraal (-0.21) | F&G: -0.32 | Nieuws: +0.00
[BTC/USDT] Regime: bear_trend | Kracht: 67% | Bearish trend — ADX=33, EMA stack 
bearish
[ETH/USDT] Regime: bear_trend | Kracht: 58% | Bearish trend — ADX=29, EMA stack 
bearish
[SOL/USDT] Regime: bear_trend | Kracht: 77% | Bearish trend — ADX=39, EMA stack 
bearish

──────────────────────────── Cyclus #279 — 05:56:34 ────────────────────────────
Portfolio: $979.06  PnL: -2.09%  DD: 2.2%  Posities: 0  Trades: 39  WR: 
35.5%(51.2%+TP)
⚠ Throttle: 75% — streak=-2
Sentiment: neutraal (-0.21) | F&G: -0.32 | Nieuws: +0.00
[BTC/USDT] Regime: bear_trend | Kracht: 67% | Bearish trend — ADX=33, EMA stack 
bearish
[ETH/USDT] Regime: bear_trend | Kracht: 58% | Bearish trend — ADX=29, EMA stack 
bearish
[SOL/USDT] Regime: bear_trend | Kracht: 77% | Bearish trend — ADX=39, EMA stack 
bearish

──────────────────────────── Cyclus #280 — 05:57:42 ────────────────────────────
Portfolio: $979.06  PnL: -2.09%  DD: 2.2%  Posities: 0  Trades: 39  WR: 
35.5%(51.2%+TP)
⚠ Throttle: 75% — streak=-2
Sentiment: neutraal (-0.21) | F&G: -0.32 | Nieuws: +0.00
[BTC/USDT] Regime: bear_trend | Kracht: 67% | Bearish trend — ADX=34, EMA stack 
bearish
[ETH/USDT] Regime: bear_trend | Kracht: 58% | Bearish trend — ADX=29, EMA stack 
bearish
[SOL/USDT] Regime: bear_trend | Kracht: 77% | Bearish trend — ADX=39, EMA stack 
bearish

──────────────────────────── Cyclus #281 — 05:58:53 ────────────────────────────
Portfolio: $979.06  PnL: -2.09%  DD: 2.2%  Posities: 0  Trades: 39  WR: 
35.5%(51.2%+TP)
⚠ Throttle: 75% — streak=-2
Sentiment: neutraal (-0.21) | F&G: -0.32 | Nieuws: +0.00
[BTC/USDT] Regime: bear_trend | Kracht: 67% | Bearish trend — ADX=34, EMA stack 
bearish
[ETH/USDT] Regime: bear_trend | Kracht: 58% | Bearish trend — ADX=29, EMA stack 
bearish
[SOL/USDT] Regime: bear_trend | Kracht: 77% | Bearish trend — ADX=39, EMA stack 
bearish

──────────────────────────── Cyclus #282 — 06:00:02 ────────────────────────────
Portfolio: $979.06  PnL: -2.09%  DD: 2.2%  Posities: 0  Trades: 39  WR: 
35.5%(51.2%+TP)
⚠ Throttle: 75% — streak=-2
Sentiment: neutraal (-0.21) | F&G: -0.32 | Nieuws: +0.00
[BTC/USDT] Regime: bear_trend | Kracht: 67% | Bearish trend — ADX=34, EMA stack 
bearish
[ETH/USDT] Regime: bear_trend | Kracht: 58% | Bearish trend — ADX=29, EMA stack 
bearish
[SOL/USDT] Regime: bear_trend | Kracht: 77% | Bearish trend — ADX=39, EMA stack 
bearish

──────────────────────────── Cyclus #283 — 06:01:11 ────────────────────────────
Portfolio: $979.06  PnL: -2.09%  DD: 2.2%  Posities: 0  Trades: 39  WR: 
35.5%(51.2%+TP)
⚠ Throttle: 75% — streak=-2
Sentiment: neutraal (-0.21) | F&G: -0.32 | Nieuws: +0.00
[BTC/USDT] Regime: bear_trend | Kracht: 68% | Bearish trend — ADX=34, EMA stack 
bearish
[ETH/USDT] Regime: bear_trend | Kracht: 60% | Bearish trend — ADX=30, EMA stack 
bearish
[SOL/USDT] Regime: bear_trend | Kracht: 80% | Bearish trend — ADX=40, EMA stack 
bearish

──────────────────────────── Cyclus #284 — 06:02:19 ────────────────────────────
Portfolio: $979.06  PnL: -2.09%  DD: 2.2%  Posities: 0  Trades: 39  WR: 
35.5%(51.2%+TP)
⚠ Throttle: 75% — streak=-2
Sentiment: neutraal (-0.21) | F&G: -0.32 | Nieuws: +0.00
[BTC/USDT] Regime: bear_trend | Kracht: 68% | Bearish trend — ADX=34, EMA stack 
bearish
[ETH/USDT] Regime: bear_trend | Kracht: 60% | Bearish trend — ADX=30, EMA stack 
bearish
[SOL/USDT] Regime: bear_trend | Kracht: 80% | Bearish trend — ADX=40, EMA stack 
bearish

──────────────────────────── Cyclus #285 — 06:03:27 ────────────────────────────
Portfolio: $979.06  PnL: -2.09%  DD: 2.2%  Posities: 0  Trades: 39  WR: 
35.5%(51.2%+TP)
⚠ Throttle: 75% — streak=-2
Sentiment: neutraal (-0.21) | F&G: -0.32 | Nieuws: +0.00
[BTC/USDT] Regime: bear_trend | Kracht: 68% | Bearish trend — ADX=34, EMA stack 
bearish
[ETH/USDT] Regime: bear_trend | Kracht: 60% | Bearish trend — ADX=30, EMA stack 
bearish
[SOL/USDT] Regime: bear_trend | Kracht: 80% | Bearish trend — ADX=40, EMA stack 
bearish

──────────────────────────── Cyclus #286 — 06:04:39 ────────────────────────────
Portfolio: $979.06  PnL: -2.09%  DD: 2.2%  Posities: 0  Trades: 39  WR: 
35.5%(51.2%+TP)
⚠ Throttle: 75% — streak=-2
Sentiment: neutraal (-0.21) | F&G: -0.32 | Nieuws: +0.00
[BTC/USDT] Regime: bear_trend | Kracht: 68% | Bearish trend — ADX=34, EMA stack 
bearish
[ETH/USDT] Regime: bear_trend | Kracht: 60% | Bearish trend — ADX=30, EMA stack 
bearish
[SOL/USDT] Regime: bear_trend | Kracht: 80% | Bearish trend — ADX=40, EMA stack 
bearish

──────────────────────────── Cyclus #287 — 06:05:46 ────────────────────────────
Portfolio: $979.06  PnL: -2.09%  DD: 2.2%  Posities: 0  Trades: 39  WR: 
35.5%(51.2%+TP)
⚠ Throttle: 75% — streak=-2
Sentiment: neutraal (-0.21) | F&G: -0.32 | Nieuws: +0.00
[BTC/USDT] Regime: bear_trend | Kracht: 68% | Bearish trend — ADX=34, EMA stack 
bearish
[ETH/USDT] Regime: bear_trend | Kracht: 60% | Bearish trend — ADX=30, EMA stack 
bearish
[SOL/USDT] Regime: bear_trend | Kracht: 80% | Bearish trend — ADX=40, EMA stack 
bearish

──────────────────────────── Cyclus #288 — 06:06:54 ────────────────────────────
Portfolio: $979.06  PnL: -2.09%  DD: 2.2%  Posities: 0  Trades: 39  WR: 
35.5%(51.2%+TP)
⚠ Throttle: 75% — streak=-2
Sentiment: neutraal (-0.21) | F&G: -0.32 | Nieuws: +0.00
[BTC/USDT] Regime: bear_trend | Kracht: 68% | Bearish trend — ADX=34, EMA stack 
bearish
[ETH/USDT] Regime: bear_trend | Kracht: 60% | Bearish trend — ADX=30, EMA stack 
bearish
[SOL/USDT] Regime: bear_trend | Kracht: 80% | Bearish trend — ADX=40, EMA stack 
bearish

──────────────────────────── Cyclus #289 — 06:08:03 ────────────────────────────
Portfolio: $979.06  PnL: -2.09%  DD: 2.2%  Posities: 0  Trades: 39  WR: 
35.5%(51.2%+TP)
⚠ Throttle: 75% — streak=-2
Sentiment: neutraal (-0.21) | F&G: -0.32 | Nieuws: +0.00
[BTC/USDT] Regime: bear_trend | Kracht: 68% | Bearish trend — ADX=34, EMA stack 
bearish
[ETH/USDT] Regime: bear_trend | Kracht: 60% | Bearish trend — ADX=30, EMA stack 
bearish
[SOL/USDT] Regime: bear_trend | Kracht: 80% | Bearish trend — ADX=40, EMA stack 
bearish

──────────────────────────── Cyclus #290 — 06:09:11 ────────────────────────────
Portfolio: $979.06  PnL: -2.09%  DD: 2.2%  Posities: 0  Trades: 39  WR: 
35.5%(51.2%+TP)
⚠ Throttle: 75% — streak=-2
Sentiment: neutraal (-0.21) | F&G: -0.32 | Nieuws: +0.00
[BTC/USDT] Regime: bear_trend | Kracht: 68% | Bearish trend — ADX=34, EMA stack 
bearish
[ETH/USDT] Regime: bear_trend | Kracht: 60% | Bearish trend — ADX=30, EMA stack 
bearish
[SOL/USDT] Regime: bear_trend | Kracht: 80% | Bearish trend — ADX=40, EMA stack 
bearish

──────────────────────────── Cyclus #291 — 06:10:22 ────────────────────────────
Portfolio: $979.06  PnL: -2.09%  DD: 2.2%  Posities: 0  Trades: 39  WR: 
35.5%(51.2%+TP)
⚠ Throttle: 75% — streak=-2
Sentiment: neutraal (-0.21) | F&G: -0.32 | Nieuws: +0.00
[BTC/USDT] Regime: bear_trend | Kracht: 68% | Bearish trend — ADX=34, EMA stack 
bearish
[ETH/USDT] Regime: bear_trend | Kracht: 60% | Bearish trend — ADX=30, EMA stack 
bearish
[SOL/USDT] Regime: bear_trend | Kracht: 80% | Bearish trend — ADX=40, EMA stack 
bearish

──────────────────────────── Cyclus #292 — 06:11:30 ────────────────────────────
Portfolio: $979.06  PnL: -2.09%  DD: 2.2%  Posities: 0  Trades: 39  WR: 
35.5%(51.2%+TP)
⚠ Throttle: 75% — streak=-2
Sentiment: neutraal (-0.21) | F&G: -0.32 | Nieuws: +0.00
[BTC/USDT] Regime: bear_trend | Kracht: 68% | Bearish trend — ADX=34, EMA stack 
bearish
[ETH/USDT] Regime: bear_trend | Kracht: 60% | Bearish trend — ADX=30, EMA stack 
bearish
[SOL/USDT] Regime: bear_trend | Kracht: 80% | Bearish trend — ADX=40, EMA stack 
bearish

──────────────────────────── Cyclus #293 — 06:12:38 ────────────────────────────
Portfolio: $979.06  PnL: -2.09%  DD: 2.2%  Posities: 0  Trades: 39  WR: 
35.5%(51.2%+TP)
⚠ Throttle: 75% — streak=-2
Sentiment: neutraal (-0.21) | F&G: -0.32 | Nieuws: +0.00
[BTC/USDT] Regime: bear_trend | Kracht: 68% | Bearish trend — ADX=34, EMA stack 
bearish
[ETH/USDT] Regime: bear_trend | Kracht: 60% | Bearish trend — ADX=30, EMA stack 
bearish
[SOL/USDT] Regime: bear_trend | Kracht: 80% | Bearish trend — ADX=40, EMA stack 
bearish

──────────────────────────── Cyclus #294 — 06:13:46 ────────────────────────────
Portfolio: $979.06  PnL: -2.09%  DD: 2.2%  Posities: 0  Trades: 39  WR: 
35.5%(51.2%+TP)
⚠ Throttle: 75% — streak=-2
Sentiment: neutraal (-0.21) | F&G: -0.32 | Nieuws: +0.00
[BTC/USDT] Regime: bear_trend | Kracht: 68% | Bearish trend — ADX=34, EMA stack 
bearish
[ETH/USDT] Regime: bear_trend | Kracht: 60% | Bearish trend — ADX=30, EMA stack 
bearish
[SOL/USDT] Regime: bear_trend | Kracht: 80% | Bearish trend — ADX=40, EMA stack 
bearish

──────────────────────────── Cyclus #295 — 06:14:54 ────────────────────────────
Portfolio: $979.06  PnL: -2.09%  DD: 2.2%  Posities: 0  Trades: 39  WR: 
35.5%(51.2%+TP)
⚠ Throttle: 75% — streak=-2
Sentiment: neutraal (-0.21) | F&G: -0.32 | Nieuws: +0.00
[BTC/USDT] Regime: bear_trend | Kracht: 68% | Bearish trend — ADX=34, EMA stack 
bearish
[ETH/USDT] Regime: bear_trend | Kracht: 60% | Bearish trend — ADX=30, EMA stack 
bearish
[SOL/USDT] Regime: bear_trend | Kracht: 80% | Bearish trend — ADX=40, EMA stack 
bearish

──────────────────────────── Cyclus #296 — 06:16:06 ────────────────────────────
Portfolio: $979.06  PnL: -2.09%  DD: 2.2%  Posities: 0  Trades: 39  WR: 
35.5%(51.2%+TP)
⚠ Throttle: 75% — streak=-2
Sentiment: neutraal (-0.21) | F&G: -0.32 | Nieuws: +0.00
[BTC/USDT] Regime: bear_trend | Kracht: 68% | Bearish trend — ADX=34, EMA stack 
bearish
[ETH/USDT] Regime: bear_trend | Kracht: 60% | Bearish trend — ADX=30, EMA stack 
bearish
[SOL/USDT] Regime: bear_trend | Kracht: 80% | Bearish trend — ADX=40, EMA stack 
bearish

──────────────────────────── Cyclus #297 — 06:17:13 ────────────────────────────
Portfolio: $979.06  PnL: -2.09%  DD: 2.2%  Posities: 0  Trades: 39  WR: 
35.5%(51.2%+TP)
⚠ Throttle: 75% — streak=-2
Sentiment: neutraal (-0.21) | F&G: -0.32 | Nieuws: +0.00
[BTC/USDT] Regime: bear_trend | Kracht: 68% | Bearish trend — ADX=34, EMA stack 
bearish
[ETH/USDT] Regime: bear_trend | Kracht: 60% | Bearish trend — ADX=30, EMA stack 
bearish
[SOL/USDT] Regime: bear_trend | Kracht: 80% | Bearish trend — ADX=40, EMA stack 
bearish

──────────────────────────── Cyclus #298 — 06:18:21 ────────────────────────────
Portfolio: $979.06  PnL: -2.09%  DD: 2.2%  Posities: 0  Trades: 39  WR: 
35.5%(51.2%+TP)
⚠ Throttle: 75% — streak=-2
Sentiment: neutraal (-0.21) | F&G: -0.32 | Nieuws: +0.00
[BTC/USDT] Regime: bear_trend | Kracht: 68% | Bearish trend — ADX=34, EMA stack 
bearish
[ETH/USDT] Regime: bear_trend | Kracht: 60% | Bearish trend — ADX=30, EMA stack 
bearish
[SOL/USDT] Regime: bear_trend | Kracht: 80% | Bearish trend — ADX=40, EMA stack 
bearish

──────────────────────────── Cyclus #299 — 06:19:29 ────────────────────────────
Portfolio: $979.06  PnL: -2.09%  DD: 2.2%  Posities: 0  Trades: 39  WR: 
35.5%(51.2%+TP)
⚠ Throttle: 75% — streak=-2
Sentiment: neutraal (-0.21) | F&G: -0.32 | Nieuws: +0.00
[BTC/USDT] Regime: bear_trend | Kracht: 68% | Bearish trend — ADX=34, EMA stack 
bearish
[ETH/USDT] Regime: bear_trend | Kracht: 60% | Bearish trend — ADX=30, EMA stack 
bearish
[SOL/USDT] Regime: bear_trend | Kracht: 80% | Bearish trend — ADX=40, EMA stack 
bearish

──────────────────────────── Cyclus #300 — 06:20:37 ────────────────────────────
Portfolio: $979.06  PnL: -2.09%  DD: 2.2%  Posities: 0  Trades: 39  WR: 
35.5%(51.2%+TP)
⚠ Throttle: 75% — streak=-2
Sentiment: neutraal (-0.21) | F&G: -0.32 | Nieuws: +0.00
[BTC/USDT] Regime: bear_trend | Kracht: 68% | Bearish trend — ADX=34, EMA stack 
bearish
[ETH/USDT] Regime: bear_trend | Kracht: 60% | Bearish trend — ADX=30, EMA stack 
bearish
[SOL/USDT] Regime: bear_trend | Kracht: 80% | Bearish trend — ADX=40, EMA stack 
bearish

──────────────────────────── Cyclus #301 — 06:21:51 ────────────────────────────
Portfolio: $979.06  PnL: -2.09%  DD: 2.2%  Posities: 0  Trades: 39  WR: 
35.5%(51.2%+TP)
⚠ Throttle: 75% — streak=-2
Sentiment: Angst (-0.21) | F&G: -0.32 | Nieuws: +0.00
[BTC/USDT] Regime: bear_trend | Kracht: 68% | Bearish trend — ADX=34, EMA stack 
bearish
[ETH/USDT] Regime: bear_trend | Kracht: 60% | Bearish trend — ADX=30, EMA stack 
bearish
[SOL/USDT] Regime: bear_trend | Kracht: 80% | Bearish trend — ADX=40, EMA stack 
bearish

──────────────────────────── Cyclus #302 — 06:22:59 ────────────────────────────
Portfolio: $979.06  PnL: -2.09%  DD: 2.2%  Posities: 0  Trades: 39  WR: 
35.5%(51.2%+TP)
⚠ Throttle: 75% — streak=-2
Sentiment: Angst (-0.21) | F&G: -0.32 | Nieuws: +0.00
[BTC/USDT] Regime: bear_trend | Kracht: 68% | Bearish trend — ADX=34, EMA stack 
bearish
[ETH/USDT] Regime: bear_trend | Kracht: 60% | Bearish trend — ADX=30, EMA stack 
bearish
[SOL/USDT] Regime: bear_trend | Kracht: 80% | Bearish trend — ADX=40, EMA stack 
bearish

──────────────────────────── Cyclus #303 — 06:24:07 ────────────────────────────
Portfolio: $979.06  PnL: -2.09%  DD: 2.2%  Posities: 0  Trades: 39  WR: 
35.5%(51.2%+TP)
⚠ Throttle: 75% — streak=-2
Sentiment: Angst (-0.21) | F&G: -0.32 | Nieuws: +0.00
[BTC/USDT] Regime: bear_trend | Kracht: 68% | Bearish trend — ADX=34, EMA stack 
bearish
[ETH/USDT] Regime: bear_trend | Kracht: 60% | Bearish trend — ADX=30, EMA stack 
bearish
[SOL/USDT] Regime: bear_trend | Kracht: 80% | Bearish trend — ADX=40, EMA stack 
bearish

──────────────────────────── Cyclus #304 — 06:25:14 ────────────────────────────
Portfolio: $979.06  PnL: -2.09%  DD: 2.2%  Posities: 0  Trades: 39  WR: 
35.5%(51.2%+TP)
⚠ Throttle: 75% — streak=-2
Sentiment: Angst (-0.21) | F&G: -0.32 | Nieuws: +0.00
[BTC/USDT] Regime: bear_trend | Kracht: 68% | Bearish trend — ADX=34, EMA stack 
bearish
[ETH/USDT] Regime: bear_trend | Kracht: 60% | Bearish trend — ADX=30, EMA stack 
bearish
[SOL/USDT] Regime: bear_trend | Kracht: 80% | Bearish trend — ADX=40, EMA stack 
bearish

──────────────────────────── Cyclus #305 — 06:26:22 ────────────────────────────
Portfolio: $979.06  PnL: -2.09%  DD: 2.2%  Posities: 0  Trades: 39  WR: 
35.5%(51.2%+TP)
⚠ Throttle: 75% — streak=-2
Sentiment: Angst (-0.21) | F&G: -0.32 | Nieuws: +0.00
[BTC/USDT] Regime: bear_trend | Kracht: 68% | Bearish trend — ADX=34, EMA stack 
bearish
[ETH/USDT] Regime: bear_trend | Kracht: 60% | Bearish trend — ADX=30, EMA stack 
bearish
[SOL/USDT] Regime: bear_trend | Kracht: 80% | Bearish trend — ADX=40, EMA stack 
bearish

──────────────────────────── Cyclus #306 — 06:27:34 ────────────────────────────
Portfolio: $979.06  PnL: -2.09%  DD: 2.2%  Posities: 0  Trades: 39  WR: 
35.5%(51.2%+TP)
⚠ Throttle: 75% — streak=-2
Sentiment: Angst (-0.21) | F&G: -0.32 | Nieuws: +0.00
[BTC/USDT] Regime: bear_trend | Kracht: 68% | Bearish trend — ADX=34, EMA stack 
bearish
[ETH/USDT] Regime: bear_trend | Kracht: 60% | Bearish trend — ADX=30, EMA stack 
bearish
[SOL/USDT] Regime: bear_trend | Kracht: 80% | Bearish trend — ADX=40, EMA stack 
bearish

──────────────────────────── Cyclus #307 — 06:28:43 ────────────────────────────
Portfolio: $979.06  PnL: -2.09%  DD: 2.2%  Posities: 0  Trades: 39  WR: 
35.5%(51.2%+TP)
⚠ Throttle: 75% — streak=-2
Sentiment: Angst (-0.21) | F&G: -0.32 | Nieuws: +0.00
[BTC/USDT] Regime: bear_trend | Kracht: 68% | Bearish trend — ADX=34, EMA stack 
bearish
[ETH/USDT] Regime: bear_trend | Kracht: 60% | Bearish trend — ADX=30, EMA stack 
bearish
[SOL/USDT] Regime: bear_trend | Kracht: 80% | Bearish trend — ADX=40, EMA stack 
bearish

──────────────────────────── Cyclus #308 — 06:29:51 ────────────────────────────
Portfolio: $979.06  PnL: -2.09%  DD: 2.2%  Posities: 0  Trades: 39  WR: 
35.5%(51.2%+TP)
⚠ Throttle: 75% — streak=-2
Sentiment: Angst (-0.21) | F&G: -0.32 | Nieuws: +0.00
[BTC/USDT] Regime: bear_trend | Kracht: 68% | Bearish trend — ADX=34, EMA stack 
bearish
[ETH/USDT] Regime: bear_trend | Kracht: 60% | Bearish trend — ADX=30, EMA stack 
bearish
[SOL/USDT] Regime: bear_trend | Kracht: 80% | Bearish trend — ADX=40, EMA stack 
bearish

──────────────────────────── Cyclus #309 — 06:30:59 ────────────────────────────
Portfolio: $979.06  PnL: -2.09%  DD: 2.2%  Posities: 0  Trades: 39  WR: 
35.5%(51.2%+TP)
⚠ Throttle: 75% — streak=-2
Sentiment: Angst (-0.21) | F&G: -0.32 | Nieuws: +0.00
[BTC/USDT] Regime: bear_trend | Kracht: 68% | Bearish trend — ADX=34, EMA stack 
bearish
[ETH/USDT] Regime: bear_trend | Kracht: 60% | Bearish trend — ADX=30, EMA stack 
bearish
[SOL/USDT] Regime: bear_trend | Kracht: 80% | Bearish trend — ADX=40, EMA stack 
bearish

──────────────────────────── Cyclus #310 — 06:32:06 ────────────────────────────
Portfolio: $979.06  PnL: -2.09%  DD: 2.2%  Posities: 0  Trades: 39  WR: 
35.5%(51.2%+TP)
⚠ Throttle: 75% — streak=-2
Sentiment: Angst (-0.21) | F&G: -0.32 | Nieuws: +0.00
[BTC/USDT] Regime: bear_trend | Kracht: 68% | Bearish trend — ADX=34, EMA stack 
bearish
[ETH/USDT] Regime: bear_trend | Kracht: 60% | Bearish trend — ADX=30, EMA stack 
bearish
[SOL/USDT] Regime: bear_trend | Kracht: 80% | Bearish trend — ADX=40, EMA stack 
bearish

──────────────────────────── Cyclus #311 — 06:33:18 ────────────────────────────
Portfolio: $979.06  PnL: -2.09%  DD: 2.2%  Posities: 0  Trades: 39  WR: 
35.5%(51.2%+TP)
⚠ Throttle: 75% — streak=-2
Sentiment: neutraal (-0.21) | F&G: -0.32 | Nieuws: +0.00
[BTC/USDT] Regime: bear_trend | Kracht: 68% | Bearish trend — ADX=34, EMA stack 
bearish
[ETH/USDT] Regime: bear_trend | Kracht: 60% | Bearish trend — ADX=30, EMA stack 
bearish
[SOL/USDT] Regime: bear_trend | Kracht: 80% | Bearish trend — ADX=40, EMA stack 
bearish

──────────────────────────── Cyclus #312 — 06:34:26 ────────────────────────────
Portfolio: $979.06  PnL: -2.09%  DD: 2.2%  Posities: 0  Trades: 39  WR: 
35.5%(51.2%+TP)
⚠ Throttle: 75% — streak=-2
Sentiment: neutraal (-0.21) | F&G: -0.32 | Nieuws: +0.00
[BTC/USDT] Regime: bear_trend | Kracht: 68% | Bearish trend — ADX=34, EMA stack 
bearish
[ETH/USDT] Regime: bear_trend | Kracht: 60% | Bearish trend — ADX=30, EMA stack 
bearish
[SOL/USDT] Regime: bear_trend | Kracht: 80% | Bearish trend — ADX=40, EMA stack 
bearish

──────────────────────────── Cyclus #313 — 06:35:34 ────────────────────────────
Portfolio: $979.06  PnL: -2.09%  DD: 2.2%  Posities: 0  Trades: 39  WR: 
35.5%(51.2%+TP)
⚠ Throttle: 75% — streak=-2
Sentiment: neutraal (-0.21) | F&G: -0.32 | Nieuws: +0.00
[BTC/USDT] Regime: bear_trend | Kracht: 68% | Bearish trend — ADX=34, EMA stack 
bearish
[ETH/USDT] Regime: bear_trend | Kracht: 60% | Bearish trend — ADX=30, EMA stack 
bearish
[SOL/USDT] Regime: bear_trend | Kracht: 80% | Bearish trend — ADX=40, EMA stack 
bearish

──────────────────────────── Cyclus #314 — 06:36:42 ────────────────────────────
Portfolio: $979.06  PnL: -2.09%  DD: 2.2%  Posities: 0  Trades: 39  WR: 
35.5%(51.2%+TP)
⚠ Throttle: 75% — streak=-2
Sentiment: neutraal (-0.21) | F&G: -0.32 | Nieuws: +0.00
[BTC/USDT] Regime: bear_trend | Kracht: 68% | Bearish trend — ADX=34, EMA stack 
bearish
[ETH/USDT] Regime: bear_trend | Kracht: 60% | Bearish trend — ADX=30, EMA stack 
bearish
[SOL/USDT] Regime: bear_trend | Kracht: 80% | Bearish trend — ADX=40, EMA stack 
bearish

──────────────────────────── Cyclus #315 — 06:37:50 ────────────────────────────
Portfolio: $979.06  PnL: -2.09%  DD: 2.2%  Posities: 0  Trades: 39  WR: 
35.5%(51.2%+TP)
⚠ Throttle: 75% — streak=-2
Sentiment: neutraal (-0.21) | F&G: -0.32 | Nieuws: +0.00
[BTC/USDT] Regime: bear_trend | Kracht: 68% | Bearish trend — ADX=34, EMA stack 
bearish
[ETH/USDT] Regime: bear_trend | Kracht: 60% | Bearish trend — ADX=30, EMA stack 
bearish
[SOL/USDT] Regime: bear_trend | Kracht: 80% | Bearish trend — ADX=40, EMA stack 
bearish

──────────────────────────── Cyclus #316 — 06:39:01 ────────────────────────────
Portfolio: $979.06  PnL: -2.09%  DD: 2.2%  Posities: 0  Trades: 39  WR: 
35.5%(51.2%+TP)
⚠ Throttle: 75% — streak=-2
Sentiment: neutraal (-0.21) | F&G: -0.32 | Nieuws: +0.00
[BTC/USDT] Regime: bear_trend | Kracht: 68% | Bearish trend — ADX=34, EMA stack 
bearish
[ETH/USDT] Regime: bear_trend | Kracht: 60% | Bearish trend — ADX=30, EMA stack 
bearish
[SOL/USDT] Regime: bear_trend | Kracht: 80% | Bearish trend — ADX=40, EMA stack 
bearish

──────────────────────────── Cyclus #317 — 06:40:09 ────────────────────────────
Portfolio: $979.06  PnL: -2.09%  DD: 2.2%  Posities: 0  Trades: 39  WR: 
35.5%(51.2%+TP)
⚠ Throttle: 75% — streak=-2
Sentiment: neutraal (-0.21) | F&G: -0.32 | Nieuws: +0.00
[BTC/USDT] Regime: bear_trend | Kracht: 68% | Bearish trend — ADX=34, EMA stack 
bearish
[ETH/USDT] Regime: bear_trend | Kracht: 60% | Bearish trend — ADX=30, EMA stack 
bearish
[SOL/USDT] Regime: bear_trend | Kracht: 80% | Bearish trend — ADX=40, EMA stack 
bearish

──────────────────────────── Cyclus #318 — 06:41:17 ────────────────────────────
Portfolio: $979.06  PnL: -2.09%  DD: 2.2%  Posities: 0  Trades: 39  WR: 
35.5%(51.2%+TP)
⚠ Throttle: 75% — streak=-2
Sentiment: neutraal (-0.21) | F&G: -0.32 | Nieuws: +0.00
[BTC/USDT] Regime: bear_trend | Kracht: 68% | Bearish trend — ADX=34, EMA stack 
bearish
[ETH/USDT] Regime: bear_trend | Kracht: 60% | Bearish trend — ADX=30, EMA stack 
bearish
[SOL/USDT] Regime: bear_trend | Kracht: 80% | Bearish trend — ADX=40, EMA stack 
bearish

──────────────────────────── Cyclus #319 — 06:42:24 ────────────────────────────
Portfolio: $979.06  PnL: -2.09%  DD: 2.2%  Posities: 0  Trades: 39  WR: 
35.5%(51.2%+TP)
⚠ Throttle: 75% — streak=-2
Sentiment: neutraal (-0.21) | F&G: -0.32 | Nieuws: +0.00
[BTC/USDT] Regime: bear_trend | Kracht: 68% | Bearish trend — ADX=34, EMA stack 
bearish
[ETH/USDT] Regime: bear_trend | Kracht: 60% | Bearish trend — ADX=30, EMA stack 
bearish
[SOL/USDT] Regime: bear_trend | Kracht: 80% | Bearish trend — ADX=40, EMA stack 
bearish

──────────────────────────── Cyclus #320 — 06:43:32 ────────────────────────────
Portfolio: $979.06  PnL: -2.09%  DD: 2.2%  Posities: 0  Trades: 39  WR: 
35.5%(51.2%+TP)
⚠ Throttle: 75% — streak=-2
Sentiment: neutraal (-0.21) | F&G: -0.32 | Nieuws: +0.00
[BTC/USDT] Regime: bear_trend | Kracht: 68% | Bearish trend — ADX=34, EMA stack 
bearish
[ETH/USDT] Regime: bear_trend | Kracht: 60% | Bearish trend — ADX=30, EMA stack 
bearish
[SOL/USDT] Regime: bear_trend | Kracht: 80% | Bearish trend — ADX=40, EMA stack 
bearish

──────────────────────────── Cyclus #321 — 06:44:44 ────────────────────────────
Portfolio: $979.06  PnL: -2.09%  DD: 2.2%  Posities: 0  Trades: 39  WR: 
35.5%(51.2%+TP)
⚠ Throttle: 75% — streak=-2
Sentiment: neutraal (-0.21) | F&G: -0.32 | Nieuws: +0.00
[BTC/USDT] Regime: bear_trend | Kracht: 68% | Bearish trend — ADX=34, EMA stack 
bearish
[ETH/USDT] Regime: bear_trend | Kracht: 60% | Bearish trend — ADX=30, EMA stack 
bearish
[SOL/USDT] Regime: bear_trend | Kracht: 80% | Bearish trend — ADX=40, EMA stack 
bearish

──────────────────────────── Cyclus #322 — 06:45:52 ────────────────────────────
Portfolio: $979.06  PnL: -2.09%  DD: 2.2%  Posities: 0  Trades: 39  WR: 
35.5%(51.2%+TP)
⚠ Throttle: 75% — streak=-2
Sentiment: neutraal (-0.21) | F&G: -0.32 | Nieuws: +0.00
[BTC/USDT] Regime: bear_trend | Kracht: 68% | Bearish trend — ADX=34, EMA stack 
bearish
[ETH/USDT] Regime: bear_trend | Kracht: 60% | Bearish trend — ADX=30, EMA stack 
bearish
[SOL/USDT] Regime: bear_trend | Kracht: 80% | Bearish trend — ADX=40, EMA stack 
bearish

──────────────────────────── Cyclus #323 — 06:47:00 ────────────────────────────
Portfolio: $979.06  PnL: -2.09%  DD: 2.2%  Posities: 0  Trades: 39  WR: 
35.5%(51.2%+TP)
⚠ Throttle: 75% — streak=-2
Sentiment: neutraal (-0.21) | F&G: -0.32 | Nieuws: +0.00
[BTC/USDT] Regime: bear_trend | Kracht: 68% | Bearish trend — ADX=34, EMA stack 
bearish
[ETH/USDT] Regime: bear_trend | Kracht: 60% | Bearish trend — ADX=30, EMA stack 
bearish
[SOL/USDT] Regime: bear_trend | Kracht: 80% | Bearish trend — ADX=40, EMA stack 
bearish

──────────────────────────── Cyclus #324 — 06:48:09 ────────────────────────────
Portfolio: $979.06  PnL: -2.09%  DD: 2.2%  Posities: 0  Trades: 39  WR: 
35.5%(51.2%+TP)
⚠ Throttle: 75% — streak=-2
Sentiment: neutraal (-0.21) | F&G: -0.32 | Nieuws: +0.00
[BTC/USDT] Regime: bear_trend | Kracht: 68% | Bearish trend — ADX=34, EMA stack 
bearish
[ETH/USDT] Regime: bear_trend | Kracht: 59% | Bearish trend — ADX=30, EMA stack 
bearish
[SOL/USDT] Regime: bear_trend | Kracht: 80% | Bearish trend — ADX=40, EMA stack 
bearish

──────────────────────────── Cyclus #325 — 06:49:17 ────────────────────────────
Portfolio: $979.06  PnL: -2.09%  DD: 2.2%  Posities: 0  Trades: 39  WR: 
35.5%(51.2%+TP)
⚠ Throttle: 75% — streak=-2
Sentiment: neutraal (-0.21) | F&G: -0.32 | Nieuws: +0.00
[BTC/USDT] Regime: bear_trend | Kracht: 68% | Bearish trend — ADX=34, EMA stack 
bearish
[ETH/USDT] Regime: bear_trend | Kracht: 59% | Bearish trend — ADX=30, EMA stack 
bearish
[SOL/USDT] Regime: bear_trend | Kracht: 80% | Bearish trend — ADX=40, EMA stack 
bearish

──────────────────────────── Cyclus #326 — 06:50:28 ────────────────────────────
Portfolio: $979.06  PnL: -2.09%  DD: 2.2%  Posities: 0  Trades: 39  WR: 
35.5%(51.2%+TP)
⚠ Throttle: 75% — streak=-2
Sentiment: neutraal (-0.21) | F&G: -0.32 | Nieuws: +0.00
[BTC/USDT] Regime: bear_trend | Kracht: 68% | Bearish trend — ADX=34, EMA stack 
bearish
[ETH/USDT] Regime: bear_trend | Kracht: 59% | Bearish trend — ADX=29, EMA stack 
bearish
[SOL/USDT] Regime: bear_trend | Kracht: 80% | Bearish trend — ADX=40, EMA stack 
bearish

──────────────────────────── Cyclus #327 — 06:51:35 ────────────────────────────
Portfolio: $979.06  PnL: -2.09%  DD: 2.2%  Posities: 0  Trades: 39  WR: 
35.5%(51.2%+TP)
⚠ Throttle: 75% — streak=-2
Sentiment: neutraal (-0.21) | F&G: -0.32 | Nieuws: +0.00
[BTC/USDT] Regime: bear_trend | Kracht: 68% | Bearish trend — ADX=34, EMA stack 
bearish
[ETH/USDT] Regime: bear_trend | Kracht: 59% | Bearish trend — ADX=29, EMA stack 
bearish
[SOL/USDT] Regime: bear_trend | Kracht: 80% | Bearish trend — ADX=40, EMA stack 
bearish

──────────────────────────── Cyclus #328 — 06:52:43 ────────────────────────────
Portfolio: $979.06  PnL: -2.09%  DD: 2.2%  Posities: 0  Trades: 39  WR: 
35.5%(51.2%+TP)
⚠ Throttle: 75% — streak=-2
Sentiment: neutraal (-0.21) | F&G: -0.32 | Nieuws: +0.00
[BTC/USDT] Regime: bear_trend | Kracht: 68% | Bearish trend — ADX=34, EMA stack 
bearish
[ETH/USDT] Regime: bear_trend | Kracht: 59% | Bearish trend — ADX=29, EMA stack 
bearish
[SOL/USDT] Regime: bear_trend | Kracht: 80% | Bearish trend — ADX=40, EMA stack 
bearish

──────────────────────────── Cyclus #329 — 06:53:51 ────────────────────────────
Portfolio: $979.06  PnL: -2.09%  DD: 2.2%  Posities: 0  Trades: 39  WR: 
35.5%(51.2%+TP)
⚠ Throttle: 75% — streak=-2
Sentiment: neutraal (-0.21) | F&G: -0.32 | Nieuws: +0.00
[BTC/USDT] Regime: bear_trend | Kracht: 68% | Bearish trend — ADX=34, EMA stack 
bearish
[ETH/USDT] Regime: bear_trend | Kracht: 59% | Bearish trend — ADX=29, EMA stack 
bearish
[SOL/USDT] Regime: bear_trend | Kracht: 80% | Bearish trend — ADX=40, EMA stack 
bearish

──────────────────────────── Cyclus #330 — 06:54:59 ────────────────────────────
Portfolio: $979.06  PnL: -2.09%  DD: 2.2%  Posities: 0  Trades: 39  WR: 
35.5%(51.2%+TP)
⚠ Throttle: 75% — streak=-2
Sentiment: neutraal (-0.21) | F&G: -0.32 | Nieuws: +0.00
[BTC/USDT] Regime: bear_trend | Kracht: 68% | Bearish trend — ADX=34, EMA stack 
bearish
[ETH/USDT] Regime: bear_trend | Kracht: 59% | Bearish trend — ADX=29, EMA stack 
bearish
[SOL/USDT] Regime: bear_trend | Kracht: 80% | Bearish trend — ADX=40, EMA stack 
bearish

──────────────────────────── Cyclus #331 — 06:56:12 ────────────────────────────
Portfolio: $979.06  PnL: -2.09%  DD: 2.2%  Posities: 0  Trades: 39  WR: 
35.5%(51.2%+TP)
⚠ Throttle: 75% — streak=-2
Sentiment: neutraal (-0.21) | F&G: -0.32 | Nieuws: +0.00
[BTC/USDT] Regime: bear_trend | Kracht: 68% | Bearish trend — ADX=34, EMA stack 
bearish
[ETH/USDT] Regime: bear_trend | Kracht: 59% | Bearish trend — ADX=29, EMA stack 
bearish
[SOL/USDT] Regime: bear_trend | Kracht: 80% | Bearish trend — ADX=40, EMA stack 
bearish

──────────────────────────── Cyclus #332 — 06:57:20 ────────────────────────────
Portfolio: $979.06  PnL: -2.09%  DD: 2.2%  Posities: 0  Trades: 39  WR: 
35.5%(51.2%+TP)
⚠ Throttle: 75% — streak=-2
Sentiment: neutraal (-0.21) | F&G: -0.32 | Nieuws: +0.00
[BTC/USDT] Regime: bear_trend | Kracht: 68% | Bearish trend — ADX=34, EMA stack 
bearish
[ETH/USDT] Regime: bear_trend | Kracht: 59% | Bearish trend — ADX=29, EMA stack 
bearish
[SOL/USDT] Regime: bear_trend | Kracht: 80% | Bearish trend — ADX=40, EMA stack 
bearish

──────────────────────────── Cyclus #333 — 06:58:28 ────────────────────────────
Portfolio: $979.06  PnL: -2.09%  DD: 2.2%  Posities: 0  Trades: 39  WR: 
35.5%(51.2%+TP)
⚠ Throttle: 75% — streak=-2
Sentiment: neutraal (-0.21) | F&G: -0.32 | Nieuws: +0.00
[BTC/USDT] Regime: bear_trend | Kracht: 68% | Bearish trend — ADX=34, EMA stack 
bearish
[ETH/USDT] Regime: bear_trend | Kracht: 59% | Bearish trend — ADX=29, EMA stack 
bearish
[SOL/USDT] Regime: bear_trend | Kracht: 80% | Bearish trend — ADX=40, EMA stack 
bearish

──────────────────────────── Cyclus #334 — 06:59:36 ────────────────────────────
Portfolio: $979.06  PnL: -2.09%  DD: 2.2%  Posities: 0  Trades: 39  WR: 
35.5%(51.2%+TP)
⚠ Throttle: 75% — streak=-2
Sentiment: neutraal (-0.21) | F&G: -0.32 | Nieuws: +0.00
[BTC/USDT] Regime: bear_trend | Kracht: 68% | Bearish trend — ADX=34, EMA stack 
bearish
[ETH/USDT] Regime: bear_trend | Kracht: 59% | Bearish trend — ADX=29, EMA stack 
bearish
[SOL/USDT] Regime: bear_trend | Kracht: 80% | Bearish trend — ADX=40, EMA stack 
bearish

──────────────────────────── Cyclus #335 — 07:00:44 ────────────────────────────
Portfolio: $979.06  PnL: -2.09%  DD: 2.2%  Posities: 0  Trades: 39  WR: 
35.5%(51.2%+TP)
⚠ Throttle: 75% — streak=-2
Sentiment: neutraal (-0.21) | F&G: -0.32 | Nieuws: +0.00
[BTC/USDT] Regime: bear_trend | Kracht: 69% | Bearish trend — ADX=35, EMA stack 
bearish
[ETH/USDT] Regime: bear_trend | Kracht: 59% | Bearish trend — ADX=30, EMA stack 
bearish
[SOL/USDT] Regime: bear_trend | Kracht: 82% | Bearish trend — ADX=41, EMA stack 
bearish

──────────────────────────── Cyclus #336 — 07:01:55 ────────────────────────────
Portfolio: $979.06  PnL: -2.09%  DD: 2.2%  Posities: 0  Trades: 39  WR: 
35.5%(51.2%+TP)
⚠ Throttle: 75% — streak=-2
Sentiment: neutraal (-0.21) | F&G: -0.32 | Nieuws: +0.00
[BTC/USDT] Regime: bear_trend | Kracht: 69% | Bearish trend — ADX=35, EMA stack 
bearish
[ETH/USDT] Regime: bear_trend | Kracht: 59% | Bearish trend — ADX=30, EMA stack 
bearish
[SOL/USDT] Regime: bear_trend | Kracht: 82% | Bearish trend — ADX=41, EMA stack 
bearish

──────────────────────────── Cyclus #337 — 07:03:03 ────────────────────────────
Portfolio: $979.06  PnL: -2.09%  DD: 2.2%  Posities: 0  Trades: 39  WR: 
35.5%(51.2%+TP)
⚠ Throttle: 75% — streak=-2
Sentiment: neutraal (-0.21) | F&G: -0.32 | Nieuws: +0.00
[BTC/USDT] Regime: bear_trend | Kracht: 69% | Bearish trend — ADX=35, EMA stack 
bearish
[ETH/USDT] Regime: bear_trend | Kracht: 59% | Bearish trend — ADX=30, EMA stack 
bearish
[SOL/USDT] Regime: bear_trend | Kracht: 82% | Bearish trend — ADX=41, EMA stack 
bearish

──────────────────────────── Cyclus #338 — 07:04:11 ────────────────────────────
Portfolio: $979.06  PnL: -2.09%  DD: 2.2%  Posities: 0  Trades: 39  WR: 
35.5%(51.2%+TP)
⚠ Throttle: 75% — streak=-2
Sentiment: neutraal (-0.21) | F&G: -0.32 | Nieuws: +0.00
[BTC/USDT] Regime: bear_trend | Kracht: 69% | Bearish trend — ADX=35, EMA stack 
bearish
[ETH/USDT] Regime: bear_trend | Kracht: 59% | Bearish trend — ADX=30, EMA stack 
bearish
[SOL/USDT] Regime: bear_trend | Kracht: 82% | Bearish trend — ADX=41, EMA stack 
bearish

──────────────────────────── Cyclus #339 — 07:05:19 ────────────────────────────
Portfolio: $979.06  PnL: -2.09%  DD: 2.2%  Posities: 0  Trades: 39  WR: 
35.5%(51.2%+TP)
⚠ Throttle: 75% — streak=-2
Sentiment: neutraal (-0.21) | F&G: -0.32 | Nieuws: +0.00
[BTC/USDT] Regime: bear_trend | Kracht: 69% | Bearish trend — ADX=35, EMA stack 
bearish
[ETH/USDT] Regime: bear_trend | Kracht: 59% | Bearish trend — ADX=30, EMA stack 
bearish
[SOL/USDT] Regime: bear_trend | Kracht: 82% | Bearish trend — ADX=41, EMA stack 
bearish

──────────────────────────── Cyclus #340 — 07:06:27 ────────────────────────────
Portfolio: $979.06  PnL: -2.09%  DD: 2.2%  Posities: 0  Trades: 39  WR: 
35.5%(51.2%+TP)
⚠ Throttle: 75% — streak=-2
Sentiment: neutraal (-0.21) | F&G: -0.32 | Nieuws: +0.00
[BTC/USDT] Regime: bear_trend | Kracht: 69% | Bearish trend — ADX=35, EMA stack 
bearish
[ETH/USDT] Regime: bear_trend | Kracht: 59% | Bearish trend — ADX=30, EMA stack 
bearish
[SOL/USDT] Regime: bear_trend | Kracht: 82% | Bearish trend — ADX=41, EMA stack 
bearish

──────────────────────────── Cyclus #341 — 07:07:39 ────────────────────────────
Portfolio: $979.06  PnL: -2.09%  DD: 2.2%  Posities: 0  Trades: 39  WR: 
35.5%(51.2%+TP)
⚠ Throttle: 75% — streak=-2
Sentiment: neutraal (-0.21) | F&G: -0.32 | Nieuws: +0.00
[BTC/USDT] Regime: bear_trend | Kracht: 69% | Bearish trend — ADX=35, EMA stack 
bearish
[ETH/USDT] Regime: bear_trend | Kracht: 59% | Bearish trend — ADX=30, EMA stack 
bearish
[SOL/USDT] Regime: bear_trend | Kracht: 82% | Bearish trend — ADX=41, EMA stack 
bearish

──────────────────────────── Cyclus #342 — 07:08:47 ────────────────────────────
Portfolio: $979.06  PnL: -2.09%  DD: 2.2%  Posities: 0  Trades: 39  WR: 
35.5%(51.2%+TP)
⚠ Throttle: 75% — streak=-2
Sentiment: neutraal (-0.21) | F&G: -0.32 | Nieuws: +0.00
[BTC/USDT] Regime: bear_trend | Kracht: 69% | Bearish trend — ADX=35, EMA stack 
bearish
[ETH/USDT] Regime: bear_trend | Kracht: 59% | Bearish trend — ADX=30, EMA stack 
bearish
[SOL/USDT] Regime: bear_trend | Kracht: 82% | Bearish trend — ADX=41, EMA stack 
bearish

──────────────────────────── Cyclus #343 — 07:09:55 ────────────────────────────
Portfolio: $979.06  PnL: -2.09%  DD: 2.2%  Posities: 0  Trades: 39  WR: 
35.5%(51.2%+TP)
⚠ Throttle: 75% — streak=-2
Sentiment: neutraal (-0.21) | F&G: -0.32 | Nieuws: +0.00
[BTC/USDT] Regime: bear_trend | Kracht: 69% | Bearish trend — ADX=35, EMA stack 
bearish
[ETH/USDT] Regime: bear_trend | Kracht: 59% | Bearish trend — ADX=30, EMA stack 
bearish
[SOL/USDT] Regime: bear_trend | Kracht: 82% | Bearish trend — ADX=41, EMA stack 
bearish

──────────────────────────── Cyclus #344 — 07:11:02 ────────────────────────────
Portfolio: $979.06  PnL: -2.09%  DD: 2.2%  Posities: 0  Trades: 39  WR: 
35.5%(51.2%+TP)
⚠ Throttle: 75% — streak=-2
Sentiment: neutraal (-0.21) | F&G: -0.32 | Nieuws: +0.00
[BTC/USDT] Regime: bear_trend | Kracht: 69% | Bearish trend — ADX=35, EMA stack 
bearish
[ETH/USDT] Regime: bear_trend | Kracht: 59% | Bearish trend — ADX=30, EMA stack 
bearish
[SOL/USDT] Regime: bear_trend | Kracht: 82% | Bearish trend — ADX=41, EMA stack 
bearish

──────────────────────────── Cyclus #345 — 07:12:13 ────────────────────────────
Portfolio: $979.06  PnL: -2.09%  DD: 2.2%  Posities: 0  Trades: 39  WR: 
35.5%(51.2%+TP)
⚠ Throttle: 75% — streak=-2
Sentiment: neutraal (-0.21) | F&G: -0.32 | Nieuws: +0.00
[BTC/USDT] Regime: bear_trend | Kracht: 69% | Bearish trend — ADX=35, EMA stack 
bearish
[ETH/USDT] Regime: bear_trend | Kracht: 59% | Bearish trend — ADX=30, EMA stack 
bearish
[SOL/USDT] Regime: bear_trend | Kracht: 82% | Bearish trend — ADX=41, EMA stack 
bearish

──────────────────────────── Cyclus #346 — 07:13:26 ────────────────────────────
Portfolio: $979.06  PnL: -2.09%  DD: 2.2%  Posities: 0  Trades: 39  WR: 
35.5%(51.2%+TP)
⚠ Throttle: 75% — streak=-2
Sentiment: neutraal (-0.21) | F&G: -0.32 | Nieuws: +0.00
[BTC/USDT] Regime: bear_trend | Kracht: 69% | Bearish trend — ADX=35, EMA stack 
bearish
[ETH/USDT] Regime: bear_trend | Kracht: 59% | Bearish trend — ADX=30, EMA stack 
bearish
[SOL/USDT] Regime: bear_trend | Kracht: 82% | Bearish trend — ADX=41, EMA stack 
bearish

──────────────────────────── Cyclus #347 — 07:14:34 ────────────────────────────
Portfolio: $979.06  PnL: -2.09%  DD: 2.2%  Posities: 0  Trades: 39  WR: 
35.5%(51.2%+TP)
⚠ Throttle: 75% — streak=-2
Sentiment: neutraal (-0.21) | F&G: -0.32 | Nieuws: +0.00
[BTC/USDT] Regime: bear_trend | Kracht: 69% | Bearish trend — ADX=35, EMA stack 
bearish
[ETH/USDT] Regime: bear_trend | Kracht: 59% | Bearish trend — ADX=30, EMA stack 
bearish
[SOL/USDT] Regime: bear_trend | Kracht: 82% | Bearish trend — ADX=41, EMA stack 
bearish

──────────────────────────── Cyclus #348 — 07:15:42 ────────────────────────────
Portfolio: $979.06  PnL: -2.09%  DD: 2.2%  Posities: 0  Trades: 39  WR: 
35.5%(51.2%+TP)
⚠ Throttle: 75% — streak=-2
Sentiment: neutraal (-0.21) | F&G: -0.32 | Nieuws: +0.00
[BTC/USDT] Regime: bear_trend | Kracht: 69% | Bearish trend — ADX=35, EMA stack 
bearish
[ETH/USDT] Regime: bear_trend | Kracht: 59% | Bearish trend — ADX=30, EMA stack 
bearish
[SOL/USDT] Regime: bear_trend | Kracht: 82% | Bearish trend — ADX=41, EMA stack 
bearish

──────────────────────────── Cyclus #349 — 07:16:50 ────────────────────────────
Portfolio: $979.06  PnL: -2.09%  DD: 2.2%  Posities: 0  Trades: 39  WR: 
35.5%(51.2%+TP)
⚠ Throttle: 75% — streak=-2
Sentiment: neutraal (-0.21) | F&G: -0.32 | Nieuws: +0.00
[BTC/USDT] Regime: bear_trend | Kracht: 69% | Bearish trend — ADX=35, EMA stack 
bearish
[ETH/USDT] Regime: bear_trend | Kracht: 59% | Bearish trend — ADX=30, EMA stack 
bearish
[SOL/USDT] Regime: bear_trend | Kracht: 82% | Bearish trend — ADX=41, EMA stack 
bearish

──────────────────────────── Cyclus #350 — 07:17:58 ────────────────────────────
Portfolio: $979.06  PnL: -2.09%  DD: 2.2%  Posities: 0  Trades: 39  WR: 
35.5%(51.2%+TP)
⚠ Throttle: 75% — streak=-2
Sentiment: neutraal (-0.21) | F&G: -0.32 | Nieuws: +0.00
[BTC/USDT] Regime: bear_trend | Kracht: 69% | Bearish trend — ADX=35, EMA stack 
bearish
[ETH/USDT] Regime: bear_trend | Kracht: 59% | Bearish trend — ADX=30, EMA stack 
bearish
[SOL/USDT] Regime: bear_trend | Kracht: 82% | Bearish trend — ADX=41, EMA stack 
bearish

──────────────────────────── Cyclus #351 — 07:19:10 ────────────────────────────
Portfolio: $979.06  PnL: -2.09%  DD: 2.2%  Posities: 0  Trades: 39  WR: 
35.5%(51.2%+TP)
⚠ Throttle: 75% — streak=-2
Sentiment: neutraal (-0.21) | F&G: -0.32 | Nieuws: +0.00
[BTC/USDT] Regime: bear_trend | Kracht: 69% | Bearish trend — ADX=35, EMA stack 
bearish
[ETH/USDT] Regime: bear_trend | Kracht: 59% | Bearish trend — ADX=30, EMA stack 
bearish
[SOL/USDT] Regime: bear_trend | Kracht: 82% | Bearish trend — ADX=41, EMA stack 
bearish

──────────────────────────── Cyclus #352 — 07:20:17 ────────────────────────────
Portfolio: $979.06  PnL: -2.09%  DD: 2.2%  Posities: 0  Trades: 39  WR: 
35.5%(51.2%+TP)
⚠ Throttle: 75% — streak=-2
Sentiment: neutraal (-0.21) | F&G: -0.32 | Nieuws: +0.00
[BTC/USDT] Regime: bear_trend | Kracht: 69% | Bearish trend — ADX=35, EMA stack 
bearish
[ETH/USDT] Regime: bear_trend | Kracht: 59% | Bearish trend — ADX=30, EMA stack 
bearish
[SOL/USDT] Regime: bear_trend | Kracht: 82% | Bearish trend — ADX=41, EMA stack 
bearish

──────────────────────────── Cyclus #353 — 07:21:25 ────────────────────────────
Portfolio: $979.06  PnL: -2.09%  DD: 2.2%  Posities: 0  Trades: 39  WR: 
35.5%(51.2%+TP)
⚠ Throttle: 75% — streak=-2
Sentiment: neutraal (-0.21) | F&G: -0.32 | Nieuws: +0.00
[BTC/USDT] Regime: bear_trend | Kracht: 69% | Bearish trend — ADX=34, EMA stack 
bearish
[ETH/USDT] Regime: bear_trend | Kracht: 59% | Bearish trend — ADX=29, EMA stack 
bearish
[SOL/USDT] Regime: bear_trend | Kracht: 82% | Bearish trend — ADX=41, EMA stack 
bearish

──────────────────────────── Cyclus #354 — 07:22:33 ────────────────────────────
Portfolio: $979.06  PnL: -2.09%  DD: 2.2%  Posities: 0  Trades: 39  WR: 
35.5%(51.2%+TP)
⚠ Throttle: 75% — streak=-2
Sentiment: neutraal (-0.21) | F&G: -0.32 | Nieuws: +0.00
[BTC/USDT] Regime: bear_trend | Kracht: 68% | Bearish trend — ADX=34, EMA stack 
bearish
[ETH/USDT] Regime: bear_trend | Kracht: 59% | Bearish trend — ADX=29, EMA stack 
bearish
[SOL/USDT] Regime: bear_trend | Kracht: 81% | Bearish trend — ADX=41, EMA stack 
bearish

──────────────────────────── Cyclus #355 — 07:23:41 ────────────────────────────
Portfolio: $979.06  PnL: -2.09%  DD: 2.2%  Posities: 0  Trades: 39  WR: 
35.5%(51.2%+TP)
⚠ Throttle: 75% — streak=-2
Sentiment: neutraal (-0.21) | F&G: -0.32 | Nieuws: +0.00
[BTC/USDT] Regime: bear_trend | Kracht: 68% | Bearish trend — ADX=34, EMA stack 
bearish
[ETH/USDT] Regime: bear_trend | Kracht: 59% | Bearish trend — ADX=29, EMA stack 
bearish
[SOL/USDT] Regime: bear_trend | Kracht: 81% | Bearish trend — ADX=41, EMA stack 
bearish

──────────────────────────── Cyclus #356 — 07:24:52 ────────────────────────────
Portfolio: $979.06  PnL: -2.09%  DD: 2.2%  Posities: 0  Trades: 39  WR: 
35.5%(51.2%+TP)
⚠ Throttle: 75% — streak=-2
Sentiment: neutraal (-0.21) | F&G: -0.32 | Nieuws: +0.00
[BTC/USDT] Regime: bear_trend | Kracht: 68% | Bearish trend — ADX=34, EMA stack 
bearish
[ETH/USDT] Regime: bear_trend | Kracht: 59% | Bearish trend — ADX=29, EMA stack 
bearish
[SOL/USDT] Regime: bear_trend | Kracht: 81% | Bearish trend — ADX=41, EMA stack 
bearish

──────────────────────────── Cyclus #357 — 07:26:01 ────────────────────────────
Portfolio: $979.06  PnL: -2.09%  DD: 2.2%  Posities: 0  Trades: 39  WR: 
35.5%(51.2%+TP)
⚠ Throttle: 75% — streak=-2
Sentiment: neutraal (-0.21) | F&G: -0.32 | Nieuws: +0.00
[BTC/USDT] Regime: bear_trend | Kracht: 68% | Bearish trend — ADX=34, EMA stack 
bearish
[ETH/USDT] Regime: bear_trend | Kracht: 59% | Bearish trend — ADX=29, EMA stack 
bearish
[SOL/USDT] Regime: bear_trend | Kracht: 81% | Bearish trend — ADX=41, EMA stack 
bearish

──────────────────────────── Cyclus #358 — 07:27:09 ────────────────────────────
Portfolio: $979.06  PnL: -2.09%  DD: 2.2%  Posities: 0  Trades: 39  WR: 
35.5%(51.2%+TP)
⚠ Throttle: 75% — streak=-2
Sentiment: neutraal (-0.21) | F&G: -0.32 | Nieuws: +0.00
[BTC/USDT] Regime: bear_trend | Kracht: 68% | Bearish trend — ADX=34, EMA stack 
bearish
[ETH/USDT] Regime: bear_trend | Kracht: 59% | Bearish trend — ADX=29, EMA stack 
bearish
[SOL/USDT] Regime: bear_trend | Kracht: 81% | Bearish trend — ADX=41, EMA stack 
bearish

──────────────────────────── Cyclus #359 — 07:28:17 ────────────────────────────
Portfolio: $979.06  PnL: -2.09%  DD: 2.2%  Posities: 0  Trades: 39  WR: 
35.5%(51.2%+TP)
⚠ Throttle: 75% — streak=-2
Sentiment: neutraal (-0.21) | F&G: -0.32 | Nieuws: +0.00
[BTC/USDT] Regime: bear_trend | Kracht: 68% | Bearish trend — ADX=34, EMA stack 
bearish
[ETH/USDT] Regime: bear_trend | Kracht: 59% | Bearish trend — ADX=29, EMA stack 
bearish
[SOL/USDT] Regime: bear_trend | Kracht: 81% | Bearish trend — ADX=41, EMA stack 
bearish

──────────────────────────── Cyclus #360 — 07:29:26 ────────────────────────────
Portfolio: $979.06  PnL: -2.09%  DD: 2.2%  Posities: 0  Trades: 39  WR: 
35.5%(51.2%+TP)
⚠ Throttle: 75% — streak=-2
Sentiment: neutraal (-0.21) | F&G: -0.32 | Nieuws: +0.00
[BTC/USDT] Regime: bear_trend | Kracht: 68% | Bearish trend — ADX=34, EMA stack 
bearish
[ETH/USDT] Regime: bear_trend | Kracht: 59% | Bearish trend — ADX=29, EMA stack 
bearish
[SOL/USDT] Regime: bear_trend | Kracht: 81% | Bearish trend — ADX=41, EMA stack 
bearish

──────────────────────────── Cyclus #361 — 07:30:39 ────────────────────────────
Portfolio: $979.06  PnL: -2.09%  DD: 2.2%  Posities: 0  Trades: 39  WR: 
35.5%(51.2%+TP)
⚠ Throttle: 75% — streak=-2
Sentiment: Angst (-0.21) | F&G: -0.32 | Nieuws: +0.00
[BTC/USDT] Regime: bear_trend | Kracht: 68% | Bearish trend — ADX=34, EMA stack 
bearish
[ETH/USDT] Regime: bear_trend | Kracht: 58% | Bearish trend — ADX=29, EMA stack 
bearish
[SOL/USDT] Regime: bear_trend | Kracht: 81% | Bearish trend — ADX=40, EMA stack 
bearish

──────────────────────────── Cyclus #362 — 07:31:47 ────────────────────────────
Portfolio: $979.06  PnL: -2.09%  DD: 2.2%  Posities: 0  Trades: 39  WR: 
35.5%(51.2%+TP)
⚠ Throttle: 75% — streak=-2
Sentiment: Angst (-0.21) | F&G: -0.32 | Nieuws: +0.00
[BTC/USDT] Regime: bear_trend | Kracht: 68% | Bearish trend — ADX=34, EMA stack 
bearish
[ETH/USDT] Regime: bear_trend | Kracht: 58% | Bearish trend — ADX=29, EMA stack 
bearish
[SOL/USDT] Regime: bear_trend | Kracht: 81% | Bearish trend — ADX=40, EMA stack 
bearish

──────────────────────────── Cyclus #363 — 07:32:55 ────────────────────────────
Portfolio: $979.06  PnL: -2.09%  DD: 2.2%  Posities: 0  Trades: 39  WR: 
35.5%(51.2%+TP)
⚠ Throttle: 75% — streak=-2
Sentiment: Angst (-0.21) | F&G: -0.32 | Nieuws: +0.00
[BTC/USDT] Regime: bear_trend | Kracht: 68% | Bearish trend — ADX=34, EMA stack 
bearish
[ETH/USDT] Regime: bear_trend | Kracht: 58% | Bearish trend — ADX=29, EMA stack 
bearish
[SOL/USDT] Regime: bear_trend | Kracht: 81% | Bearish trend — ADX=40, EMA stack 
bearish

──────────────────────────── Cyclus #364 — 07:34:03 ────────────────────────────
Portfolio: $979.06  PnL: -2.09%  DD: 2.2%  Posities: 0  Trades: 39  WR: 
35.5%(51.2%+TP)
⚠ Throttle: 75% — streak=-2
Sentiment: Angst (-0.21) | F&G: -0.32 | Nieuws: +0.00
[BTC/USDT] Regime: bear_trend | Kracht: 67% | Bearish trend — ADX=33, EMA stack 
bearish
[ETH/USDT] Regime: bear_trend | Kracht: 58% | Bearish trend — ADX=29, EMA stack 
bearish
[SOL/USDT] Regime: bear_trend | Kracht: 80% | Bearish trend — ADX=40, EMA stack 
bearish

──────────────────────────── Cyclus #365 — 07:35:11 ────────────────────────────
Portfolio: $979.06  PnL: -2.09%  DD: 2.2%  Posities: 0  Trades: 39  WR: 
35.5%(51.2%+TP)
⚠ Throttle: 75% — streak=-2
Sentiment: Angst (-0.21) | F&G: -0.32 | Nieuws: +0.00
[BTC/USDT] Regime: bear_trend | Kracht: 67% | Bearish trend — ADX=33, EMA stack 
bearish
[ETH/USDT] Regime: bear_trend | Kracht: 58% | Bearish trend — ADX=29, EMA stack 
bearish
[SOL/USDT] Regime: bear_trend | Kracht: 80% | Bearish trend — ADX=40, EMA stack 
bearish

──────────────────────────── Cyclus #366 — 07:36:22 ────────────────────────────
Portfolio: $979.06  PnL: -2.09%  DD: 2.2%  Posities: 0  Trades: 39  WR: 
35.5%(51.2%+TP)
⚠ Throttle: 75% — streak=-2
Sentiment: Angst (-0.21) | F&G: -0.32 | Nieuws: +0.00
[BTC/USDT] Regime: bear_trend | Kracht: 67% | Bearish trend — ADX=33, EMA stack 
bearish
[ETH/USDT] Regime: bear_trend | Kracht: 58% | Bearish trend — ADX=29, EMA stack 
bearish
[SOL/USDT] Regime: bear_trend | Kracht: 80% | Bearish trend — ADX=40, EMA stack 
bearish

──────────────────────────── Cyclus #367 — 07:37:29 ────────────────────────────
Portfolio: $979.06  PnL: -2.09%  DD: 2.2%  Posities: 0  Trades: 39  WR: 
35.5%(51.2%+TP)
⚠ Throttle: 75% — streak=-2
Sentiment: Angst (-0.21) | F&G: -0.32 | Nieuws: +0.00
[BTC/USDT] Regime: bear_trend | Kracht: 67% | Bearish trend — ADX=33, EMA stack 
bearish
[ETH/USDT] Regime: bear_trend | Kracht: 58% | Bearish trend — ADX=29, EMA stack 
bearish
[SOL/USDT] Regime: bear_trend | Kracht: 80% | Bearish trend — ADX=40, EMA stack 
bearish

──────────────────────────── Cyclus #368 — 07:38:37 ────────────────────────────
Portfolio: $979.06  PnL: -2.09%  DD: 2.2%  Posities: 0  Trades: 39  WR: 
35.5%(51.2%+TP)
⚠ Throttle: 75% — streak=-2
Sentiment: Angst (-0.21) | F&G: -0.32 | Nieuws: +0.00
[BTC/USDT] Regime: bear_trend | Kracht: 67% | Bearish trend — ADX=33, EMA stack 
bearish
[ETH/USDT] Regime: bear_trend | Kracht: 58% | Bearish trend — ADX=29, EMA stack 
bearish
[SOL/USDT] Regime: bear_trend | Kracht: 80% | Bearish trend — ADX=40, EMA stack 
bearish

──────────────────────────── Cyclus #369 — 07:39:45 ────────────────────────────
Portfolio: $979.06  PnL: -2.09%  DD: 2.2%  Posities: 0  Trades: 39  WR: 
35.5%(51.2%+TP)
⚠ Throttle: 75% — streak=-2
Sentiment: Angst (-0.21) | F&G: -0.32 | Nieuws: +0.00
[BTC/USDT] Regime: bear_trend | Kracht: 67% | Bearish trend — ADX=33, EMA stack 
bearish
[ETH/USDT] Regime: bear_trend | Kracht: 58% | Bearish trend — ADX=29, EMA stack 
bearish
[SOL/USDT] Regime: bear_trend | Kracht: 80% | Bearish trend — ADX=40, EMA stack 
bearish

──────────────────────────── Cyclus #370 — 07:40:53 ────────────────────────────
Portfolio: $979.06  PnL: -2.09%  DD: 2.2%  Posities: 0  Trades: 39  WR: 
35.5%(51.2%+TP)
⚠ Throttle: 75% — streak=-2
Sentiment: Angst (-0.21) | F&G: -0.32 | Nieuws: +0.00
[BTC/USDT] Regime: bear_trend | Kracht: 67% | Bearish trend — ADX=33, EMA stack 
bearish
[ETH/USDT] Regime: bear_trend | Kracht: 58% | Bearish trend — ADX=29, EMA stack 
bearish
[SOL/USDT] Regime: bear_trend | Kracht: 80% | Bearish trend — ADX=40, EMA stack 
bearish

──────────────────────────── Cyclus #371 — 07:42:04 ────────────────────────────
Portfolio: $979.06  PnL: -2.09%  DD: 2.2%  Posities: 0  Trades: 39  WR: 
35.5%(51.2%+TP)
⚠ Throttle: 75% — streak=-2
Sentiment: neutraal (-0.21) | F&G: -0.32 | Nieuws: +0.00
[BTC/USDT] Regime: bear_trend | Kracht: 67% | Bearish trend — ADX=33, EMA stack 
bearish
[ETH/USDT] Regime: bear_trend | Kracht: 58% | Bearish trend — ADX=29, EMA stack 
bearish
[SOL/USDT] Regime: bear_trend | Kracht: 80% | Bearish trend — ADX=40, EMA stack 
bearish

──────────────────────────── Cyclus #372 — 07:43:13 ────────────────────────────
Portfolio: $979.06  PnL: -2.09%  DD: 2.2%  Posities: 0  Trades: 39  WR: 
35.5%(51.2%+TP)
⚠ Throttle: 75% — streak=-2
Sentiment: neutraal (-0.21) | F&G: -0.32 | Nieuws: +0.00
[BTC/USDT] Regime: bear_trend | Kracht: 67% | Bearish trend — ADX=33, EMA stack 
bearish
[ETH/USDT] Regime: bear_trend | Kracht: 58% | Bearish trend — ADX=29, EMA stack 
bearish
[SOL/USDT] Regime: bear_trend | Kracht: 80% | Bearish trend — ADX=40, EMA stack 
bearish

──────────────────────────── Cyclus #373 — 07:44:21 ────────────────────────────
Portfolio: $979.06  PnL: -2.09%  DD: 2.2%  Posities: 0  Trades: 39  WR: 
35.5%(51.2%+TP)
⚠ Throttle: 75% — streak=-2
Sentiment: neutraal (-0.21) | F&G: -0.32 | Nieuws: +0.00
[BTC/USDT] Regime: bear_trend | Kracht: 67% | Bearish trend — ADX=33, EMA stack 
bearish
[ETH/USDT] Regime: bear_trend | Kracht: 58% | Bearish trend — ADX=29, EMA stack 
bearish
[SOL/USDT] Regime: bear_trend | Kracht: 80% | Bearish trend — ADX=40, EMA stack 
bearish

──────────────────────────── Cyclus #374 — 07:45:29 ────────────────────────────
Portfolio: $979.06  PnL: -2.09%  DD: 2.2%  Posities: 0  Trades: 39  WR: 
35.5%(51.2%+TP)
⚠ Throttle: 75% — streak=-2
Sentiment: neutraal (-0.21) | F&G: -0.32 | Nieuws: +0.00
[BTC/USDT] Regime: bear_trend | Kracht: 67% | Bearish trend — ADX=33, EMA stack 
bearish
[ETH/USDT] Regime: bear_trend | Kracht: 58% | Bearish trend — ADX=29, EMA stack 
bearish
[SOL/USDT] Regime: bear_trend | Kracht: 80% | Bearish trend — ADX=40, EMA stack 
bearish

──────────────────────────── Cyclus #375 — 07:46:37 ────────────────────────────
Portfolio: $979.06  PnL: -2.09%  DD: 2.2%  Posities: 0  Trades: 39  WR: 
35.5%(51.2%+TP)
⚠ Throttle: 75% — streak=-2
Sentiment: neutraal (-0.21) | F&G: -0.32 | Nieuws: +0.00
[BTC/USDT] Regime: bear_trend | Kracht: 66% | Bearish trend — ADX=33, EMA stack 
bearish
[ETH/USDT] Regime: bear_trend | Kracht: 57% | Bearish trend — ADX=29, EMA stack 
bearish
[SOL/USDT] Regime: bear_trend | Kracht: 79% | Bearish trend — ADX=40, EMA stack 
bearish

──────────────────────────── Cyclus #376 — 07:47:48 ────────────────────────────
Portfolio: $979.06  PnL: -2.09%  DD: 2.2%  Posities: 0  Trades: 39  WR: 
35.5%(51.2%+TP)
⚠ Throttle: 75% — streak=-2
Sentiment: neutraal (-0.21) | F&G: -0.32 | Nieuws: +0.00
[BTC/USDT] Regime: bear_trend | Kracht: 66% | Bearish trend — ADX=33, EMA stack 
bearish
[ETH/USDT] Regime: bear_trend | Kracht: 57% | Bearish trend — ADX=29, EMA stack 
bearish
[SOL/USDT] Regime: bear_trend | Kracht: 79% | Bearish trend — ADX=40, EMA stack 
bearish

──────────────────────────── Cyclus #377 — 07:48:56 ────────────────────────────
Portfolio: $979.06  PnL: -2.09%  DD: 2.2%  Posities: 0  Trades: 39  WR: 
35.5%(51.2%+TP)
⚠ Throttle: 75% — streak=-2
Sentiment: neutraal (-0.21) | F&G: -0.32 | Nieuws: +0.00
[BTC/USDT] Regime: bear_trend | Kracht: 66% | Bearish trend — ADX=33, EMA stack 
bearish
[ETH/USDT] Regime: bear_trend | Kracht: 57% | Bearish trend — ADX=29, EMA stack 
bearish
[SOL/USDT] Regime: bear_trend | Kracht: 79% | Bearish trend — ADX=40, EMA stack 
bearish

──────────────────────────── Cyclus #378 — 07:50:06 ────────────────────────────
Portfolio: $979.06  PnL: -2.09%  DD: 2.2%  Posities: 0  Trades: 39  WR: 
35.5%(51.2%+TP)
⚠ Throttle: 75% — streak=-2
Sentiment: neutraal (-0.21) | F&G: -0.32 | Nieuws: +0.00
[BTC/USDT] Regime: bear_trend | Kracht: 66% | Bearish trend — ADX=33, EMA stack 
bearish
[ETH/USDT] Regime: bear_trend | Kracht: 57% | Bearish trend — ADX=29, EMA stack 
bearish
[SOL/USDT] Regime: bear_trend | Kracht: 79% | Bearish trend — ADX=40, EMA stack 
bearish

──────────────────────────── Cyclus #379 — 07:51:14 ────────────────────────────
Portfolio: $979.06  PnL: -2.09%  DD: 2.2%  Posities: 0  Trades: 39  WR: 
35.5%(51.2%+TP)
⚠ Throttle: 75% — streak=-2
Sentiment: neutraal (-0.21) | F&G: -0.32 | Nieuws: +0.00
[BTC/USDT] Regime: bear_trend | Kracht: 66% | Bearish trend — ADX=33, EMA stack 
bearish
[ETH/USDT] Regime: bear_trend | Kracht: 57% | Bearish trend — ADX=29, EMA stack 
bearish
[SOL/USDT] Regime: bear_trend | Kracht: 79% | Bearish trend — ADX=40, EMA stack 
bearish

──────────────────────────── Cyclus #380 — 07:52:22 ────────────────────────────
Portfolio: $979.06  PnL: -2.09%  DD: 2.2%  Posities: 0  Trades: 39  WR: 
35.5%(51.2%+TP)
⚠ Throttle: 75% — streak=-2
Sentiment: neutraal (-0.21) | F&G: -0.32 | Nieuws: +0.00
[BTC/USDT] Regime: bear_trend | Kracht: 66% | Bearish trend — ADX=33, EMA stack 
bearish
[ETH/USDT] Regime: bear_trend | Kracht: 56% | Bearish trend — ADX=28, EMA stack 
bearish
[SOL/USDT] Regime: bear_trend | Kracht: 79% | Bearish trend — ADX=39, EMA stack 
bearish

──────────────────────────── Cyclus #381 — 07:53:33 ────────────────────────────
Portfolio: $979.06  PnL: -2.09%  DD: 2.2%  Posities: 0  Trades: 39  WR: 
35.5%(51.2%+TP)
⚠ Throttle: 75% — streak=-2
Sentiment: neutraal (-0.21) | F&G: -0.32 | Nieuws: +0.00
[BTC/USDT] Regime: bear_trend | Kracht: 65% | Bearish trend — ADX=33, EMA stack 
bearish
[ETH/USDT] Regime: bear_trend | Kracht: 56% | Bearish trend — ADX=28, EMA stack 
bearish
[SOL/USDT] Regime: bear_trend | Kracht: 79% | Bearish trend — ADX=39, EMA stack 
bearish

──────────────────────────── Cyclus #382 — 07:54:41 ────────────────────────────
Portfolio: $979.06  PnL: -2.09%  DD: 2.2%  Posities: 0  Trades: 39  WR: 
35.5%(51.2%+TP)
⚠ Throttle: 75% — streak=-2
Sentiment: neutraal (-0.21) | F&G: -0.32 | Nieuws: +0.00
[BTC/USDT] Regime: bear_trend | Kracht: 65% | Bearish trend — ADX=33, EMA stack 
bearish
[ETH/USDT] Regime: bear_trend | Kracht: 56% | Bearish trend — ADX=28, EMA stack 
bearish
[SOL/USDT] Regime: bear_trend | Kracht: 79% | Bearish trend — ADX=39, EMA stack 
bearish

──────────────────────────── Cyclus #383 — 07:55:50 ────────────────────────────
Portfolio: $979.06  PnL: -2.09%  DD: 2.2%  Posities: 0  Trades: 39  WR: 
35.5%(51.2%+TP)
⚠ Throttle: 75% — streak=-2
Sentiment: neutraal (-0.21) | F&G: -0.32 | Nieuws: +0.00
[BTC/USDT] Regime: bear_trend | Kracht: 65% | Bearish trend — ADX=33, EMA stack 
bearish
[ETH/USDT] Regime: bear_trend | Kracht: 56% | Bearish trend — ADX=28, EMA stack 
bearish
[SOL/USDT] Regime: bear_trend | Kracht: 79% | Bearish trend — ADX=39, EMA stack 
bearish

──────────────────────────── Cyclus #384 — 07:56:58 ────────────────────────────
Portfolio: $979.06  PnL: -2.09%  DD: 2.2%  Posities: 0  Trades: 39  WR: 
35.5%(51.2%+TP)
⚠ Throttle: 75% — streak=-2
Sentiment: neutraal (-0.21) | F&G: -0.32 | Nieuws: +0.00
[BTC/USDT] Regime: bear_trend | Kracht: 65% | Bearish trend — ADX=33, EMA stack 
bearish
[ETH/USDT] Regime: bear_trend | Kracht: 56% | Bearish trend — ADX=28, EMA stack 
bearish
[SOL/USDT] Regime: bear_trend | Kracht: 79% | Bearish trend — ADX=39, EMA stack 
bearish

──────────────────────────── Cyclus #385 — 07:58:06 ────────────────────────────
Portfolio: $979.06  PnL: -2.09%  DD: 2.2%  Posities: 0  Trades: 39  WR: 
35.5%(51.2%+TP)
⚠ Throttle: 75% — streak=-2
Sentiment: neutraal (-0.21) | F&G: -0.32 | Nieuws: +0.00
[BTC/USDT] Regime: bear_trend | Kracht: 65% | Bearish trend — ADX=33, EMA stack 
bearish
[ETH/USDT] Regime: bear_trend | Kracht: 56% | Bearish trend — ADX=28, EMA stack 
bearish
[SOL/USDT] Regime: bear_trend | Kracht: 79% | Bearish trend — ADX=39, EMA stack 
bearish

──────────────────────────── Cyclus #386 — 07:59:18 ────────────────────────────
Portfolio: $979.06  PnL: -2.09%  DD: 2.2%  Posities: 0  Trades: 39  WR: 
35.5%(51.2%+TP)
⚠ Throttle: 75% — streak=-2
Sentiment: neutraal (-0.21) | F&G: -0.32 | Nieuws: +0.00
[BTC/USDT] Regime: bear_trend | Kracht: 65% | Bearish trend — ADX=33, EMA stack 
bearish
[ETH/USDT] Regime: bear_trend | Kracht: 56% | Bearish trend — ADX=28, EMA stack 
bearish
[SOL/USDT] Regime: bear_trend | Kracht: 79% | Bearish trend — ADX=39, EMA stack 
bearish

/home/pi/crypto_bot/monitoring/telegram_bot.py:218: UserWarning: Glyph 128202 (\N{BAR CHART}) missing from font(s) DejaVu Sans.
  plt.tight_layout()
/home/pi/crypto_bot/monitoring/telegram_bot.py:221: UserWarning: Glyph 128202 (\N{BAR CHART}) missing from font(s) DejaVu Sans.
  plt.savefig(buf, format="png", dpi=100)
──────────────────────────── Cyclus #387 — 08:00:26 ────────────────────────────
Portfolio: $979.06  PnL: -2.09%  DD: 2.2%  Posities: 0  Trades: 39  WR: 
35.5%(51.2%+TP)
⚠ Throttle: 75% — streak=-2
Sentiment: neutraal (-0.21) | F&G: -0.32 | Nieuws: +0.00
[BTC/USDT] Regime: bear_trend | Kracht: 63% | Bearish trend — ADX=31, EMA stack 
bearish
[ETH/USDT] Regime: bear_trend | Kracht: 54% | Bearish trend — ADX=27, EMA stack 
bearish
[SOL/USDT] Regime: bear_trend | Kracht: 77% | Bearish trend — ADX=39, EMA stack 
bearish

──────────────────────────── Cyclus #388 — 08:01:34 ────────────────────────────
Portfolio: $979.06  PnL: -2.09%  DD: 2.2%  Posities: 0  Trades: 39  WR: 
35.5%(51.2%+TP)
⚠ Throttle: 75% — streak=-2
Sentiment: neutraal (-0.21) | F&G: -0.32 | Nieuws: +0.00
[BTC/USDT] Regime: bear_trend | Kracht: 63% | Bearish trend — ADX=31, EMA stack 
bearish
[ETH/USDT] Regime: bear_trend | Kracht: 54% | Bearish trend — ADX=27, EMA stack 
bearish
[SOL/USDT] Regime: bear_trend | Kracht: 77% | Bearish trend — ADX=39, EMA stack 
bearish

──────────────────────────── Cyclus #389 — 08:02:42 ────────────────────────────
Portfolio: $979.06  PnL: -2.09%  DD: 2.2%  Posities: 0  Trades: 39  WR: 
35.5%(51.2%+TP)
⚠ Throttle: 75% — streak=-2
Sentiment: neutraal (-0.21) | F&G: -0.32 | Nieuws: +0.00
[BTC/USDT] Regime: bear_trend | Kracht: 63% | Bearish trend — ADX=31, EMA stack 
bearish
[ETH/USDT] Regime: bear_trend | Kracht: 54% | Bearish trend — ADX=27, EMA stack 
bearish
[SOL/USDT] Regime: bear_trend | Kracht: 77% | Bearish trend — ADX=39, EMA stack 
bearish

──────────────────────────── Cyclus #390 — 08:03:50 ────────────────────────────
Portfolio: $979.06  PnL: -2.09%  DD: 2.2%  Posities: 0  Trades: 39  WR: 
35.5%(51.2%+TP)
⚠ Throttle: 75% — streak=-2
Sentiment: neutraal (-0.21) | F&G: -0.32 | Nieuws: +0.00
[BTC/USDT] Regime: bear_trend | Kracht: 63% | Bearish trend — ADX=31, EMA stack 
bearish
[ETH/USDT] Regime: bear_trend | Kracht: 54% | Bearish trend — ADX=27, EMA stack 
bearish
[SOL/USDT] Regime: bear_trend | Kracht: 77% | Bearish trend — ADX=39, EMA stack 
bearish

──────────────────────────── Cyclus #391 — 08:05:03 ────────────────────────────
Portfolio: $979.06  PnL: -2.09%  DD: 2.2%  Posities: 0  Trades: 39  WR: 
35.5%(51.2%+TP)
⚠ Throttle: 75% — streak=-2
Sentiment: neutraal (-0.21) | F&G: -0.32 | Nieuws: +0.00
[BTC/USDT] Regime: bear_trend | Kracht: 63% | Bearish trend — ADX=31, EMA stack 
bearish
[ETH/USDT] Regime: bear_trend | Kracht: 54% | Bearish trend — ADX=27, EMA stack 
bearish
[SOL/USDT] Regime: bear_trend | Kracht: 77% | Bearish trend — ADX=39, EMA stack 
bearish

──────────────────────────── Cyclus #392 — 08:06:11 ────────────────────────────
Portfolio: $979.06  PnL: -2.09%  DD: 2.2%  Posities: 0  Trades: 39  WR: 
35.5%(51.2%+TP)
⚠ Throttle: 75% — streak=-2
Sentiment: neutraal (-0.21) | F&G: -0.32 | Nieuws: +0.00
[BTC/USDT] Regime: bear_trend | Kracht: 63% | Bearish trend — ADX=31, EMA stack 
bearish
[ETH/USDT] Regime: bear_trend | Kracht: 54% | Bearish trend — ADX=27, EMA stack 
bearish
[SOL/USDT] Regime: bear_trend | Kracht: 77% | Bearish trend — ADX=39, EMA stack 
bearish

──────────────────────────── Cyclus #393 — 08:07:19 ────────────────────────────
Portfolio: $979.06  PnL: -2.09%  DD: 2.2%  Posities: 0  Trades: 39  WR: 
35.5%(51.2%+TP)
⚠ Throttle: 75% — streak=-2
Sentiment: neutraal (-0.21) | F&G: -0.32 | Nieuws: +0.00
[BTC/USDT] Regime: bear_trend | Kracht: 63% | Bearish trend — ADX=31, EMA stack 
bearish
[ETH/USDT] Regime: bear_trend | Kracht: 54% | Bearish trend — ADX=27, EMA stack 
bearish
[SOL/USDT] Regime: bear_trend | Kracht: 77% | Bearish trend — ADX=39, EMA stack 
bearish

──────────────────────────── Cyclus #394 — 08:08:27 ────────────────────────────
Portfolio: $979.06  PnL: -2.09%  DD: 2.2%  Posities: 0  Trades: 39  WR: 
35.5%(51.2%+TP)
⚠ Throttle: 75% — streak=-2
Sentiment: neutraal (-0.21) | F&G: -0.32 | Nieuws: +0.00
[BTC/USDT] Regime: bear_trend | Kracht: 63% | Bearish trend — ADX=31, EMA stack 
bearish
[ETH/USDT] Regime: bear_trend | Kracht: 54% | Bearish trend — ADX=27, EMA stack 
bearish
[SOL/USDT] Regime: bear_trend | Kracht: 77% | Bearish trend — ADX=39, EMA stack 
bearish

──────────────────────────── Cyclus #395 — 08:09:35 ────────────────────────────
Portfolio: $979.06  PnL: -2.09%  DD: 2.2%  Posities: 0  Trades: 39  WR: 
35.5%(51.2%+TP)
⚠ Throttle: 75% — streak=-2
Sentiment: neutraal (-0.21) | F&G: -0.32 | Nieuws: +0.00
[BTC/USDT] Regime: bear_trend | Kracht: 63% | Bearish trend — ADX=31, EMA stack 
bearish
[ETH/USDT] Regime: bear_trend | Kracht: 54% | Bearish trend — ADX=27, EMA stack 
bearish
[SOL/USDT] Regime: bear_trend | Kracht: 77% | Bearish trend — ADX=39, EMA stack 
bearish

──────────────────────────── Cyclus #396 — 08:10:46 ────────────────────────────
Portfolio: $979.06  PnL: -2.09%  DD: 2.2%  Posities: 0  Trades: 39  WR: 
35.5%(51.2%+TP)
⚠ Throttle: 75% — streak=-2
Sentiment: neutraal (-0.21) | F&G: -0.32 | Nieuws: +0.00
[BTC/USDT] Regime: bear_trend | Kracht: 63% | Bearish trend — ADX=31, EMA stack 
bearish
[ETH/USDT] Regime: bear_trend | Kracht: 54% | Bearish trend — ADX=27, EMA stack 
bearish
[SOL/USDT] Regime: bear_trend | Kracht: 77% | Bearish trend — ADX=39, EMA stack 
bearish

──────────────────────────── Cyclus #397 — 08:11:54 ────────────────────────────
Portfolio: $979.06  PnL: -2.09%  DD: 2.2%  Posities: 0  Trades: 39  WR: 
35.5%(51.2%+TP)
⚠ Throttle: 75% — streak=-2
Sentiment: neutraal (-0.21) | F&G: -0.32 | Nieuws: +0.00
[BTC/USDT] Regime: bear_trend | Kracht: 63% | Bearish trend — ADX=31, EMA stack 
bearish
[ETH/USDT] Regime: bear_trend | Kracht: 54% | Bearish trend — ADX=27, EMA stack 
bearish
[SOL/USDT] Regime: bear_trend | Kracht: 77% | Bearish trend — ADX=39, EMA stack 
bearish

──────────────────────────── Cyclus #398 — 08:13:02 ────────────────────────────
Portfolio: $979.06  PnL: -2.09%  DD: 2.2%  Posities: 0  Trades: 39  WR: 
35.5%(51.2%+TP)
⚠ Throttle: 75% — streak=-2
Sentiment: neutraal (-0.21) | F&G: -0.32 | Nieuws: +0.00
[BTC/USDT] Regime: bear_trend | Kracht: 63% | Bearish trend — ADX=31, EMA stack 
bearish
[ETH/USDT] Regime: bear_trend | Kracht: 54% | Bearish trend — ADX=27, EMA stack 
bearish
[SOL/USDT] Regime: bear_trend | Kracht: 77% | Bearish trend — ADX=39, EMA stack 
bearish

──────────────────────────── Cyclus #399 — 08:14:11 ────────────────────────────
Portfolio: $979.06  PnL: -2.09%  DD: 2.2%  Posities: 0  Trades: 39  WR: 
35.5%(51.2%+TP)
⚠ Throttle: 75% — streak=-2
Sentiment: neutraal (-0.21) | F&G: -0.32 | Nieuws: +0.00
[BTC/USDT] Regime: bear_trend | Kracht: 63% | Bearish trend — ADX=31, EMA stack 
bearish
[ETH/USDT] Regime: bear_trend | Kracht: 54% | Bearish trend — ADX=27, EMA stack 
bearish
[SOL/USDT] Regime: bear_trend | Kracht: 77% | Bearish trend — ADX=39, EMA stack 
bearish

──────────────────────────── Cyclus #400 — 08:15:19 ────────────────────────────
Portfolio: $979.06  PnL: -2.09%  DD: 2.2%  Posities: 0  Trades: 39  WR: 
35.5%(51.2%+TP)
⚠ Throttle: 75% — streak=-2
Sentiment: neutraal (-0.21) | F&G: -0.32 | Nieuws: +0.00
[BTC/USDT] Regime: bear_trend | Kracht: 63% | Bearish trend — ADX=31, EMA stack 
bearish
[ETH/USDT] Regime: bear_trend | Kracht: 54% | Bearish trend — ADX=27, EMA stack 
bearish
[SOL/USDT] Regime: bear_trend | Kracht: 77% | Bearish trend — ADX=39, EMA stack 
bearish

──────────────────────────── Cyclus #401 — 08:16:31 ────────────────────────────
Portfolio: $979.06  PnL: -2.09%  DD: 2.2%  Posities: 0  Trades: 39  WR: 
35.5%(51.2%+TP)
⚠ Throttle: 75% — streak=-2
Sentiment: neutraal (-0.21) | F&G: -0.32 | Nieuws: +0.00
[BTC/USDT] Regime: bear_trend | Kracht: 63% | Bearish trend — ADX=31, EMA stack 
bearish
[ETH/USDT] Regime: bear_trend | Kracht: 54% | Bearish trend — ADX=27, EMA stack 
bearish
[SOL/USDT] Regime: bear_trend | Kracht: 77% | Bearish trend — ADX=39, EMA stack 
bearish

──────────────────────────── Cyclus #402 — 08:17:38 ────────────────────────────
Portfolio: $979.06  PnL: -2.09%  DD: 2.2%  Posities: 0  Trades: 39  WR: 
35.5%(51.2%+TP)
⚠ Throttle: 75% — streak=-2
Sentiment: neutraal (-0.21) | F&G: -0.32 | Nieuws: +0.00
[BTC/USDT] Regime: bear_trend | Kracht: 63% | Bearish trend — ADX=31, EMA stack 
bearish
[ETH/USDT] Regime: bear_trend | Kracht: 54% | Bearish trend — ADX=27, EMA stack 
bearish
[SOL/USDT] Regime: bear_trend | Kracht: 77% | Bearish trend — ADX=39, EMA stack 
bearish

──────────────────────────── Cyclus #403 — 08:18:46 ────────────────────────────
Portfolio: $979.06  PnL: -2.09%  DD: 2.2%  Posities: 0  Trades: 39  WR: 
35.5%(51.2%+TP)
⚠ Throttle: 75% — streak=-2
Sentiment: neutraal (-0.21) | F&G: -0.32 | Nieuws: +0.00
[BTC/USDT] Regime: bear_trend | Kracht: 63% | Bearish trend — ADX=31, EMA stack 
bearish
[ETH/USDT] Regime: bear_trend | Kracht: 54% | Bearish trend — ADX=27, EMA stack 
bearish
[SOL/USDT] Regime: bear_trend | Kracht: 77% | Bearish trend — ADX=39, EMA stack 
bearish

──────────────────────────── Cyclus #404 — 08:19:55 ────────────────────────────
Portfolio: $979.06  PnL: -2.09%  DD: 2.2%  Posities: 0  Trades: 39  WR: 
35.5%(51.2%+TP)
⚠ Throttle: 75% — streak=-2
Sentiment: neutraal (-0.21) | F&G: -0.32 | Nieuws: +0.00
[BTC/USDT] Regime: bear_trend | Kracht: 63% | Bearish trend — ADX=31, EMA stack 
bearish
[ETH/USDT] Regime: bear_trend | Kracht: 54% | Bearish trend — ADX=27, EMA stack 
bearish
[SOL/USDT] Regime: bear_trend | Kracht: 77% | Bearish trend — ADX=39, EMA stack 
bearish

──────────────────────────── Cyclus #405 — 08:21:02 ────────────────────────────
Portfolio: $979.06  PnL: -2.09%  DD: 2.2%  Posities: 0  Trades: 39  WR: 
35.5%(51.2%+TP)
⚠ Throttle: 75% — streak=-2
Sentiment: neutraal (-0.21) | F&G: -0.32 | Nieuws: +0.00
[BTC/USDT] Regime: bear_trend | Kracht: 63% | Bearish trend — ADX=31, EMA stack 
bearish
[ETH/USDT] Regime: bear_trend | Kracht: 54% | Bearish trend — ADX=27, EMA stack 
bearish
[SOL/USDT] Regime: bear_trend | Kracht: 77% | Bearish trend — ADX=39, EMA stack 
bearish

──────────────────────────── Cyclus #406 — 08:22:14 ────────────────────────────
Portfolio: $979.06  PnL: -2.09%  DD: 2.2%  Posities: 0  Trades: 39  WR: 
35.5%(51.2%+TP)
⚠ Throttle: 75% — streak=-2
Sentiment: neutraal (-0.21) | F&G: -0.32 | Nieuws: +0.00
[BTC/USDT] Regime: bear_trend | Kracht: 63% | Bearish trend — ADX=31, EMA stack 
bearish
[ETH/USDT] Regime: bear_trend | Kracht: 54% | Bearish trend — ADX=27, EMA stack 
bearish
[SOL/USDT] Regime: bear_trend | Kracht: 77% | Bearish trend — ADX=39, EMA stack 
bearish

──────────────────────────── Cyclus #407 — 08:23:22 ────────────────────────────
Portfolio: $979.06  PnL: -2.09%  DD: 2.2%  Posities: 0  Trades: 39  WR: 
35.5%(51.2%+TP)
⚠ Throttle: 75% — streak=-2
Sentiment: neutraal (-0.21) | F&G: -0.32 | Nieuws: +0.00
[BTC/USDT] Regime: bear_trend | Kracht: 63% | Bearish trend — ADX=31, EMA stack 
bearish
[ETH/USDT] Regime: bear_trend | Kracht: 54% | Bearish trend — ADX=27, EMA stack 
bearish
[SOL/USDT] Regime: bear_trend | Kracht: 77% | Bearish trend — ADX=39, EMA stack 
bearish

──────────────────────────── Cyclus #408 — 08:24:30 ────────────────────────────
Portfolio: $979.06  PnL: -2.09%  DD: 2.2%  Posities: 0  Trades: 39  WR: 
35.5%(51.2%+TP)
⚠ Throttle: 75% — streak=-2
Sentiment: neutraal (-0.21) | F&G: -0.32 | Nieuws: +0.00
[BTC/USDT] Regime: bear_trend | Kracht: 63% | Bearish trend — ADX=31, EMA stack 
bearish
[ETH/USDT] Regime: bear_trend | Kracht: 54% | Bearish trend — ADX=27, EMA stack 
bearish
[SOL/USDT] Regime: bear_trend | Kracht: 77% | Bearish trend — ADX=39, EMA stack 
bearish

──────────────────────────── Cyclus #409 — 08:25:38 ────────────────────────────
Portfolio: $979.06  PnL: -2.09%  DD: 2.2%  Posities: 0  Trades: 39  WR: 
35.5%(51.2%+TP)
⚠ Throttle: 75% — streak=-2
Sentiment: neutraal (-0.21) | F&G: -0.32 | Nieuws: +0.00
[BTC/USDT] Regime: bear_trend | Kracht: 63% | Bearish trend — ADX=31, EMA stack 
bearish
[ETH/USDT] Regime: bear_trend | Kracht: 54% | Bearish trend — ADX=27, EMA stack 
bearish
[SOL/USDT] Regime: bear_trend | Kracht: 77% | Bearish trend — ADX=39, EMA stack 
bearish

──────────────────────────── Cyclus #410 — 08:26:47 ────────────────────────────
Portfolio: $979.06  PnL: -2.09%  DD: 2.2%  Posities: 0  Trades: 39  WR: 
35.5%(51.2%+TP)
⚠ Throttle: 75% — streak=-2
Sentiment: neutraal (-0.21) | F&G: -0.32 | Nieuws: +0.00
[BTC/USDT] Regime: bear_trend | Kracht: 63% | Bearish trend — ADX=31, EMA stack 
bearish
[ETH/USDT] Regime: bear_trend | Kracht: 54% | Bearish trend — ADX=27, EMA stack 
bearish
[SOL/USDT] Regime: bear_trend | Kracht: 77% | Bearish trend — ADX=39, EMA stack 
bearish

──────────────────────────── Cyclus #411 — 08:27:58 ────────────────────────────
Portfolio: $979.06  PnL: -2.09%  DD: 2.2%  Posities: 0  Trades: 39  WR: 
35.5%(51.2%+TP)
⚠ Throttle: 75% — streak=-2
Sentiment: neutraal (-0.21) | F&G: -0.32 | Nieuws: +0.00
[BTC/USDT] Regime: bear_trend | Kracht: 63% | Bearish trend — ADX=31, EMA stack 
bearish
[ETH/USDT] Regime: bear_trend | Kracht: 54% | Bearish trend — ADX=27, EMA stack 
bearish
[SOL/USDT] Regime: bear_trend | Kracht: 77% | Bearish trend — ADX=39, EMA stack 
bearish

──────────────────────────── Cyclus #412 — 08:29:06 ────────────────────────────
Portfolio: $979.06  PnL: -2.09%  DD: 2.2%  Posities: 0  Trades: 39  WR: 
35.5%(51.2%+TP)
⚠ Throttle: 75% — streak=-2
Sentiment: neutraal (-0.21) | F&G: -0.32 | Nieuws: +0.00
[BTC/USDT] Regime: bear_trend | Kracht: 63% | Bearish trend — ADX=31, EMA stack 
bearish
[ETH/USDT] Regime: bear_trend | Kracht: 54% | Bearish trend — ADX=27, EMA stack 
bearish
[SOL/USDT] Regime: bear_trend | Kracht: 77% | Bearish trend — ADX=39, EMA stack 
bearish

──────────────────────────── Cyclus #413 — 08:30:14 ────────────────────────────
Portfolio: $979.06  PnL: -2.09%  DD: 2.2%  Posities: 0  Trades: 39  WR: 
35.5%(51.2%+TP)
⚠ Throttle: 75% — streak=-2
Sentiment: neutraal (-0.21) | F&G: -0.32 | Nieuws: +0.00
[BTC/USDT] Regime: bear_trend | Kracht: 63% | Bearish trend — ADX=31, EMA stack 
bearish
[ETH/USDT] Regime: bear_trend | Kracht: 54% | Bearish trend — ADX=27, EMA stack 
bearish
[SOL/USDT] Regime: bear_trend | Kracht: 77% | Bearish trend — ADX=39, EMA stack 
bearish

──────────────────────────── Cyclus #414 — 08:31:22 ────────────────────────────
Portfolio: $979.06  PnL: -2.09%  DD: 2.2%  Posities: 0  Trades: 39  WR: 
35.5%(51.2%+TP)
⚠ Throttle: 75% — streak=-2
Sentiment: neutraal (-0.21) | F&G: -0.32 | Nieuws: +0.00
[BTC/USDT] Regime: bear_trend | Kracht: 63% | Bearish trend — ADX=31, EMA stack 
bearish
[ETH/USDT] Regime: bear_trend | Kracht: 54% | Bearish trend — ADX=27, EMA stack 
bearish
[SOL/USDT] Regime: bear_trend | Kracht: 77% | Bearish trend — ADX=39, EMA stack 
bearish

──────────────────────────── Cyclus #415 — 08:32:30 ────────────────────────────
Portfolio: $979.06  PnL: -2.09%  DD: 2.2%  Posities: 0  Trades: 39  WR: 
35.5%(51.2%+TP)
⚠ Throttle: 75% — streak=-2
Sentiment: neutraal (-0.21) | F&G: -0.32 | Nieuws: +0.00
[BTC/USDT] Regime: bear_trend | Kracht: 63% | Bearish trend — ADX=31, EMA stack 
bearish
[ETH/USDT] Regime: bear_trend | Kracht: 54% | Bearish trend — ADX=27, EMA stack 
bearish
[SOL/USDT] Regime: bear_trend | Kracht: 77% | Bearish trend — ADX=39, EMA stack 
bearish

──────────────────────────── Cyclus #416 — 08:33:41 ────────────────────────────
Portfolio: $979.06  PnL: -2.09%  DD: 2.2%  Posities: 0  Trades: 39  WR: 
35.5%(51.2%+TP)
⚠ Throttle: 75% — streak=-2
Sentiment: neutraal (-0.21) | F&G: -0.32 | Nieuws: +0.00
[BTC/USDT] Regime: bear_trend | Kracht: 63% | Bearish trend — ADX=31, EMA stack 
bearish
[ETH/USDT] Regime: bear_trend | Kracht: 54% | Bearish trend — ADX=27, EMA stack 
bearish
[SOL/USDT] Regime: bear_trend | Kracht: 77% | Bearish trend — ADX=39, EMA stack 
bearish

──────────────────────────── Cyclus #417 — 08:34:49 ────────────────────────────
Portfolio: $979.06  PnL: -2.09%  DD: 2.2%  Posities: 0  Trades: 39  WR: 
35.5%(51.2%+TP)
⚠ Throttle: 75% — streak=-2
Sentiment: neutraal (-0.21) | F&G: -0.32 | Nieuws: +0.00
[BTC/USDT] Regime: bear_trend | Kracht: 63% | Bearish trend — ADX=31, EMA stack 
bearish
[ETH/USDT] Regime: bear_trend | Kracht: 54% | Bearish trend — ADX=27, EMA stack 
bearish
[SOL/USDT] Regime: bear_trend | Kracht: 77% | Bearish trend — ADX=39, EMA stack 
bearish

──────────────────────────── Cyclus #418 — 08:35:57 ────────────────────────────
Portfolio: $979.06  PnL: -2.09%  DD: 2.2%  Posities: 0  Trades: 39  WR: 
35.5%(51.2%+TP)
⚠ Throttle: 75% — streak=-2
Sentiment: neutraal (-0.21) | F&G: -0.32 | Nieuws: +0.00
[BTC/USDT] Regime: bear_trend | Kracht: 63% | Bearish trend — ADX=31, EMA stack 
bearish
[ETH/USDT] Regime: bear_trend | Kracht: 54% | Bearish trend — ADX=27, EMA stack 
bearish
[SOL/USDT] Regime: bear_trend | Kracht: 77% | Bearish trend — ADX=39, EMA stack 
bearish

──────────────────────────── Cyclus #419 — 08:37:05 ────────────────────────────
Portfolio: $979.06  PnL: -2.09%  DD: 2.2%  Posities: 0  Trades: 39  WR: 
35.5%(51.2%+TP)
⚠ Throttle: 75% — streak=-2
Sentiment: neutraal (-0.21) | F&G: -0.32 | Nieuws: +0.00
[BTC/USDT] Regime: bear_trend | Kracht: 63% | Bearish trend — ADX=31, EMA stack 
bearish
[ETH/USDT] Regime: bear_trend | Kracht: 54% | Bearish trend — ADX=27, EMA stack 
bearish
[SOL/USDT] Regime: bear_trend | Kracht: 77% | Bearish trend — ADX=39, EMA stack 
bearish

──────────────────────────── Cyclus #420 — 08:38:14 ────────────────────────────
Portfolio: $979.06  PnL: -2.09%  DD: 2.2%  Posities: 0  Trades: 39  WR: 
35.5%(51.2%+TP)
⚠ Throttle: 75% — streak=-2
Sentiment: neutraal (-0.21) | F&G: -0.32 | Nieuws: +0.00
[BTC/USDT] Regime: bear_trend | Kracht: 63% | Bearish trend — ADX=31, EMA stack 
bearish
[ETH/USDT] Regime: bear_trend | Kracht: 54% | Bearish trend — ADX=27, EMA stack 
bearish
[SOL/USDT] Regime: bear_trend | Kracht: 77% | Bearish trend — ADX=39, EMA stack 
bearish

──────────────────────────── Cyclus #421 — 08:39:27 ────────────────────────────
Portfolio: $979.06  PnL: -2.09%  DD: 2.2%  Posities: 0  Trades: 39  WR: 
35.5%(51.2%+TP)
⚠ Throttle: 75% — streak=-2
Sentiment: Angst (-0.21) | F&G: -0.32 | Nieuws: +0.00
[BTC/USDT] Regime: bear_trend | Kracht: 63% | Bearish trend — ADX=31, EMA stack 
bearish
[ETH/USDT] Regime: bear_trend | Kracht: 54% | Bearish trend — ADX=27, EMA stack 
bearish
[SOL/USDT] Regime: bear_trend | Kracht: 77% | Bearish trend — ADX=39, EMA stack 
bearish

──────────────────────────── Cyclus #422 — 08:40:35 ────────────────────────────
Portfolio: $979.06  PnL: -2.09%  DD: 2.2%  Posities: 0  Trades: 39  WR: 
35.5%(51.2%+TP)
⚠ Throttle: 75% — streak=-2
Sentiment: Angst (-0.21) | F&G: -0.32 | Nieuws: +0.00
[BTC/USDT] Regime: bear_trend | Kracht: 63% | Bearish trend — ADX=31, EMA stack 
bearish
[ETH/USDT] Regime: bear_trend | Kracht: 54% | Bearish trend — ADX=27, EMA stack 
bearish
[SOL/USDT] Regime: bear_trend | Kracht: 77% | Bearish trend — ADX=39, EMA stack 
bearish

──────────────────────────── Cyclus #423 — 08:41:44 ────────────────────────────
Portfolio: $979.06  PnL: -2.09%  DD: 2.2%  Posities: 0  Trades: 39  WR: 
35.5%(51.2%+TP)
⚠ Throttle: 75% — streak=-2
Sentiment: Angst (-0.21) | F&G: -0.32 | Nieuws: +0.00
[BTC/USDT] Regime: bear_trend | Kracht: 63% | Bearish trend — ADX=31, EMA stack 
bearish
[ETH/USDT] Regime: bear_trend | Kracht: 54% | Bearish trend — ADX=27, EMA stack 
bearish
[SOL/USDT] Regime: bear_trend | Kracht: 77% | Bearish trend — ADX=39, EMA stack 
bearish

──────────────────────────── Cyclus #424 — 08:42:52 ────────────────────────────
Portfolio: $979.06  PnL: -2.09%  DD: 2.2%  Posities: 0  Trades: 39  WR: 
35.5%(51.2%+TP)
⚠ Throttle: 75% — streak=-2
Sentiment: Angst (-0.21) | F&G: -0.32 | Nieuws: +0.00
[BTC/USDT] Regime: bear_trend | Kracht: 63% | Bearish trend — ADX=31, EMA stack 
bearish
[ETH/USDT] Regime: bear_trend | Kracht: 54% | Bearish trend — ADX=27, EMA stack 
bearish
[SOL/USDT] Regime: bear_trend | Kracht: 77% | Bearish trend — ADX=39, EMA stack 
bearish

──────────────────────────── Cyclus #425 — 08:44:00 ────────────────────────────
Portfolio: $979.06  PnL: -2.09%  DD: 2.2%  Posities: 0  Trades: 39  WR: 
35.5%(51.2%+TP)
⚠ Throttle: 75% — streak=-2
Sentiment: Angst (-0.21) | F&G: -0.32 | Nieuws: +0.00
[BTC/USDT] Regime: bear_trend | Kracht: 63% | Bearish trend — ADX=31, EMA stack 
bearish
[ETH/USDT] Regime: bear_trend | Kracht: 54% | Bearish trend — ADX=27, EMA stack 
bearish
[SOL/USDT] Regime: bear_trend | Kracht: 77% | Bearish trend — ADX=39, EMA stack 
bearish

──────────────────────────── Cyclus #426 — 08:45:12 ────────────────────────────
Portfolio: $979.06  PnL: -2.09%  DD: 2.2%  Posities: 0  Trades: 39  WR: 
35.5%(51.2%+TP)
⚠ Throttle: 75% — streak=-2
Sentiment: Angst (-0.21) | F&G: -0.32 | Nieuws: +0.00
[BTC/USDT] Regime: bear_trend | Kracht: 63% | Bearish trend — ADX=31, EMA stack 
bearish
[ETH/USDT] Regime: bear_trend | Kracht: 54% | Bearish trend — ADX=27, EMA stack 
bearish
[SOL/USDT] Regime: bear_trend | Kracht: 77% | Bearish trend — ADX=39, EMA stack 
bearish

──────────────────────────── Cyclus #427 — 08:46:21 ────────────────────────────
Portfolio: $979.06  PnL: -2.09%  DD: 2.2%  Posities: 0  Trades: 39  WR: 
35.5%(51.2%+TP)
⚠ Throttle: 75% — streak=-2
Sentiment: Angst (-0.21) | F&G: -0.32 | Nieuws: +0.00
[BTC/USDT] Regime: bear_trend | Kracht: 63% | Bearish trend — ADX=31, EMA stack 
bearish
[ETH/USDT] Regime: bear_trend | Kracht: 54% | Bearish trend — ADX=27, EMA stack 
bearish
[SOL/USDT] Regime: bear_trend | Kracht: 77% | Bearish trend — ADX=39, EMA stack 
bearish

──────────────────────────── Cyclus #428 — 08:47:29 ────────────────────────────
Portfolio: $979.06  PnL: -2.09%  DD: 2.2%  Posities: 0  Trades: 39  WR: 
35.5%(51.2%+TP)
⚠ Throttle: 75% — streak=-2
Sentiment: Angst (-0.21) | F&G: -0.32 | Nieuws: +0.00
[BTC/USDT] Regime: bear_trend | Kracht: 63% | Bearish trend — ADX=31, EMA stack 
bearish
[ETH/USDT] Regime: bear_trend | Kracht: 54% | Bearish trend — ADX=27, EMA stack 
bearish
[SOL/USDT] Regime: bear_trend | Kracht: 77% | Bearish trend — ADX=39, EMA stack 
bearish

──────────────────────────── Cyclus #429 — 08:48:37 ────────────────────────────
Portfolio: $979.06  PnL: -2.09%  DD: 2.2%  Posities: 0  Trades: 39  WR: 
35.5%(51.2%+TP)
⚠ Throttle: 75% — streak=-2
Sentiment: Angst (-0.21) | F&G: -0.32 | Nieuws: +0.00
[BTC/USDT] Regime: bear_trend | Kracht: 63% | Bearish trend — ADX=31, EMA stack 
bearish
[ETH/USDT] Regime: bear_trend | Kracht: 54% | Bearish trend — ADX=27, EMA stack 
bearish
[SOL/USDT] Regime: bear_trend | Kracht: 77% | Bearish trend — ADX=39, EMA stack 
bearish

──────────────────────────── Cyclus #430 — 08:49:45 ────────────────────────────
Portfolio: $979.06  PnL: -2.09%  DD: 2.2%  Posities: 0  Trades: 39  WR: 
35.5%(51.2%+TP)
⚠ Throttle: 75% — streak=-2
Sentiment: Angst (-0.21) | F&G: -0.32 | Nieuws: +0.00
[BTC/USDT] Regime: bear_trend | Kracht: 63% | Bearish trend — ADX=31, EMA stack 
bearish
[ETH/USDT] Regime: bear_trend | Kracht: 54% | Bearish trend — ADX=27, EMA stack 
bearish
[SOL/USDT] Regime: bear_trend | Kracht: 77% | Bearish trend — ADX=39, EMA stack 
bearish

──────────────────────────── Cyclus #431 — 08:50:57 ────────────────────────────
Portfolio: $979.06  PnL: -2.09%  DD: 2.2%  Posities: 0  Trades: 39  WR: 
35.5%(51.2%+TP)
⚠ Throttle: 75% — streak=-2
Sentiment: neutraal (-0.21) | F&G: -0.32 | Nieuws: +0.00
[BTC/USDT] Regime: bear_trend | Kracht: 63% | Bearish trend — ADX=31, EMA stack 
bearish
[ETH/USDT] Regime: bear_trend | Kracht: 54% | Bearish trend — ADX=27, EMA stack 
bearish
[SOL/USDT] Regime: bear_trend | Kracht: 77% | Bearish trend — ADX=39, EMA stack 
bearish

──────────────────────────── Cyclus #432 — 08:52:05 ────────────────────────────
Portfolio: $979.06  PnL: -2.09%  DD: 2.2%  Posities: 0  Trades: 39  WR: 
35.5%(51.2%+TP)
⚠ Throttle: 75% — streak=-2
Sentiment: neutraal (-0.21) | F&G: -0.32 | Nieuws: +0.00
[BTC/USDT] Regime: bear_trend | Kracht: 63% | Bearish trend — ADX=31, EMA stack 
bearish
[ETH/USDT] Regime: bear_trend | Kracht: 54% | Bearish trend — ADX=27, EMA stack 
bearish
[SOL/USDT] Regime: bear_trend | Kracht: 77% | Bearish trend — ADX=39, EMA stack 
bearish

──────────────────────────── Cyclus #433 — 08:53:13 ────────────────────────────
Portfolio: $979.06  PnL: -2.09%  DD: 2.2%  Posities: 0  Trades: 39  WR: 
35.5%(51.2%+TP)
⚠ Throttle: 75% — streak=-2
Sentiment: neutraal (-0.21) | F&G: -0.32 | Nieuws: +0.00
[BTC/USDT] Regime: bear_trend | Kracht: 63% | Bearish trend — ADX=31, EMA stack 
bearish
[ETH/USDT] Regime: bear_trend | Kracht: 54% | Bearish trend — ADX=27, EMA stack 
bearish
[SOL/USDT] Regime: bear_trend | Kracht: 77% | Bearish trend — ADX=39, EMA stack 
bearish

──────────────────────────── Cyclus #434 — 08:54:21 ────────────────────────────
Portfolio: $979.06  PnL: -2.09%  DD: 2.2%  Posities: 0  Trades: 39  WR: 
35.5%(51.2%+TP)
⚠ Throttle: 75% — streak=-2
Sentiment: neutraal (-0.21) | F&G: -0.32 | Nieuws: +0.00
[BTC/USDT] Regime: bear_trend | Kracht: 63% | Bearish trend — ADX=31, EMA stack 
bearish
[ETH/USDT] Regime: bear_trend | Kracht: 54% | Bearish trend — ADX=27, EMA stack 
bearish
[SOL/USDT] Regime: bear_trend | Kracht: 77% | Bearish trend — ADX=39, EMA stack 
bearish

──────────────────────────── Cyclus #435 — 08:55:29 ────────────────────────────
Portfolio: $979.06  PnL: -2.09%  DD: 2.2%  Posities: 0  Trades: 39  WR: 
35.5%(51.2%+TP)
⚠ Throttle: 75% — streak=-2
Sentiment: neutraal (-0.21) | F&G: -0.32 | Nieuws: +0.00
[BTC/USDT] Regime: bear_trend | Kracht: 63% | Bearish trend — ADX=31, EMA stack 
bearish
[ETH/USDT] Regime: bear_trend | Kracht: 54% | Bearish trend — ADX=27, EMA stack 
bearish
[SOL/USDT] Regime: bear_trend | Kracht: 77% | Bearish trend — ADX=39, EMA stack 
bearish

──────────────────────────── Cyclus #436 — 08:56:42 ────────────────────────────
Portfolio: $979.06  PnL: -2.09%  DD: 2.2%  Posities: 0  Trades: 39  WR: 
35.5%(51.2%+TP)
⚠ Throttle: 75% — streak=-2
Sentiment: neutraal (-0.21) | F&G: -0.32 | Nieuws: +0.00
[BTC/USDT] Regime: bear_trend | Kracht: 63% | Bearish trend — ADX=31, EMA stack 
bearish
[ETH/USDT] Regime: bear_trend | Kracht: 54% | Bearish trend — ADX=27, EMA stack 
bearish
[SOL/USDT] Regime: bear_trend | Kracht: 77% | Bearish trend — ADX=39, EMA stack 
bearish

──────────────────────────── Cyclus #437 — 08:57:50 ────────────────────────────
Portfolio: $979.06  PnL: -2.09%  DD: 2.2%  Posities: 0  Trades: 39  WR: 
35.5%(51.2%+TP)
⚠ Throttle: 75% — streak=-2
Sentiment: neutraal (-0.21) | F&G: -0.32 | Nieuws: +0.00
[BTC/USDT] Regime: bear_trend | Kracht: 63% | Bearish trend — ADX=31, EMA stack 
bearish
[ETH/USDT] Regime: bear_trend | Kracht: 54% | Bearish trend — ADX=27, EMA stack 
bearish
[SOL/USDT] Regime: bear_trend | Kracht: 77% | Bearish trend — ADX=39, EMA stack 
bearish

──────────────────────────── Cyclus #438 — 08:58:58 ────────────────────────────
Portfolio: $979.06  PnL: -2.09%  DD: 2.2%  Posities: 0  Trades: 39  WR: 
35.5%(51.2%+TP)
⚠ Throttle: 75% — streak=-2
Sentiment: neutraal (-0.21) | F&G: -0.32 | Nieuws: +0.00
[BTC/USDT] Regime: bear_trend | Kracht: 63% | Bearish trend — ADX=31, EMA stack 
bearish
[ETH/USDT] Regime: bear_trend | Kracht: 54% | Bearish trend — ADX=27, EMA stack 
bearish
[SOL/USDT] Regime: bear_trend | Kracht: 77% | Bearish trend — ADX=39, EMA stack 
bearish

──────────────────────────── Cyclus #439 — 09:00:09 ────────────────────────────
Portfolio: $979.06  PnL: -2.09%  DD: 2.2%  Posities: 0  Trades: 39  WR: 
35.5%(51.2%+TP)
⚠ Throttle: 75% — streak=-2
Sentiment: neutraal (-0.21) | F&G: -0.32 | Nieuws: +0.00
[BTC/USDT] Regime: bear_trend | Kracht: 63% | Bearish trend — ADX=31, EMA stack 
bearish
[ETH/USDT] Regime: bear_trend | Kracht: 51% | Bearish trend — ADX=26, EMA stack 
bearish
[SOL/USDT] Regime: bear_trend | Kracht: 76% | Bearish trend — ADX=38, EMA stack 
bearish

──────────────────────────── Cyclus #440 — 09:01:18 ────────────────────────────
Portfolio: $979.06  PnL: -2.09%  DD: 2.2%  Posities: 0  Trades: 39  WR: 
35.5%(51.2%+TP)
⚠ Throttle: 75% — streak=-2
Sentiment: neutraal (-0.21) | F&G: -0.32 | Nieuws: +0.00
[BTC/USDT] Regime: bear_trend | Kracht: 60% | Bearish trend — ADX=30, EMA stack 
bearish
[ETH/USDT] Regime: bear_trend | Kracht: 51% | Bearish trend — ADX=26, EMA stack 
bearish
[SOL/USDT] Regime: bear_trend | Kracht: 76% | Bearish trend — ADX=38, EMA stack 
bearish

──────────────────────────── Cyclus #441 — 09:02:30 ────────────────────────────
Portfolio: $979.06  PnL: -2.09%  DD: 2.2%  Posities: 0  Trades: 39  WR: 
35.5%(51.2%+TP)
⚠ Throttle: 75% — streak=-2
Sentiment: neutraal (-0.21) | F&G: -0.32 | Nieuws: +0.00
[BTC/USDT] Regime: bear_trend | Kracht: 60% | Bearish trend — ADX=30, EMA stack 
bearish
[ETH/USDT] Regime: bear_trend | Kracht: 51% | Bearish trend — ADX=26, EMA stack 
bearish
[SOL/USDT] Regime: bear_trend | Kracht: 74% | Bearish trend — ADX=37, EMA stack 
bearish

──────────────────────────── Cyclus #442 — 09:03:39 ────────────────────────────
Portfolio: $979.06  PnL: -2.09%  DD: 2.2%  Posities: 0  Trades: 39  WR: 
35.5%(51.2%+TP)
⚠ Throttle: 75% — streak=-2
Sentiment: neutraal (-0.21) | F&G: -0.32 | Nieuws: +0.00
[BTC/USDT] Regime: bear_trend | Kracht: 60% | Bearish trend — ADX=30, EMA stack 
bearish
[ETH/USDT] Regime: bear_trend | Kracht: 51% | Bearish trend — ADX=26, EMA stack 
bearish
[SOL/USDT] Regime: bear_trend | Kracht: 74% | Bearish trend — ADX=37, EMA stack 
bearish

──────────────────────────── Cyclus #443 — 09:04:47 ────────────────────────────
Portfolio: $979.06  PnL: -2.09%  DD: 2.2%  Posities: 0  Trades: 39  WR: 
35.5%(51.2%+TP)
⚠ Throttle: 75% — streak=-2
Sentiment: neutraal (-0.21) | F&G: -0.32 | Nieuws: +0.00
[BTC/USDT] Regime: bear_trend | Kracht: 61% | Bearish trend — ADX=30, EMA stack 
bearish
[ETH/USDT] Regime: bear_trend | Kracht: 51% | Bearish trend — ADX=26, EMA stack 
bearish
[SOL/USDT] Regime: bear_trend | Kracht: 74% | Bearish trend — ADX=37, EMA stack 
bearish

──────────────────────────── Cyclus #444 — 09:05:55 ────────────────────────────
Portfolio: $979.06  PnL: -2.09%  DD: 2.2%  Posities: 0  Trades: 39  WR: 
35.5%(51.2%+TP)
⚠ Throttle: 75% — streak=-2
Sentiment: neutraal (-0.21) | F&G: -0.32 | Nieuws: +0.00
[BTC/USDT] Regime: bear_trend | Kracht: 61% | Bearish trend — ADX=30, EMA stack 
bearish
[ETH/USDT] Regime: bear_trend | Kracht: 51% | Bearish trend — ADX=26, EMA stack 
bearish
[SOL/USDT] Regime: bear_trend | Kracht: 74% | Bearish trend — ADX=37, EMA stack 
bearish

──────────────────────────── Cyclus #445 — 09:07:03 ────────────────────────────
Portfolio: $979.06  PnL: -2.09%  DD: 2.2%  Posities: 0  Trades: 39  WR: 
35.5%(51.2%+TP)
⚠ Throttle: 75% — streak=-2
Sentiment: neutraal (-0.21) | F&G: -0.32 | Nieuws: +0.00
[BTC/USDT] Regime: bear_trend | Kracht: 61% | Bearish trend — ADX=30, EMA stack 
bearish
[ETH/USDT] Regime: bear_trend | Kracht: 51% | Bearish trend — ADX=26, EMA stack 
bearish
[SOL/USDT] Regime: bear_trend | Kracht: 74% | Bearish trend — ADX=37, EMA stack 
bearish

──────────────────────────── Cyclus #446 — 09:08:14 ────────────────────────────
Portfolio: $979.06  PnL: -2.09%  DD: 2.2%  Posities: 0  Trades: 39  WR: 
35.5%(51.2%+TP)
⚠ Throttle: 75% — streak=-2
Sentiment: neutraal (-0.21) | F&G: -0.32 | Nieuws: +0.00
[BTC/USDT] Regime: bear_trend | Kracht: 61% | Bearish trend — ADX=30, EMA stack 
bearish
[ETH/USDT] Regime: bear_trend | Kracht: 51% | Bearish trend — ADX=26, EMA stack 
bearish
[SOL/USDT] Regime: bear_trend | Kracht: 74% | Bearish trend — ADX=37, EMA stack 
bearish

──────────────────────────── Cyclus #447 — 09:09:23 ────────────────────────────
Portfolio: $979.06  PnL: -2.09%  DD: 2.2%  Posities: 0  Trades: 39  WR: 
35.5%(51.2%+TP)
⚠ Throttle: 75% — streak=-2
Sentiment: neutraal (-0.21) | F&G: -0.32 | Nieuws: +0.00
[BTC/USDT] Regime: bear_trend | Kracht: 61% | Bearish trend — ADX=30, EMA stack 
bearish
[ETH/USDT] Regime: bear_trend | Kracht: 51% | Bearish trend — ADX=26, EMA stack 
bearish
[SOL/USDT] Regime: bear_trend | Kracht: 74% | Bearish trend — ADX=37, EMA stack 
bearish

──────────────────────────── Cyclus #448 — 09:10:31 ────────────────────────────
Portfolio: $979.06  PnL: -2.09%  DD: 2.2%  Posities: 0  Trades: 39  WR: 
35.5%(51.2%+TP)
⚠ Throttle: 75% — streak=-2
Sentiment: neutraal (-0.21) | F&G: -0.32 | Nieuws: +0.00
[BTC/USDT] Regime: bear_trend | Kracht: 61% | Bearish trend — ADX=30, EMA stack 
bearish
[ETH/USDT] Regime: bear_trend | Kracht: 51% | Bearish trend — ADX=26, EMA stack 
bearish
[SOL/USDT] Regime: bear_trend | Kracht: 74% | Bearish trend — ADX=37, EMA stack 
bearish

──────────────────────────── Cyclus #449 — 09:11:40 ────────────────────────────
Portfolio: $979.06  PnL: -2.09%  DD: 2.2%  Posities: 0  Trades: 39  WR: 
35.5%(51.2%+TP)
⚠ Throttle: 75% — streak=-2
Sentiment: neutraal (-0.21) | F&G: -0.32 | Nieuws: +0.00
[BTC/USDT] Regime: bear_trend | Kracht: 61% | Bearish trend — ADX=30, EMA stack 
bearish
[ETH/USDT] Regime: bear_trend | Kracht: 51% | Bearish trend — ADX=26, EMA stack 
bearish
[SOL/USDT] Regime: bear_trend | Kracht: 74% | Bearish trend — ADX=37, EMA stack 
bearish

──────────────────────────── Cyclus #450 — 09:12:47 ────────────────────────────
Portfolio: $979.06  PnL: -2.09%  DD: 2.2%  Posities: 0  Trades: 39  WR: 
35.5%(51.2%+TP)
⚠ Throttle: 75% — streak=-2
Sentiment: neutraal (-0.21) | F&G: -0.32 | Nieuws: +0.00
[BTC/USDT] Regime: bear_trend | Kracht: 61% | Bearish trend — ADX=30, EMA stack 
bearish
[ETH/USDT] Regime: bear_trend | Kracht: 52% | Bearish trend — ADX=26, EMA stack 
bearish
[SOL/USDT] Regime: bear_trend | Kracht: 74% | Bearish trend — ADX=37, EMA stack 
bearish

──────────────────────────── Cyclus #451 — 09:14:00 ────────────────────────────
Portfolio: $979.06  PnL: -2.09%  DD: 2.2%  Posities: 0  Trades: 39  WR: 
35.5%(51.2%+TP)
⚠ Throttle: 75% — streak=-2
Sentiment: neutraal (-0.21) | F&G: -0.32 | Nieuws: +0.00
[BTC/USDT] Regime: bear_trend | Kracht: 61% | Bearish trend — ADX=30, EMA stack 
bearish
[ETH/USDT] Regime: bear_trend | Kracht: 52% | Bearish trend — ADX=26, EMA stack 
bearish
[SOL/USDT] Regime: bear_trend | Kracht: 74% | Bearish trend — ADX=37, EMA stack 
bearish

──────────────────────────── Cyclus #452 — 09:15:09 ────────────────────────────
Portfolio: $979.06  PnL: -2.09%  DD: 2.2%  Posities: 0  Trades: 39  WR: 
35.5%(51.2%+TP)
⚠ Throttle: 75% — streak=-2
Sentiment: neutraal (-0.21) | F&G: -0.32 | Nieuws: +0.00
[BTC/USDT] Regime: bear_trend | Kracht: 61% | Bearish trend — ADX=30, EMA stack 
bearish
[ETH/USDT] Regime: bear_trend | Kracht: 52% | Bearish trend — ADX=26, EMA stack 
bearish
[SOL/USDT] Regime: bear_trend | Kracht: 74% | Bearish trend — ADX=37, EMA stack 
bearish

──────────────────────────── Cyclus #453 — 09:16:17 ────────────────────────────
Portfolio: $979.06  PnL: -2.09%  DD: 2.2%  Posities: 0  Trades: 39  WR: 
35.5%(51.2%+TP)
⚠ Throttle: 75% — streak=-2
Sentiment: neutraal (-0.21) | F&G: -0.32 | Nieuws: +0.00
[BTC/USDT] Regime: bear_trend | Kracht: 61% | Bearish trend — ADX=30, EMA stack 
bearish
[ETH/USDT] Regime: bear_trend | Kracht: 52% | Bearish trend — ADX=26, EMA stack 
bearish
[SOL/USDT] Regime: bear_trend | Kracht: 74% | Bearish trend — ADX=37, EMA stack 
bearish

──────────────────────────── Cyclus #454 — 09:17:25 ────────────────────────────
Portfolio: $979.06  PnL: -2.09%  DD: 2.2%  Posities: 0  Trades: 39  WR: 
35.5%(51.2%+TP)
⚠ Throttle: 75% — streak=-2
Sentiment: neutraal (-0.21) | F&G: -0.32 | Nieuws: +0.00
[BTC/USDT] Regime: bear_trend | Kracht: 61% | Bearish trend — ADX=30, EMA stack 
bearish
[ETH/USDT] Regime: bear_trend | Kracht: 52% | Bearish trend — ADX=26, EMA stack 
bearish
[SOL/USDT] Regime: bear_trend | Kracht: 74% | Bearish trend — ADX=37, EMA stack 
bearish

──────────────────────────── Cyclus #455 — 09:18:33 ────────────────────────────
Portfolio: $979.06  PnL: -2.09%  DD: 2.2%  Posities: 0  Trades: 39  WR: 
35.5%(51.2%+TP)
⚠ Throttle: 75% — streak=-2
Sentiment: neutraal (-0.21) | F&G: -0.32 | Nieuws: +0.00
[BTC/USDT] Regime: bear_trend | Kracht: 61% | Bearish trend — ADX=30, EMA stack 
bearish
[ETH/USDT] Regime: bear_trend | Kracht: 52% | Bearish trend — ADX=26, EMA stack 
bearish
[SOL/USDT] Regime: bear_trend | Kracht: 74% | Bearish trend — ADX=37, EMA stack 
bearish

──────────────────────────── Cyclus #456 — 09:19:44 ────────────────────────────
Portfolio: $979.06  PnL: -2.09%  DD: 2.2%  Posities: 0  Trades: 39  WR: 
35.5%(51.2%+TP)
⚠ Throttle: 75% — streak=-2
Sentiment: neutraal (-0.21) | F&G: -0.32 | Nieuws: +0.00
[BTC/USDT] Regime: bear_trend | Kracht: 61% | Bearish trend — ADX=30, EMA stack 
bearish
[ETH/USDT] Regime: bear_trend | Kracht: 52% | Bearish trend — ADX=26, EMA stack 
bearish
[SOL/USDT] Regime: bear_trend | Kracht: 74% | Bearish trend — ADX=37, EMA stack 
bearish

──────────────────────────── Cyclus #457 — 09:20:52 ────────────────────────────
Portfolio: $979.06  PnL: -2.09%  DD: 2.2%  Posities: 0  Trades: 39  WR: 
35.5%(51.2%+TP)
⚠ Throttle: 75% — streak=-2
Sentiment: neutraal (-0.21) | F&G: -0.32 | Nieuws: +0.00
[BTC/USDT] Regime: bear_trend | Kracht: 61% | Bearish trend — ADX=30, EMA stack 
bearish
[ETH/USDT] Regime: bear_trend | Kracht: 52% | Bearish trend — ADX=26, EMA stack 
bearish
[SOL/USDT] Regime: bear_trend | Kracht: 74% | Bearish trend — ADX=37, EMA stack 
bearish

──────────────────────────── Cyclus #458 — 09:22:01 ────────────────────────────
Portfolio: $979.06  PnL: -2.09%  DD: 2.2%  Posities: 0  Trades: 39  WR: 
35.5%(51.2%+TP)
⚠ Throttle: 75% — streak=-2
Sentiment: neutraal (-0.21) | F&G: -0.32 | Nieuws: +0.00
[BTC/USDT] Regime: bear_trend | Kracht: 61% | Bearish trend — ADX=30, EMA stack 
bearish
[ETH/USDT] Regime: bear_trend | Kracht: 52% | Bearish trend — ADX=26, EMA stack 
bearish
[SOL/USDT] Regime: bear_trend | Kracht: 74% | Bearish trend — ADX=37, EMA stack 
bearish

──────────────────────────── Cyclus #459 — 09:23:09 ────────────────────────────
Portfolio: $979.06  PnL: -2.09%  DD: 2.2%  Posities: 0  Trades: 39  WR: 
35.5%(51.2%+TP)
⚠ Throttle: 75% — streak=-2
Sentiment: neutraal (-0.21) | F&G: -0.32 | Nieuws: +0.00
[BTC/USDT] Regime: bear_trend | Kracht: 61% | Bearish trend — ADX=30, EMA stack 
bearish
[ETH/USDT] Regime: bear_trend | Kracht: 52% | Bearish trend — ADX=26, EMA stack 
bearish
[SOL/USDT] Regime: bear_trend | Kracht: 74% | Bearish trend — ADX=37, EMA stack 
bearish

──────────────────────────── Cyclus #460 — 09:24:17 ────────────────────────────
Portfolio: $979.06  PnL: -2.09%  DD: 2.2%  Posities: 0  Trades: 39  WR: 
35.5%(51.2%+TP)
⚠ Throttle: 75% — streak=-2
Sentiment: neutraal (-0.21) | F&G: -0.32 | Nieuws: +0.00
[BTC/USDT] Regime: bear_trend | Kracht: 61% | Bearish trend — ADX=30, EMA stack 
bearish
[ETH/USDT] Regime: bear_trend | Kracht: 52% | Bearish trend — ADX=26, EMA stack 
bearish
[SOL/USDT] Regime: bear_trend | Kracht: 74% | Bearish trend — ADX=37, EMA stack 
bearish

──────────────────────────── Cyclus #461 — 09:25:29 ────────────────────────────
Portfolio: $979.06  PnL: -2.09%  DD: 2.2%  Posities: 0  Trades: 39  WR: 
35.5%(51.2%+TP)
⚠ Throttle: 75% — streak=-2
Sentiment: neutraal (-0.21) | F&G: -0.32 | Nieuws: +0.00
[BTC/USDT] Regime: bear_trend | Kracht: 61% | Bearish trend — ADX=30, EMA stack 
bearish
[ETH/USDT] Regime: bear_trend | Kracht: 52% | Bearish trend — ADX=26, EMA stack 
bearish
[SOL/USDT] Regime: bear_trend | Kracht: 74% | Bearish trend — ADX=37, EMA stack 
bearish

──────────────────────────── Cyclus #462 — 09:26:37 ────────────────────────────
Portfolio: $979.06  PnL: -2.09%  DD: 2.2%  Posities: 0  Trades: 39  WR: 
35.5%(51.2%+TP)
⚠ Throttle: 75% — streak=-2
Sentiment: neutraal (-0.21) | F&G: -0.32 | Nieuws: +0.00
[BTC/USDT] Regime: bear_trend | Kracht: 61% | Bearish trend — ADX=30, EMA stack 
bearish
[ETH/USDT] Regime: bear_trend | Kracht: 52% | Bearish trend — ADX=26, EMA stack 
bearish
[SOL/USDT] Regime: bear_trend | Kracht: 74% | Bearish trend — ADX=37, EMA stack 
bearish

──────────────────────────── Cyclus #463 — 09:27:45 ────────────────────────────
Portfolio: $979.06  PnL: -2.09%  DD: 2.2%  Posities: 0  Trades: 39  WR: 
35.5%(51.2%+TP)
⚠ Throttle: 75% — streak=-2
Sentiment: neutraal (-0.21) | F&G: -0.32 | Nieuws: +0.00
[BTC/USDT] Regime: bear_trend | Kracht: 61% | Bearish trend — ADX=30, EMA stack 
bearish
[ETH/USDT] Regime: bear_trend | Kracht: 52% | Bearish trend — ADX=26, EMA stack 
bearish
[SOL/USDT] Regime: bear_trend | Kracht: 74% | Bearish trend — ADX=37, EMA stack 
bearish

──────────────────────────── Cyclus #464 — 09:28:53 ────────────────────────────
Portfolio: $979.06  PnL: -2.09%  DD: 2.2%  Posities: 0  Trades: 39  WR: 
35.5%(51.2%+TP)
⚠ Throttle: 75% — streak=-2
Sentiment: neutraal (-0.21) | F&G: -0.32 | Nieuws: +0.00
[BTC/USDT] Regime: bear_trend | Kracht: 61% | Bearish trend — ADX=30, EMA stack 
bearish
[ETH/USDT] Regime: bear_trend | Kracht: 52% | Bearish trend — ADX=26, EMA stack 
bearish
[SOL/USDT] Regime: bear_trend | Kracht: 74% | Bearish trend — ADX=37, EMA stack 
bearish

──────────────────────────── Cyclus #465 — 09:30:01 ────────────────────────────
Portfolio: $979.06  PnL: -2.09%  DD: 2.2%  Posities: 0  Trades: 39  WR: 
35.5%(51.2%+TP)
⚠ Throttle: 75% — streak=-2
Sentiment: neutraal (-0.21) | F&G: -0.32 | Nieuws: +0.00
[BTC/USDT] Regime: bear_trend | Kracht: 61% | Bearish trend — ADX=30, EMA stack 
bearish
[ETH/USDT] Regime: bear_trend | Kracht: 52% | Bearish trend — ADX=26, EMA stack 
bearish
[SOL/USDT] Regime: bear_trend | Kracht: 74% | Bearish trend — ADX=37, EMA stack 
bearish

──────────────────────────── Cyclus #466 — 09:31:12 ────────────────────────────
Portfolio: $979.06  PnL: -2.09%  DD: 2.2%  Posities: 0  Trades: 39  WR: 
35.5%(51.2%+TP)
⚠ Throttle: 75% — streak=-2
Sentiment: neutraal (-0.21) | F&G: -0.32 | Nieuws: +0.00
[BTC/USDT] Regime: bear_trend | Kracht: 61% | Bearish trend — ADX=30, EMA stack 
bearish
[ETH/USDT] Regime: bear_trend | Kracht: 52% | Bearish trend — ADX=26, EMA stack 
bearish
[SOL/USDT] Regime: bear_trend | Kracht: 74% | Bearish trend — ADX=37, EMA stack 
bearish

──────────────────────────── Cyclus #467 — 09:32:20 ────────────────────────────
Portfolio: $979.06  PnL: -2.09%  DD: 2.2%  Posities: 0  Trades: 39  WR: 
35.5%(51.2%+TP)
⚠ Throttle: 75% — streak=-2
Sentiment: neutraal (-0.21) | F&G: -0.32 | Nieuws: +0.00
[BTC/USDT] Regime: bear_trend | Kracht: 61% | Bearish trend — ADX=30, EMA stack 
bearish
[ETH/USDT] Regime: bear_trend | Kracht: 52% | Bearish trend — ADX=26, EMA stack 
bearish
[SOL/USDT] Regime: bear_trend | Kracht: 74% | Bearish trend — ADX=37, EMA stack 
bearish

──────────────────────────── Cyclus #468 — 09:33:28 ────────────────────────────
Portfolio: $979.06  PnL: -2.09%  DD: 2.2%  Posities: 0  Trades: 39  WR: 
35.5%(51.2%+TP)
⚠ Throttle: 75% — streak=-2
Sentiment: neutraal (-0.21) | F&G: -0.32 | Nieuws: +0.00
[BTC/USDT] Regime: bear_trend | Kracht: 61% | Bearish trend — ADX=30, EMA stack 
bearish
[ETH/USDT] Regime: bear_trend | Kracht: 52% | Bearish trend — ADX=26, EMA stack 
bearish
[SOL/USDT] Regime: bear_trend | Kracht: 74% | Bearish trend — ADX=37, EMA stack 
bearish

──────────────────────────── Cyclus #469 — 09:34:35 ────────────────────────────
Portfolio: $979.06  PnL: -2.09%  DD: 2.2%  Posities: 0  Trades: 39  WR: 
35.5%(51.2%+TP)
⚠ Throttle: 75% — streak=-2
Sentiment: neutraal (-0.21) | F&G: -0.32 | Nieuws: +0.00
[BTC/USDT] Regime: bear_trend | Kracht: 61% | Bearish trend — ADX=30, EMA stack 
bearish
[ETH/USDT] Regime: bear_trend | Kracht: 52% | Bearish trend — ADX=26, EMA stack 
bearish
[SOL/USDT] Regime: bear_trend | Kracht: 74% | Bearish trend — ADX=37, EMA stack 
bearish

──────────────────────────── Cyclus #470 — 09:35:43 ────────────────────────────
Portfolio: $979.06  PnL: -2.09%  DD: 2.2%  Posities: 0  Trades: 39  WR: 
35.5%(51.2%+TP)
⚠ Throttle: 75% — streak=-2
Sentiment: neutraal (-0.21) | F&G: -0.32 | Nieuws: +0.00
[BTC/USDT] Regime: bear_trend | Kracht: 61% | Bearish trend — ADX=30, EMA stack 
bearish
[ETH/USDT] Regime: bear_trend | Kracht: 52% | Bearish trend — ADX=26, EMA stack 
bearish
[SOL/USDT] Regime: bear_trend | Kracht: 74% | Bearish trend — ADX=37, EMA stack 
bearish

──────────────────────────── Cyclus #471 — 09:36:55 ────────────────────────────
Portfolio: $979.06  PnL: -2.09%  DD: 2.2%  Posities: 0  Trades: 39  WR: 
35.5%(51.2%+TP)
⚠ Throttle: 75% — streak=-2
Sentiment: neutraal (-0.21) | F&G: -0.32 | Nieuws: +0.00
[BTC/USDT] Regime: bear_trend | Kracht: 61% | Bearish trend — ADX=30, EMA stack 
bearish
[ETH/USDT] Regime: bear_trend | Kracht: 52% | Bearish trend — ADX=26, EMA stack 
bearish
[SOL/USDT] Regime: bear_trend | Kracht: 74% | Bearish trend — ADX=37, EMA stack 
bearish

──────────────────────────── Cyclus #472 — 09:38:03 ────────────────────────────
Portfolio: $979.06  PnL: -2.09%  DD: 2.2%  Posities: 0  Trades: 39  WR: 
35.5%(51.2%+TP)
⚠ Throttle: 75% — streak=-2
Sentiment: neutraal (-0.21) | F&G: -0.32 | Nieuws: +0.00
[BTC/USDT] Regime: bear_trend | Kracht: 61% | Bearish trend — ADX=30, EMA stack 
bearish
[ETH/USDT] Regime: bear_trend | Kracht: 52% | Bearish trend — ADX=26, EMA stack 
bearish
[SOL/USDT] Regime: bear_trend | Kracht: 74% | Bearish trend — ADX=37, EMA stack 
bearish

──────────────────────────── Cyclus #473 — 09:39:11 ────────────────────────────
Portfolio: $979.06  PnL: -2.09%  DD: 2.2%  Posities: 0  Trades: 39  WR: 
35.5%(51.2%+TP)
⚠ Throttle: 75% — streak=-2
Sentiment: neutraal (-0.21) | F&G: -0.32 | Nieuws: +0.00
[BTC/USDT] Regime: bear_trend | Kracht: 61% | Bearish trend — ADX=30, EMA stack 
bearish
[ETH/USDT] Regime: bear_trend | Kracht: 52% | Bearish trend — ADX=26, EMA stack 
bearish
[SOL/USDT] Regime: bear_trend | Kracht: 74% | Bearish trend — ADX=37, EMA stack 
bearish

──────────────────────────── Cyclus #474 — 09:40:19 ────────────────────────────
Portfolio: $979.06  PnL: -2.09%  DD: 2.2%  Posities: 0  Trades: 39  WR: 
35.5%(51.2%+TP)
⚠ Throttle: 75% — streak=-2
Sentiment: neutraal (-0.21) | F&G: -0.32 | Nieuws: +0.00
[BTC/USDT] Regime: bear_trend | Kracht: 61% | Bearish trend — ADX=30, EMA stack 
bearish
[ETH/USDT] Regime: bear_trend | Kracht: 52% | Bearish trend — ADX=26, EMA stack 
bearish
[SOL/USDT] Regime: bear_trend | Kracht: 74% | Bearish trend — ADX=37, EMA stack 
bearish

──────────────────────────── Cyclus #475 — 09:41:27 ────────────────────────────
Portfolio: $979.06  PnL: -2.09%  DD: 2.2%  Posities: 0  Trades: 39  WR: 
35.5%(51.2%+TP)
⚠ Throttle: 75% — streak=-2
Sentiment: neutraal (-0.21) | F&G: -0.32 | Nieuws: +0.00
[BTC/USDT] Regime: bear_trend | Kracht: 61% | Bearish trend — ADX=30, EMA stack 
bearish
[ETH/USDT] Regime: bear_trend | Kracht: 52% | Bearish trend — ADX=26, EMA stack 
bearish
[SOL/USDT] Regime: bear_trend | Kracht: 74% | Bearish trend — ADX=37, EMA stack 
bearish

──────────────────────────── Cyclus #476 — 09:42:39 ────────────────────────────
Portfolio: $979.06  PnL: -2.09%  DD: 2.2%  Posities: 0  Trades: 39  WR: 
35.5%(51.2%+TP)
⚠ Throttle: 75% — streak=-2
Sentiment: neutraal (-0.21) | F&G: -0.32 | Nieuws: +0.00
[BTC/USDT] Regime: bear_trend | Kracht: 61% | Bearish trend — ADX=30, EMA stack 
bearish
[ETH/USDT] Regime: bear_trend | Kracht: 52% | Bearish trend — ADX=26, EMA stack 
bearish
[SOL/USDT] Regime: bear_trend | Kracht: 74% | Bearish trend — ADX=37, EMA stack 
bearish

──────────────────────────── Cyclus #477 — 09:43:47 ────────────────────────────
Portfolio: $979.06  PnL: -2.09%  DD: 2.2%  Posities: 0  Trades: 39  WR: 
35.5%(51.2%+TP)
⚠ Throttle: 75% — streak=-2
Sentiment: neutraal (-0.21) | F&G: -0.32 | Nieuws: +0.00
[BTC/USDT] Regime: bear_trend | Kracht: 61% | Bearish trend — ADX=30, EMA stack 
bearish
[ETH/USDT] Regime: bear_trend | Kracht: 52% | Bearish trend — ADX=26, EMA stack 
bearish
[SOL/USDT] Regime: bear_trend | Kracht: 74% | Bearish trend — ADX=37, EMA stack 
bearish

──────────────────────────── Cyclus #478 — 09:44:55 ────────────────────────────
Portfolio: $979.06  PnL: -2.09%  DD: 2.2%  Posities: 0  Trades: 39  WR: 
35.5%(51.2%+TP)
⚠ Throttle: 75% — streak=-2
Sentiment: neutraal (-0.21) | F&G: -0.32 | Nieuws: +0.00
[BTC/USDT] Regime: bear_trend | Kracht: 61% | Bearish trend — ADX=30, EMA stack 
bearish
[ETH/USDT] Regime: bear_trend | Kracht: 52% | Bearish trend — ADX=26, EMA stack 
bearish
[SOL/USDT] Regime: bear_trend | Kracht: 74% | Bearish trend — ADX=37, EMA stack 
bearish

──────────────────────────── Cyclus #479 — 09:46:04 ────────────────────────────
Portfolio: $979.06  PnL: -2.09%  DD: 2.2%  Posities: 0  Trades: 39  WR: 
35.5%(51.2%+TP)
⚠ Throttle: 75% — streak=-2
Sentiment: neutraal (-0.21) | F&G: -0.32 | Nieuws: +0.00
[BTC/USDT] Regime: bear_trend | Kracht: 61% | Bearish trend — ADX=30, EMA stack 
bearish
[ETH/USDT] Regime: bear_trend | Kracht: 52% | Bearish trend — ADX=26, EMA stack 
bearish
[SOL/USDT] Regime: bear_trend | Kracht: 74% | Bearish trend — ADX=37, EMA stack 
bearish

──────────────────────────── Cyclus #480 — 09:47:12 ────────────────────────────
Portfolio: $979.06  PnL: -2.09%  DD: 2.2%  Posities: 0  Trades: 39  WR: 
35.5%(51.2%+TP)
⚠ Throttle: 75% — streak=-2
Sentiment: neutraal (-0.21) | F&G: -0.32 | Nieuws: +0.00
[BTC/USDT] Regime: bear_trend | Kracht: 61% | Bearish trend — ADX=30, EMA stack 
bearish
[ETH/USDT] Regime: bear_trend | Kracht: 52% | Bearish trend — ADX=26, EMA stack 
bearish
[SOL/USDT] Regime: bear_trend | Kracht: 74% | Bearish trend — ADX=37, EMA stack 
bearish

──────────────────────────── Cyclus #481 — 09:48:25 ────────────────────────────
Portfolio: $979.06  PnL: -2.09%  DD: 2.2%  Posities: 0  Trades: 39  WR: 
35.5%(51.2%+TP)
⚠ Throttle: 75% — streak=-2
Sentiment: Angst (-0.21) | F&G: -0.32 | Nieuws: +0.00
[BTC/USDT] Regime: bear_trend | Kracht: 61% | Bearish trend — ADX=30, EMA stack 
bearish
[ETH/USDT] Regime: bear_trend | Kracht: 52% | Bearish trend — ADX=26, EMA stack 
bearish
[SOL/USDT] Regime: bear_trend | Kracht: 74% | Bearish trend — ADX=37, EMA stack 
bearish

──────────────────────────── Cyclus #482 — 09:49:33 ────────────────────────────
Portfolio: $979.06  PnL: -2.09%  DD: 2.2%  Posities: 0  Trades: 39  WR: 
35.5%(51.2%+TP)
⚠ Throttle: 75% — streak=-2
Sentiment: Angst (-0.21) | F&G: -0.32 | Nieuws: +0.00
[BTC/USDT] Regime: bear_trend | Kracht: 61% | Bearish trend — ADX=30, EMA stack 
bearish
[ETH/USDT] Regime: bear_trend | Kracht: 52% | Bearish trend — ADX=26, EMA stack 
bearish
[SOL/USDT] Regime: bear_trend | Kracht: 74% | Bearish trend — ADX=37, EMA stack 
bearish

──────────────────────────── Cyclus #483 — 09:50:42 ────────────────────────────
Portfolio: $979.06  PnL: -2.09%  DD: 2.2%  Posities: 0  Trades: 39  WR: 
35.5%(51.2%+TP)
⚠ Throttle: 75% — streak=-2
Sentiment: Angst (-0.21) | F&G: -0.32 | Nieuws: +0.00
[BTC/USDT] Regime: bear_trend | Kracht: 61% | Bearish trend — ADX=30, EMA stack 
bearish
[ETH/USDT] Regime: bear_trend | Kracht: 52% | Bearish trend — ADX=26, EMA stack 
bearish
[SOL/USDT] Regime: bear_trend | Kracht: 74% | Bearish trend — ADX=37, EMA stack 
bearish

──────────────────────────── Cyclus #484 — 09:51:50 ────────────────────────────
Portfolio: $979.06  PnL: -2.09%  DD: 2.2%  Posities: 0  Trades: 39  WR: 
35.5%(51.2%+TP)
⚠ Throttle: 75% — streak=-2
Sentiment: Angst (-0.21) | F&G: -0.32 | Nieuws: +0.00
[BTC/USDT] Regime: bear_trend | Kracht: 61% | Bearish trend — ADX=30, EMA stack 
bearish
[ETH/USDT] Regime: bear_trend | Kracht: 52% | Bearish trend — ADX=26, EMA stack 
bearish
[SOL/USDT] Regime: bear_trend | Kracht: 74% | Bearish trend — ADX=37, EMA stack 
bearish

──────────────────────────── Cyclus #485 — 09:52:57 ────────────────────────────
Portfolio: $979.06  PnL: -2.09%  DD: 2.2%  Posities: 0  Trades: 39  WR: 
35.5%(51.2%+TP)
⚠ Throttle: 75% — streak=-2
Sentiment: Angst (-0.21) | F&G: -0.32 | Nieuws: +0.00
[BTC/USDT] Regime: bear_trend | Kracht: 61% | Bearish trend — ADX=30, EMA stack 
bearish
[ETH/USDT] Regime: bear_trend | Kracht: 52% | Bearish trend — ADX=26, EMA stack 
bearish
[SOL/USDT] Regime: bear_trend | Kracht: 74% | Bearish trend — ADX=37, EMA stack 
bearish

──────────────────────────── Cyclus #486 — 09:54:09 ────────────────────────────
Portfolio: $979.06  PnL: -2.09%  DD: 2.2%  Posities: 0  Trades: 39  WR: 
35.5%(51.2%+TP)
⚠ Throttle: 75% — streak=-2
Sentiment: Angst (-0.21) | F&G: -0.32 | Nieuws: +0.00
[BTC/USDT] Regime: bear_trend | Kracht: 61% | Bearish trend — ADX=30, EMA stack 
bearish
[ETH/USDT] Regime: bear_trend | Kracht: 52% | Bearish trend — ADX=26, EMA stack 
bearish
[SOL/USDT] Regime: bear_trend | Kracht: 74% | Bearish trend — ADX=37, EMA stack 
bearish

──────────────────────────── Cyclus #487 — 09:55:17 ────────────────────────────
Portfolio: $979.06  PnL: -2.09%  DD: 2.2%  Posities: 0  Trades: 39  WR: 
35.5%(51.2%+TP)
⚠ Throttle: 75% — streak=-2
Sentiment: Angst (-0.21) | F&G: -0.32 | Nieuws: +0.00
[BTC/USDT] Regime: bear_trend | Kracht: 61% | Bearish trend — ADX=30, EMA stack 
bearish
[ETH/USDT] Regime: bear_trend | Kracht: 52% | Bearish trend — ADX=26, EMA stack 
bearish
[SOL/USDT] Regime: bear_trend | Kracht: 74% | Bearish trend — ADX=37, EMA stack 
bearish

──────────────────────────── Cyclus #488 — 09:56:25 ────────────────────────────
Portfolio: $979.06  PnL: -2.09%  DD: 2.2%  Posities: 0  Trades: 39  WR: 
35.5%(51.2%+TP)
⚠ Throttle: 75% — streak=-2
Sentiment: Angst (-0.21) | F&G: -0.32 | Nieuws: +0.00
[BTC/USDT] Regime: bear_trend | Kracht: 61% | Bearish trend — ADX=30, EMA stack 
bearish
[ETH/USDT] Regime: bear_trend | Kracht: 52% | Bearish trend — ADX=26, EMA stack 
bearish
[SOL/USDT] Regime: bear_trend | Kracht: 74% | Bearish trend — ADX=37, EMA stack 
bearish

──────────────────────────── Cyclus #489 — 09:57:34 ────────────────────────────
Portfolio: $979.06  PnL: -2.09%  DD: 2.2%  Posities: 0  Trades: 39  WR: 
35.5%(51.2%+TP)
⚠ Throttle: 75% — streak=-2
Sentiment: Angst (-0.21) | F&G: -0.32 | Nieuws: +0.00
[BTC/USDT] Regime: bear_trend | Kracht: 61% | Bearish trend — ADX=30, EMA stack 
bearish
[ETH/USDT] Regime: bear_trend | Kracht: 52% | Bearish trend — ADX=26, EMA stack 
bearish
[SOL/USDT] Regime: bear_trend | Kracht: 74% | Bearish trend — ADX=37, EMA stack 
bearish

──────────────────────────── Cyclus #490 — 09:58:42 ────────────────────────────
Portfolio: $979.06  PnL: -2.09%  DD: 2.2%  Posities: 0  Trades: 39  WR: 
35.5%(51.2%+TP)
⚠ Throttle: 75% — streak=-2
Sentiment: Angst (-0.21) | F&G: -0.32 | Nieuws: +0.00
[BTC/USDT] Regime: bear_trend | Kracht: 61% | Bearish trend — ADX=30, EMA stack 
bearish
[ETH/USDT] Regime: bear_trend | Kracht: 52% | Bearish trend — ADX=26, EMA stack 
bearish
[SOL/USDT] Regime: bear_trend | Kracht: 74% | Bearish trend — ADX=37, EMA stack 
bearish

──────────────────────────── Cyclus #491 — 09:59:54 ────────────────────────────
Portfolio: $979.06  PnL: -2.09%  DD: 2.2%  Posities: 0  Trades: 39  WR: 
35.5%(51.2%+TP)
⚠ Throttle: 75% — streak=-2
Sentiment: neutraal (-0.21) | F&G: -0.32 | Nieuws: +0.00
[BTC/USDT] Regime: bear_trend | Kracht: 61% | Bearish trend — ADX=30, EMA stack 
bearish
[ETH/USDT] Regime: bear_trend | Kracht: 52% | Bearish trend — ADX=26, EMA stack 
bearish
[SOL/USDT] Regime: bear_trend | Kracht: 74% | Bearish trend — ADX=37, EMA stack 
bearish

──────────────────────────── Cyclus #492 — 10:01:02 ────────────────────────────
Portfolio: $979.06  PnL: -2.09%  DD: 2.2%  Posities: 0  Trades: 39  WR: 
35.5%(51.2%+TP)
⚠ Throttle: 75% — streak=-2
Sentiment: neutraal (-0.21) | F&G: -0.32 | Nieuws: +0.00
[BTC/USDT] Regime: bear_trend | Kracht: 59% | Bearish trend — ADX=29, EMA stack 
bearish
[ETH/USDT] Regime: bear_trend | Kracht: 52% | Bearish trend — ADX=26, EMA stack 
bearish
[SOL/USDT] Regime: bear_trend | Kracht: 74% | Bearish trend — ADX=37, EMA stack 
bearish

──────────────────────────── Cyclus #493 — 10:02:10 ────────────────────────────
Portfolio: $979.06  PnL: -2.09%  DD: 2.2%  Posities: 0  Trades: 39  WR: 
35.5%(51.2%+TP)
⚠ Throttle: 75% — streak=-2
Sentiment: neutraal (-0.21) | F&G: -0.32 | Nieuws: +0.00
[BTC/USDT] Regime: bear_trend | Kracht: 59% | Bearish trend — ADX=29, EMA stack 
bearish
[ETH/USDT] Regime: bear_trend | Kracht: 52% | Bearish trend — ADX=26, EMA stack 
bearish
[SOL/USDT] Regime: bear_trend | Kracht: 74% | Bearish trend — ADX=37, EMA stack 
bearish

──────────────────────────── Cyclus #494 — 10:03:18 ────────────────────────────
Portfolio: $979.06  PnL: -2.09%  DD: 2.2%  Posities: 0  Trades: 39  WR: 
35.5%(51.2%+TP)
⚠ Throttle: 75% — streak=-2
Sentiment: neutraal (-0.21) | F&G: -0.32 | Nieuws: +0.00
[BTC/USDT] Regime: bear_trend | Kracht: 59% | Bearish trend — ADX=29, EMA stack 
bearish
[ETH/USDT] Regime: accumulation | Kracht: 53% | Bollinger squeeze — grote move 
verwacht
[SOL/USDT] Regime: accumulation | Kracht: 53% | Bollinger squeeze — grote move 
verwacht

──────────────────────────── Cyclus #495 — 10:04:26 ────────────────────────────
Portfolio: $979.06  PnL: -2.09%  DD: 2.2%  Posities: 0  Trades: 39  WR: 
35.5%(51.2%+TP)
⚠ Throttle: 75% — streak=-2
Sentiment: neutraal (-0.21) | F&G: -0.32 | Nieuws: +0.00
[BTC/USDT] Regime: bear_trend | Kracht: 59% | Bearish trend — ADX=29, EMA stack 
bearish
[ETH/USDT] Regime: accumulation | Kracht: 53% | Bollinger squeeze — grote move 
verwacht
[SOL/USDT] Regime: accumulation | Kracht: 53% | Bollinger squeeze — grote move 
verwacht

──────────────────────────── Cyclus #496 — 10:05:37 ────────────────────────────
Portfolio: $979.06  PnL: -2.09%  DD: 2.2%  Posities: 0  Trades: 39  WR: 
35.5%(51.2%+TP)
⚠ Throttle: 75% — streak=-2
Sentiment: neutraal (-0.21) | F&G: -0.32 | Nieuws: +0.00
[BTC/USDT] Regime: bear_trend | Kracht: 59% | Bearish trend — ADX=30, EMA stack 
bearish
[ETH/USDT] Regime: accumulation | Kracht: 53% | Bollinger squeeze — grote move 
verwacht
[SOL/USDT] Regime: accumulation | Kracht: 53% | Bollinger squeeze — grote move 
verwacht

──────────────────────────── Cyclus #497 — 10:06:45 ────────────────────────────
Portfolio: $979.06  PnL: -2.09%  DD: 2.2%  Posities: 0  Trades: 39  WR: 
35.5%(51.2%+TP)
⚠ Throttle: 75% — streak=-2
Sentiment: neutraal (-0.21) | F&G: -0.32 | Nieuws: +0.00
[BTC/USDT] Regime: bear_trend | Kracht: 59% | Bearish trend — ADX=30, EMA stack 
bearish
[ETH/USDT] Regime: accumulation | Kracht: 53% | Bollinger squeeze — grote move 
verwacht
[SOL/USDT] Regime: accumulation | Kracht: 53% | Bollinger squeeze — grote move 
verwacht

──────────────────────────── Cyclus #498 — 10:07:53 ────────────────────────────
Portfolio: $979.06  PnL: -2.09%  DD: 2.2%  Posities: 0  Trades: 39  WR: 
35.5%(51.2%+TP)
⚠ Throttle: 75% — streak=-2
Sentiment: neutraal (-0.21) | F&G: -0.32 | Nieuws: +0.00
[BTC/USDT] Regime: bear_trend | Kracht: 59% | Bearish trend — ADX=30, EMA stack 
bearish
[ETH/USDT] Regime: accumulation | Kracht: 53% | Bollinger squeeze — grote move 
verwacht
[SOL/USDT] Regime: accumulation | Kracht: 53% | Bollinger squeeze — grote move 
verwacht

──────────────────────────── Cyclus #499 — 10:09:01 ────────────────────────────
Portfolio: $979.06  PnL: -2.09%  DD: 2.2%  Posities: 0  Trades: 39  WR: 
35.5%(51.2%+TP)
⚠ Throttle: 75% — streak=-2
Sentiment: neutraal (-0.21) | F&G: -0.32 | Nieuws: +0.00
[BTC/USDT] Regime: bear_trend | Kracht: 59% | Bearish trend — ADX=30, EMA stack 
bearish
[ETH/USDT] Regime: accumulation | Kracht: 52% | Bollinger squeeze — grote move 
verwacht
[SOL/USDT] Regime: accumulation | Kracht: 53% | Bollinger squeeze — grote move 
verwacht

──────────────────────────── Cyclus #500 — 10:10:10 ────────────────────────────
Portfolio: $979.06  PnL: -2.09%  DD: 2.2%  Posities: 0  Trades: 39  WR: 
35.5%(51.2%+TP)
⚠ Throttle: 75% — streak=-2
Sentiment: neutraal (-0.21) | F&G: -0.32 | Nieuws: +0.00
[BTC/USDT] Regime: bear_trend | Kracht: 59% | Bearish trend — ADX=30, EMA stack 
bearish
[ETH/USDT] Regime: accumulation | Kracht: 52% | Bollinger squeeze — grote move 
verwacht
[SOL/USDT] Regime: accumulation | Kracht: 53% | Bollinger squeeze — grote move 
verwacht

──────────────────────────── Cyclus #501 — 10:11:21 ────────────────────────────
Portfolio: $979.06  PnL: -2.09%  DD: 2.2%  Posities: 0  Trades: 39  WR: 
35.5%(51.2%+TP)
⚠ Throttle: 75% — streak=-2
Sentiment: neutraal (-0.21) | F&G: -0.32 | Nieuws: +0.00
[BTC/USDT] Regime: bear_trend | Kracht: 59% | Bearish trend — ADX=30, EMA stack 
bearish
[ETH/USDT] Regime: accumulation | Kracht: 51% | Bollinger squeeze — grote move 
verwacht
[SOL/USDT] Regime: accumulation | Kracht: 53% | Bollinger squeeze — grote move 
verwacht

──────────────────────────── Cyclus #502 — 10:12:30 ────────────────────────────
Portfolio: $979.06  PnL: -2.09%  DD: 2.2%  Posities: 0  Trades: 39  WR: 
35.5%(51.2%+TP)
⚠ Throttle: 75% — streak=-2
Sentiment: neutraal (-0.21) | F&G: -0.32 | Nieuws: +0.00
[BTC/USDT] Regime: bear_trend | Kracht: 59% | Bearish trend — ADX=30, EMA stack 
bearish
[ETH/USDT] Regime: accumulation | Kracht: 52% | Bollinger squeeze — grote move 
verwacht
[SOL/USDT] Regime: accumulation | Kracht: 53% | Bollinger squeeze — grote move 
verwacht

──────────────────────────── Cyclus #503 — 10:13:38 ────────────────────────────
Portfolio: $979.06  PnL: -2.09%  DD: 2.2%  Posities: 0  Trades: 39  WR: 
35.5%(51.2%+TP)
⚠ Throttle: 75% — streak=-2
Sentiment: neutraal (-0.21) | F&G: -0.32 | Nieuws: +0.00
[BTC/USDT] Regime: bear_trend | Kracht: 59% | Bearish trend — ADX=30, EMA stack 
bearish
[ETH/USDT] Regime: accumulation | Kracht: 52% | Bollinger squeeze — grote move 
verwacht
[SOL/USDT] Regime: accumulation | Kracht: 53% | Bollinger squeeze — grote move 
verwacht

──────────────────────────── Cyclus #504 — 10:14:46 ────────────────────────────
Portfolio: $979.06  PnL: -2.09%  DD: 2.2%  Posities: 0  Trades: 39  WR: 
35.5%(51.2%+TP)
⚠ Throttle: 75% — streak=-2
Sentiment: neutraal (-0.21) | F&G: -0.32 | Nieuws: +0.00
[BTC/USDT] Regime: bear_trend | Kracht: 59% | Bearish trend — ADX=30, EMA stack 
bearish
[ETH/USDT] Regime: accumulation | Kracht: 52% | Bollinger squeeze — grote move 
verwacht
[SOL/USDT] Regime: accumulation | Kracht: 53% | Bollinger squeeze — grote move 
verwacht

──────────────────────────── Cyclus #505 — 10:15:54 ────────────────────────────
Portfolio: $979.06  PnL: -2.09%  DD: 2.2%  Posities: 0  Trades: 39  WR: 
35.5%(51.2%+TP)
⚠ Throttle: 75% — streak=-2
Sentiment: neutraal (-0.21) | F&G: -0.32 | Nieuws: +0.00
[BTC/USDT] Regime: bear_trend | Kracht: 59% | Bearish trend — ADX=30, EMA stack 
bearish
[ETH/USDT] Regime: accumulation | Kracht: 51% | Bollinger squeeze — grote move 
verwacht
[SOL/USDT] Regime: accumulation | Kracht: 53% | Bollinger squeeze — grote move 
verwacht

──────────────────────────── Cyclus #506 — 10:17:05 ────────────────────────────
Portfolio: $979.06  PnL: -2.09%  DD: 2.2%  Posities: 0  Trades: 39  WR: 
35.5%(51.2%+TP)
⚠ Throttle: 75% — streak=-2
Sentiment: neutraal (-0.21) | F&G: -0.32 | Nieuws: +0.00
[BTC/USDT] Regime: bear_trend | Kracht: 59% | Bearish trend — ADX=30, EMA stack 
bearish
[ETH/USDT] Regime: accumulation | Kracht: 51% | Bollinger squeeze — grote move 
verwacht
[SOL/USDT] Regime: accumulation | Kracht: 53% | Bollinger squeeze — grote move 
verwacht

──────────────────────────── Cyclus #507 — 10:18:13 ────────────────────────────
Portfolio: $979.06  PnL: -2.09%  DD: 2.2%  Posities: 0  Trades: 39  WR: 
35.5%(51.2%+TP)
⚠ Throttle: 75% — streak=-2
Sentiment: neutraal (-0.21) | F&G: -0.32 | Nieuws: +0.00
[BTC/USDT] Regime: bear_trend | Kracht: 59% | Bearish trend — ADX=30, EMA stack 
bearish
[ETH/USDT] Regime: accumulation | Kracht: 52% | Bollinger squeeze — grote move 
verwacht
[SOL/USDT] Regime: accumulation | Kracht: 53% | Bollinger squeeze — grote move 
verwacht

──────────────────────────── Cyclus #508 — 10:19:21 ────────────────────────────
Portfolio: $979.06  PnL: -2.09%  DD: 2.2%  Posities: 0  Trades: 39  WR: 
35.5%(51.2%+TP)
⚠ Throttle: 75% — streak=-2
Sentiment: neutraal (-0.21) | F&G: -0.32 | Nieuws: +0.00
[BTC/USDT] Regime: bear_trend | Kracht: 59% | Bearish trend — ADX=30, EMA stack 
bearish
[ETH/USDT] Regime: accumulation | Kracht: 52% | Bollinger squeeze — grote move 
verwacht
[SOL/USDT] Regime: accumulation | Kracht: 53% | Bollinger squeeze — grote move 
verwacht

──────────────────────────── Cyclus #509 — 10:20:29 ────────────────────────────
Portfolio: $979.06  PnL: -2.09%  DD: 2.2%  Posities: 0  Trades: 39  WR: 
35.5%(51.2%+TP)
⚠ Throttle: 75% — streak=-2
Sentiment: neutraal (-0.21) | F&G: -0.32 | Nieuws: +0.00
[BTC/USDT] Regime: bear_trend | Kracht: 59% | Bearish trend — ADX=30, EMA stack 
bearish
[ETH/USDT] Regime: accumulation | Kracht: 52% | Bollinger squeeze — grote move 
verwacht
[SOL/USDT] Regime: accumulation | Kracht: 53% | Bollinger squeeze — grote move 
verwacht

──────────────────────────── Cyclus #510 — 10:21:37 ────────────────────────────
Portfolio: $979.06  PnL: -2.09%  DD: 2.2%  Posities: 0  Trades: 39  WR: 
35.5%(51.2%+TP)
⚠ Throttle: 75% — streak=-2
Sentiment: neutraal (-0.21) | F&G: -0.32 | Nieuws: +0.00
[BTC/USDT] Regime: bear_trend | Kracht: 59% | Bearish trend — ADX=30, EMA stack 
bearish
[ETH/USDT] Regime: accumulation | Kracht: 52% | Bollinger squeeze — grote move 
verwacht
[SOL/USDT] Regime: accumulation | Kracht: 53% | Bollinger squeeze — grote move 
verwacht

──────────────────────────── Cyclus #511 — 10:22:50 ────────────────────────────
Portfolio: $979.06  PnL: -2.09%  DD: 2.2%  Posities: 0  Trades: 39  WR: 
35.5%(51.2%+TP)
⚠ Throttle: 75% — streak=-2
Sentiment: neutraal (-0.21) | F&G: -0.32 | Nieuws: +0.00
[BTC/USDT] Regime: bear_trend | Kracht: 59% | Bearish trend — ADX=30, EMA stack 
bearish
[ETH/USDT] Regime: accumulation | Kracht: 52% | Bollinger squeeze — grote move 
verwacht
[SOL/USDT] Regime: accumulation | Kracht: 53% | Bollinger squeeze — grote move 
verwacht

──────────────────────────── Cyclus #512 — 10:23:58 ────────────────────────────
Portfolio: $979.06  PnL: -2.09%  DD: 2.2%  Posities: 0  Trades: 39  WR: 
35.5%(51.2%+TP)
⚠ Throttle: 75% — streak=-2
Sentiment: neutraal (-0.21) | F&G: -0.32 | Nieuws: +0.00
[BTC/USDT] Regime: bear_trend | Kracht: 59% | Bearish trend — ADX=30, EMA stack 
bearish
[ETH/USDT] Regime: accumulation | Kracht: 52% | Bollinger squeeze — grote move 
verwacht
[SOL/USDT] Regime: accumulation | Kracht: 53% | Bollinger squeeze — grote move 
verwacht

──────────────────────────── Cyclus #513 — 10:25:08 ────────────────────────────
Portfolio: $979.06  PnL: -2.09%  DD: 2.2%  Posities: 0  Trades: 39  WR: 
35.5%(51.2%+TP)
⚠ Throttle: 75% — streak=-2
Sentiment: neutraal (-0.21) | F&G: -0.32 | Nieuws: +0.00
[BTC/USDT] Regime: bear_trend | Kracht: 59% | Bearish trend — ADX=30, EMA stack 
bearish
[ETH/USDT] Regime: accumulation | Kracht: 52% | Bollinger squeeze — grote move 
verwacht
[SOL/USDT] Regime: accumulation | Kracht: 53% | Bollinger squeeze — grote move 
verwacht

──────────────────────────── Cyclus #514 — 10:26:16 ────────────────────────────
Portfolio: $979.06  PnL: -2.09%  DD: 2.2%  Posities: 0  Trades: 39  WR: 
35.5%(51.2%+TP)
⚠ Throttle: 75% — streak=-2
Sentiment: neutraal (-0.21) | F&G: -0.32 | Nieuws: +0.00
[BTC/USDT] Regime: bear_trend | Kracht: 59% | Bearish trend — ADX=30, EMA stack 
bearish
[ETH/USDT] Regime: accumulation | Kracht: 52% | Bollinger squeeze — grote move 
verwacht
[SOL/USDT] Regime: accumulation | Kracht: 53% | Bollinger squeeze — grote move 
verwacht

──────────────────────────── Cyclus #515 — 10:27:24 ────────────────────────────
Portfolio: $979.06  PnL: -2.09%  DD: 2.2%  Posities: 0  Trades: 39  WR: 
35.5%(51.2%+TP)
⚠ Throttle: 75% — streak=-2
Sentiment: neutraal (-0.21) | F&G: -0.32 | Nieuws: +0.00
[BTC/USDT] Regime: bear_trend | Kracht: 59% | Bearish trend — ADX=30, EMA stack 
bearish
[ETH/USDT] Regime: accumulation | Kracht: 52% | Bollinger squeeze — grote move 
verwacht
[SOL/USDT] Regime: accumulation | Kracht: 53% | Bollinger squeeze — grote move 
verwacht

──────────────────────────── Cyclus #516 — 10:28:35 ────────────────────────────
Portfolio: $979.06  PnL: -2.09%  DD: 2.2%  Posities: 0  Trades: 39  WR: 
35.5%(51.2%+TP)
⚠ Throttle: 75% — streak=-2
Sentiment: neutraal (-0.21) | F&G: -0.32 | Nieuws: +0.00
[BTC/USDT] Regime: bear_trend | Kracht: 59% | Bearish trend — ADX=30, EMA stack 
bearish
[ETH/USDT] Regime: accumulation | Kracht: 52% | Bollinger squeeze — grote move 
verwacht
[SOL/USDT] Regime: accumulation | Kracht: 53% | Bollinger squeeze — grote move 
verwacht

──────────────────────────── Cyclus #517 — 10:29:43 ────────────────────────────
Portfolio: $979.06  PnL: -2.09%  DD: 2.2%  Posities: 0  Trades: 39  WR: 
35.5%(51.2%+TP)
⚠ Throttle: 75% — streak=-2
Sentiment: neutraal (-0.21) | F&G: -0.32 | Nieuws: +0.00
[BTC/USDT] Regime: bear_trend | Kracht: 59% | Bearish trend — ADX=30, EMA stack 
bearish
[ETH/USDT] Regime: accumulation | Kracht: 52% | Bollinger squeeze — grote move 
verwacht
[SOL/USDT] Regime: accumulation | Kracht: 53% | Bollinger squeeze — grote move 
verwacht

──────────────────────────── Cyclus #518 — 10:30:51 ────────────────────────────
Portfolio: $979.06  PnL: -2.09%  DD: 2.2%  Posities: 0  Trades: 39  WR: 
35.5%(51.2%+TP)
⚠ Throttle: 75% — streak=-2
Sentiment: neutraal (-0.21) | F&G: -0.32 | Nieuws: +0.00
[BTC/USDT] Regime: bear_trend | Kracht: 59% | Bearish trend — ADX=30, EMA stack 
bearish
[ETH/USDT] Regime: accumulation | Kracht: 52% | Bollinger squeeze — grote move 
verwacht
[SOL/USDT] Regime: accumulation | Kracht: 53% | Bollinger squeeze — grote move 
verwacht

──────────────────────────── Cyclus #519 — 10:31:59 ────────────────────────────
Portfolio: $979.06  PnL: -2.09%  DD: 2.2%  Posities: 0  Trades: 39  WR: 
35.5%(51.2%+TP)
⚠ Throttle: 75% — streak=-2
Sentiment: neutraal (-0.21) | F&G: -0.32 | Nieuws: +0.00
[BTC/USDT] Regime: bear_trend | Kracht: 59% | Bearish trend — ADX=30, EMA stack 
bearish
[ETH/USDT] Regime: accumulation | Kracht: 52% | Bollinger squeeze — grote move 
verwacht
[SOL/USDT] Regime: accumulation | Kracht: 53% | Bollinger squeeze — grote move 
verwacht

──────────────────────────── Cyclus #520 — 10:33:07 ────────────────────────────
Portfolio: $979.06  PnL: -2.09%  DD: 2.2%  Posities: 0  Trades: 39  WR: 
35.5%(51.2%+TP)
⚠ Throttle: 75% — streak=-2
Sentiment: neutraal (-0.21) | F&G: -0.32 | Nieuws: +0.00
[BTC/USDT] Regime: bear_trend | Kracht: 59% | Bearish trend — ADX=30, EMA stack 
bearish
[ETH/USDT] Regime: accumulation | Kracht: 52% | Bollinger squeeze — grote move 
verwacht
[SOL/USDT] Regime: accumulation | Kracht: 53% | Bollinger squeeze — grote move 
verwacht

──────────────────────────── Cyclus #521 — 10:34:20 ────────────────────────────
Portfolio: $979.06  PnL: -2.09%  DD: 2.2%  Posities: 0  Trades: 39  WR: 
35.5%(51.2%+TP)
⚠ Throttle: 75% — streak=-2
Sentiment: neutraal (-0.21) | F&G: -0.32 | Nieuws: +0.00
[BTC/USDT] Regime: bear_trend | Kracht: 59% | Bearish trend — ADX=30, EMA stack 
bearish
[ETH/USDT] Regime: accumulation | Kracht: 51% | Bollinger squeeze — grote move 
verwacht
[SOL/USDT] Regime: accumulation | Kracht: 53% | Bollinger squeeze — grote move 
verwacht

──────────────────────────── Cyclus #522 — 10:35:28 ────────────────────────────
Portfolio: $979.06  PnL: -2.09%  DD: 2.2%  Posities: 0  Trades: 39  WR: 
35.5%(51.2%+TP)
⚠ Throttle: 75% — streak=-2
Sentiment: neutraal (-0.21) | F&G: -0.32 | Nieuws: +0.00
[BTC/USDT] Regime: bear_trend | Kracht: 59% | Bearish trend — ADX=30, EMA stack 
bearish
[ETH/USDT] Regime: accumulation | Kracht: 51% | Bollinger squeeze — grote move 
verwacht
[SOL/USDT] Regime: accumulation | Kracht: 53% | Bollinger squeeze — grote move 
verwacht

──────────────────────────── Cyclus #523 — 10:36:36 ────────────────────────────
Portfolio: $979.06  PnL: -2.09%  DD: 2.2%  Posities: 0  Trades: 39  WR: 
35.5%(51.2%+TP)
⚠ Throttle: 75% — streak=-2
Sentiment: neutraal (-0.21) | F&G: -0.32 | Nieuws: +0.00
[BTC/USDT] Regime: bear_trend | Kracht: 59% | Bearish trend — ADX=30, EMA stack 
bearish
[ETH/USDT] Regime: accumulation | Kracht: 51% | Bollinger squeeze — grote move 
verwacht
[SOL/USDT] Regime: accumulation | Kracht: 53% | Bollinger squeeze — grote move 
verwacht

──────────────────────────── Cyclus #524 — 10:37:43 ────────────────────────────
Portfolio: $979.06  PnL: -2.09%  DD: 2.2%  Posities: 0  Trades: 39  WR: 
35.5%(51.2%+TP)
⚠ Throttle: 75% — streak=-2
Sentiment: neutraal (-0.21) | F&G: -0.32 | Nieuws: +0.00
[BTC/USDT] Regime: bear_trend | Kracht: 59% | Bearish trend — ADX=30, EMA stack 
bearish
[ETH/USDT] Regime: accumulation | Kracht: 51% | Bollinger squeeze — grote move 
verwacht
[SOL/USDT] Regime: accumulation | Kracht: 53% | Bollinger squeeze — grote move 
verwacht

──────────────────────────── Cyclus #525 — 10:38:51 ────────────────────────────
Portfolio: $979.06  PnL: -2.09%  DD: 2.2%  Posities: 0  Trades: 39  WR: 
35.5%(51.2%+TP)
⚠ Throttle: 75% — streak=-2
Sentiment: neutraal (-0.21) | F&G: -0.32 | Nieuws: +0.00
[BTC/USDT] Regime: bear_trend | Kracht: 59% | Bearish trend — ADX=30, EMA stack 
bearish
[ETH/USDT] Regime: accumulation | Kracht: 51% | Bollinger squeeze — grote move 
verwacht
[SOL/USDT] Regime: accumulation | Kracht: 53% | Bollinger squeeze — grote move 
verwacht

──────────────────────────── Cyclus #526 — 10:40:04 ────────────────────────────
Portfolio: $979.06  PnL: -2.09%  DD: 2.2%  Posities: 0  Trades: 39  WR: 
35.5%(51.2%+TP)
⚠ Throttle: 75% — streak=-2
Sentiment: neutraal (-0.21) | F&G: -0.32 | Nieuws: +0.00
[BTC/USDT] Regime: bear_trend | Kracht: 59% | Bearish trend — ADX=30, EMA stack 
bearish
[ETH/USDT] Regime: accumulation | Kracht: 51% | Bollinger squeeze — grote move 
verwacht
[SOL/USDT] Regime: accumulation | Kracht: 53% | Bollinger squeeze — grote move 
verwacht

──────────────────────────── Cyclus #527 — 10:41:12 ────────────────────────────
Portfolio: $979.06  PnL: -2.09%  DD: 2.2%  Posities: 0  Trades: 39  WR: 
35.5%(51.2%+TP)
⚠ Throttle: 75% — streak=-2
Sentiment: neutraal (-0.21) | F&G: -0.32 | Nieuws: +0.00
[BTC/USDT] Regime: bear_trend | Kracht: 59% | Bearish trend — ADX=30, EMA stack 
bearish
[ETH/USDT] Regime: accumulation | Kracht: 51% | Bollinger squeeze — grote move 
verwacht
[SOL/USDT] Regime: accumulation | Kracht: 53% | Bollinger squeeze — grote move 
verwacht

──────────────────────────── Cyclus #528 — 10:42:20 ────────────────────────────
Portfolio: $979.06  PnL: -2.09%  DD: 2.2%  Posities: 0  Trades: 39  WR: 
35.5%(51.2%+TP)
⚠ Throttle: 75% — streak=-2
Sentiment: neutraal (-0.21) | F&G: -0.32 | Nieuws: +0.00
[BTC/USDT] Regime: bear_trend | Kracht: 59% | Bearish trend — ADX=30, EMA stack 
bearish
[ETH/USDT] Regime: accumulation | Kracht: 51% | Bollinger squeeze — grote move 
verwacht
[SOL/USDT] Regime: accumulation | Kracht: 53% | Bollinger squeeze — grote move 
verwacht

──────────────────────────── Cyclus #529 — 10:43:28 ────────────────────────────
Portfolio: $979.06  PnL: -2.09%  DD: 2.2%  Posities: 0  Trades: 39  WR: 
35.5%(51.2%+TP)
⚠ Throttle: 75% — streak=-2
Sentiment: neutraal (-0.21) | F&G: -0.32 | Nieuws: +0.00
[BTC/USDT] Regime: bear_trend | Kracht: 59% | Bearish trend — ADX=30, EMA stack 
bearish
[ETH/USDT] Regime: accumulation | Kracht: 51% | Bollinger squeeze — grote move 
verwacht
[SOL/USDT] Regime: accumulation | Kracht: 53% | Bollinger squeeze — grote move 
verwacht

──────────────────────────── Cyclus #530 — 10:44:36 ────────────────────────────
Portfolio: $979.06  PnL: -2.09%  DD: 2.2%  Posities: 0  Trades: 39  WR: 
35.5%(51.2%+TP)
⚠ Throttle: 75% — streak=-2
Sentiment: neutraal (-0.21) | F&G: -0.32 | Nieuws: +0.00
[BTC/USDT] Regime: bear_trend | Kracht: 59% | Bearish trend — ADX=30, EMA stack 
bearish
[ETH/USDT] Regime: accumulation | Kracht: 51% | Bollinger squeeze — grote move 
verwacht
[SOL/USDT] Regime: accumulation | Kracht: 53% | Bollinger squeeze — grote move 
verwacht

──────────────────────────── Cyclus #531 — 10:45:48 ────────────────────────────
Portfolio: $979.06  PnL: -2.09%  DD: 2.2%  Posities: 0  Trades: 39  WR: 
35.5%(51.2%+TP)
⚠ Throttle: 75% — streak=-2
Sentiment: neutraal (-0.21) | F&G: -0.32 | Nieuws: +0.00
[BTC/USDT] Regime: bear_trend | Kracht: 59% | Bearish trend — ADX=30, EMA stack 
bearish
[ETH/USDT] Regime: accumulation | Kracht: 52% | Bollinger squeeze — grote move 
verwacht
[SOL/USDT] Regime: accumulation | Kracht: 53% | Bollinger squeeze — grote move 
verwacht

──────────────────────────── Cyclus #532 — 10:46:56 ────────────────────────────
Portfolio: $979.06  PnL: -2.09%  DD: 2.2%  Posities: 0  Trades: 39  WR: 
35.5%(51.2%+TP)
⚠ Throttle: 75% — streak=-2
Sentiment: neutraal (-0.21) | F&G: -0.32 | Nieuws: +0.00
[BTC/USDT] Regime: bear_trend | Kracht: 59% | Bearish trend — ADX=30, EMA stack 
bearish
[ETH/USDT] Regime: accumulation | Kracht: 52% | Bollinger squeeze — grote move 
verwacht
[SOL/USDT] Regime: accumulation | Kracht: 53% | Bollinger squeeze — grote move 
verwacht

──────────────────────────── Cyclus #533 — 10:48:03 ────────────────────────────
Portfolio: $979.06  PnL: -2.09%  DD: 2.2%  Posities: 0  Trades: 39  WR: 
35.5%(51.2%+TP)
⚠ Throttle: 75% — streak=-2
Sentiment: neutraal (-0.21) | F&G: -0.32 | Nieuws: +0.00
[BTC/USDT] Regime: bear_trend | Kracht: 59% | Bearish trend — ADX=30, EMA stack 
bearish
[ETH/USDT] Regime: accumulation | Kracht: 52% | Bollinger squeeze — grote move 
verwacht
[SOL/USDT] Regime: accumulation | Kracht: 53% | Bollinger squeeze — grote move 
verwacht

──────────────────────────── Cyclus #534 — 10:49:11 ────────────────────────────
Portfolio: $979.06  PnL: -2.09%  DD: 2.2%  Posities: 0  Trades: 39  WR: 
35.5%(51.2%+TP)
⚠ Throttle: 75% — streak=-2
Sentiment: neutraal (-0.21) | F&G: -0.32 | Nieuws: +0.00
[BTC/USDT] Regime: bear_trend | Kracht: 59% | Bearish trend — ADX=30, EMA stack 
bearish
[ETH/USDT] Regime: accumulation | Kracht: 52% | Bollinger squeeze — grote move 
verwacht
[SOL/USDT] Regime: accumulation | Kracht: 53% | Bollinger squeeze — grote move 
verwacht

──────────────────────────── Cyclus #535 — 10:50:19 ────────────────────────────
Portfolio: $979.06  PnL: -2.09%  DD: 2.2%  Posities: 0  Trades: 39  WR: 
35.5%(51.2%+TP)
⚠ Throttle: 75% — streak=-2
Sentiment: neutraal (-0.21) | F&G: -0.32 | Nieuws: +0.00
[BTC/USDT] Regime: bear_trend | Kracht: 59% | Bearish trend — ADX=30, EMA stack 
bearish
[ETH/USDT] Regime: accumulation | Kracht: 52% | Bollinger squeeze — grote move 
verwacht
[SOL/USDT] Regime: accumulation | Kracht: 53% | Bollinger squeeze — grote move 
verwacht

──────────────────────────── Cyclus #536 — 10:51:30 ────────────────────────────
Portfolio: $979.06  PnL: -2.09%  DD: 2.2%  Posities: 0  Trades: 39  WR: 
35.5%(51.2%+TP)
⚠ Throttle: 75% — streak=-2
Sentiment: neutraal (-0.21) | F&G: -0.32 | Nieuws: +0.00
[BTC/USDT] Regime: bear_trend | Kracht: 59% | Bearish trend — ADX=30, EMA stack 
bearish
[ETH/USDT] Regime: accumulation | Kracht: 52% | Bollinger squeeze — grote move 
verwacht
[SOL/USDT] Regime: accumulation | Kracht: 53% | Bollinger squeeze — grote move 
verwacht

──────────────────────────── Cyclus #537 — 10:52:38 ────────────────────────────
Portfolio: $979.06  PnL: -2.09%  DD: 2.2%  Posities: 0  Trades: 39  WR: 
35.5%(51.2%+TP)
⚠ Throttle: 75% — streak=-2
Sentiment: neutraal (-0.21) | F&G: -0.32 | Nieuws: +0.00
[BTC/USDT] Regime: bear_trend | Kracht: 59% | Bearish trend — ADX=30, EMA stack 
bearish
[ETH/USDT] Regime: accumulation | Kracht: 52% | Bollinger squeeze — grote move 
verwacht
[SOL/USDT] Regime: accumulation | Kracht: 53% | Bollinger squeeze — grote move 
verwacht

──────────────────────────── Cyclus #538 — 10:53:46 ────────────────────────────
Portfolio: $979.06  PnL: -2.09%  DD: 2.2%  Posities: 0  Trades: 39  WR: 
35.5%(51.2%+TP)
⚠ Throttle: 75% — streak=-2
Sentiment: neutraal (-0.21) | F&G: -0.32 | Nieuws: +0.00
[BTC/USDT] Regime: bear_trend | Kracht: 59% | Bearish trend — ADX=30, EMA stack 
bearish
[ETH/USDT] Regime: accumulation | Kracht: 52% | Bollinger squeeze — grote move 
verwacht
[SOL/USDT] Regime: accumulation | Kracht: 53% | Bollinger squeeze — grote move 
verwacht

──────────────────────────── Cyclus #539 — 10:54:54 ────────────────────────────
Portfolio: $979.06  PnL: -2.09%  DD: 2.2%  Posities: 0  Trades: 39  WR: 
35.5%(51.2%+TP)
⚠ Throttle: 75% — streak=-2
Sentiment: neutraal (-0.21) | F&G: -0.32 | Nieuws: +0.00
[BTC/USDT] Regime: bear_trend | Kracht: 59% | Bearish trend — ADX=30, EMA stack 
bearish
[ETH/USDT] Regime: accumulation | Kracht: 52% | Bollinger squeeze — grote move 
verwacht
[SOL/USDT] Regime: accumulation | Kracht: 53% | Bollinger squeeze — grote move 
verwacht

──────────────────────────── Cyclus #540 — 10:56:02 ────────────────────────────
Portfolio: $979.06  PnL: -2.09%  DD: 2.2%  Posities: 0  Trades: 39  WR: 
35.5%(51.2%+TP)
⚠ Throttle: 75% — streak=-2
Sentiment: neutraal (-0.21) | F&G: -0.32 | Nieuws: +0.00
[BTC/USDT] Regime: bear_trend | Kracht: 59% | Bearish trend — ADX=30, EMA stack 
bearish
[ETH/USDT] Regime: accumulation | Kracht: 52% | Bollinger squeeze — grote move 
verwacht
[SOL/USDT] Regime: accumulation | Kracht: 53% | Bollinger squeeze — grote move 
verwacht

──────────────────────────── Cyclus #541 — 10:57:16 ────────────────────────────
Portfolio: $979.06  PnL: -2.09%  DD: 2.2%  Posities: 0  Trades: 39  WR: 
35.5%(51.2%+TP)
⚠ Throttle: 75% — streak=-2
Sentiment: Angst (-0.21) | F&G: -0.32 | Nieuws: +0.00
[BTC/USDT] Regime: bear_trend | Kracht: 59% | Bearish trend — ADX=30, EMA stack 
bearish
[ETH/USDT] Regime: accumulation | Kracht: 52% | Bollinger squeeze — grote move 
verwacht
[SOL/USDT] Regime: accumulation | Kracht: 53% | Bollinger squeeze — grote move 
verwacht

──────────────────────────── Cyclus #542 — 10:58:23 ────────────────────────────
Portfolio: $979.06  PnL: -2.09%  DD: 2.2%  Posities: 0  Trades: 39  WR: 
35.5%(51.2%+TP)
⚠ Throttle: 75% — streak=-2
Sentiment: Angst (-0.21) | F&G: -0.32 | Nieuws: +0.00
[BTC/USDT] Regime: bear_trend | Kracht: 59% | Bearish trend — ADX=30, EMA stack 
bearish
[ETH/USDT] Regime: accumulation | Kracht: 52% | Bollinger squeeze — grote move 
verwacht
[SOL/USDT] Regime: accumulation | Kracht: 53% | Bollinger squeeze — grote move 
verwacht

──────────────────────────── Cyclus #543 — 10:59:33 ────────────────────────────
Portfolio: $979.06  PnL: -2.09%  DD: 2.2%  Posities: 0  Trades: 39  WR: 
35.5%(51.2%+TP)
⚠ Throttle: 75% — streak=-2
Sentiment: Angst (-0.21) | F&G: -0.32 | Nieuws: +0.00
[BTC/USDT] Regime: bear_trend | Kracht: 59% | Bearish trend — ADX=30, EMA stack 
bearish
[ETH/USDT] Regime: accumulation | Kracht: 52% | Bollinger squeeze — grote move 
verwacht
[SOL/USDT] Regime: accumulation | Kracht: 53% | Bollinger squeeze — grote move 
verwacht

──────────────────────────── Cyclus #544 — 11:00:41 ────────────────────────────
Portfolio: $979.06  PnL: -2.09%  DD: 2.2%  Posities: 0  Trades: 39  WR: 
35.5%(51.2%+TP)
⚠ Throttle: 75% — streak=-2
Sentiment: Angst (-0.21) | F&G: -0.32 | Nieuws: +0.00
[BTC/USDT] Regime: bear_trend | Kracht: 58% | Bearish trend — ADX=29, EMA stack 
bearish
[ETH/USDT] Regime: accumulation | Kracht: 51% | Bollinger squeeze — grote move 
verwacht
[SOL/USDT] Regime: accumulation | Kracht: 62% | Bollinger squeeze — grote move 
verwacht

──────────────────────────── Cyclus #545 — 11:01:49 ────────────────────────────
Portfolio: $979.06  PnL: -2.09%  DD: 2.2%  Posities: 0  Trades: 39  WR: 
35.5%(51.2%+TP)
⚠ Throttle: 75% — streak=-2
Sentiment: Angst (-0.21) | F&G: -0.32 | Nieuws: +0.00
[BTC/USDT] Regime: bear_trend | Kracht: 58% | Bearish trend — ADX=29, EMA stack 
bearish
[ETH/USDT] Regime: accumulation | Kracht: 51% | Bollinger squeeze — grote move 
verwacht
[SOL/USDT] Regime: accumulation | Kracht: 62% | Bollinger squeeze — grote move 
verwacht

──────────────────────────── Cyclus #546 — 11:03:01 ────────────────────────────
Portfolio: $979.06  PnL: -2.09%  DD: 2.2%  Posities: 0  Trades: 39  WR: 
35.5%(51.2%+TP)
⚠ Throttle: 75% — streak=-2
Sentiment: Angst (-0.21) | F&G: -0.32 | Nieuws: +0.00
[BTC/USDT] Regime: bear_trend | Kracht: 58% | Bearish trend — ADX=29, EMA stack 
bearish
[ETH/USDT] Regime: accumulation | Kracht: 51% | Bollinger squeeze — grote move 
verwacht
[SOL/USDT] Regime: accumulation | Kracht: 62% | Bollinger squeeze — grote move 
verwacht

──────────────────────────── Cyclus #547 — 11:04:09 ────────────────────────────
Portfolio: $979.06  PnL: -2.09%  DD: 2.2%  Posities: 0  Trades: 39  WR: 
35.5%(51.2%+TP)
⚠ Throttle: 75% — streak=-2
Sentiment: Angst (-0.21) | F&G: -0.32 | Nieuws: +0.00
[BTC/USDT] Regime: bear_trend | Kracht: 58% | Bearish trend — ADX=29, EMA stack 
bearish
[ETH/USDT] Regime: accumulation | Kracht: 51% | Bollinger squeeze — grote move 
verwacht
[SOL/USDT] Regime: accumulation | Kracht: 62% | Bollinger squeeze — grote move 
verwacht

──────────────────────────── Cyclus #548 — 11:05:18 ────────────────────────────
Portfolio: $979.06  PnL: -2.09%  DD: 2.2%  Posities: 0  Trades: 39  WR: 
35.5%(51.2%+TP)
⚠ Throttle: 75% — streak=-2
Sentiment: Angst (-0.21) | F&G: -0.32 | Nieuws: +0.00
[BTC/USDT] Regime: bear_trend | Kracht: 58% | Bearish trend — ADX=29, EMA stack 
bearish
[ETH/USDT] Regime: accumulation | Kracht: 52% | Bollinger squeeze — grote move 
verwacht
[SOL/USDT] Regime: accumulation | Kracht: 62% | Bollinger squeeze — grote move 
verwacht

──────────────────────────── Cyclus #549 — 11:06:26 ────────────────────────────
Portfolio: $979.06  PnL: -2.09%  DD: 2.2%  Posities: 0  Trades: 39  WR: 
35.5%(51.2%+TP)
⚠ Throttle: 75% — streak=-2
Sentiment: Angst (-0.21) | F&G: -0.32 | Nieuws: +0.00
[BTC/USDT] Regime: bear_trend | Kracht: 58% | Bearish trend — ADX=29, EMA stack 
bearish
[ETH/USDT] Regime: accumulation | Kracht: 51% | Bollinger squeeze — grote move 
verwacht
[SOL/USDT] Regime: accumulation | Kracht: 62% | Bollinger squeeze — grote move 
verwacht

──────────────────────────── Cyclus #550 — 11:07:34 ────────────────────────────
Portfolio: $979.06  PnL: -2.09%  DD: 2.2%  Posities: 0  Trades: 39  WR: 
35.5%(51.2%+TP)
⚠ Throttle: 75% — streak=-2
Sentiment: Angst (-0.21) | F&G: -0.32 | Nieuws: +0.00
[BTC/USDT] Regime: bear_trend | Kracht: 58% | Bearish trend — ADX=29, EMA stack 
bearish
[ETH/USDT] Regime: accumulation | Kracht: 51% | Bollinger squeeze — grote move 
verwacht
[SOL/USDT] Regime: accumulation | Kracht: 62% | Bollinger squeeze — grote move 
verwacht

──────────────────────────── Cyclus #551 — 11:08:46 ────────────────────────────
Portfolio: $979.06  PnL: -2.09%  DD: 2.2%  Posities: 0  Trades: 39  WR: 
35.5%(51.2%+TP)
⚠ Throttle: 75% — streak=-2
Sentiment: neutraal (-0.21) | F&G: -0.32 | Nieuws: +0.00
[BTC/USDT] Regime: bear_trend | Kracht: 58% | Bearish trend — ADX=29, EMA stack 
bearish
[ETH/USDT] Regime: accumulation | Kracht: 51% | Bollinger squeeze — grote move 
verwacht
[SOL/USDT] Regime: accumulation | Kracht: 62% | Bollinger squeeze — grote move 
verwacht

──────────────────────────── Cyclus #552 — 11:09:55 ────────────────────────────
Portfolio: $979.06  PnL: -2.09%  DD: 2.2%  Posities: 0  Trades: 39  WR: 
35.5%(51.2%+TP)
⚠ Throttle: 75% — streak=-2
Sentiment: neutraal (-0.21) | F&G: -0.32 | Nieuws: +0.00
[BTC/USDT] Regime: bear_trend | Kracht: 58% | Bearish trend — ADX=29, EMA stack 
bearish
[ETH/USDT] Regime: accumulation | Kracht: 51% | Bollinger squeeze — grote move 
verwacht
[SOL/USDT] Regime: accumulation | Kracht: 62% | Bollinger squeeze — grote move 
verwacht

──────────────────────────── Cyclus #553 — 11:11:03 ────────────────────────────
Portfolio: $979.06  PnL: -2.09%  DD: 2.2%  Posities: 0  Trades: 39  WR: 
35.5%(51.2%+TP)
⚠ Throttle: 75% — streak=-2
Sentiment: neutraal (-0.21) | F&G: -0.32 | Nieuws: +0.00
[BTC/USDT] Regime: bear_trend | Kracht: 58% | Bearish trend — ADX=29, EMA stack 
bearish
[ETH/USDT] Regime: accumulation | Kracht: 52% | Bollinger squeeze — grote move 
verwacht
[SOL/USDT] Regime: accumulation | Kracht: 62% | Bollinger squeeze — grote move 
verwacht

──────────────────────────── Cyclus #554 — 11:12:13 ────────────────────────────
Portfolio: $979.06  PnL: -2.09%  DD: 2.2%  Posities: 0  Trades: 39  WR: 
35.5%(51.2%+TP)
⚠ Throttle: 75% — streak=-2
Sentiment: neutraal (-0.21) | F&G: -0.32 | Nieuws: +0.00
[BTC/USDT] Regime: bear_trend | Kracht: 58% | Bearish trend — ADX=29, EMA stack 
bearish
[ETH/USDT] Regime: accumulation | Kracht: 52% | Bollinger squeeze — grote move 
verwacht
[SOL/USDT] Regime: accumulation | Kracht: 62% | Bollinger squeeze — grote move 
verwacht

──────────────────────────── Cyclus #555 — 11:13:21 ────────────────────────────
Portfolio: $979.06  PnL: -2.09%  DD: 2.2%  Posities: 0  Trades: 39  WR: 
35.5%(51.2%+TP)
⚠ Throttle: 75% — streak=-2
Sentiment: neutraal (-0.21) | F&G: -0.32 | Nieuws: +0.00
[BTC/USDT] Regime: bear_trend | Kracht: 58% | Bearish trend — ADX=29, EMA stack 
bearish
[ETH/USDT] Regime: accumulation | Kracht: 52% | Bollinger squeeze — grote move 
verwacht
[SOL/USDT] Regime: accumulation | Kracht: 62% | Bollinger squeeze — grote move 
verwacht

──────────────────────────── Cyclus #556 — 11:14:33 ────────────────────────────
Portfolio: $979.06  PnL: -2.09%  DD: 2.2%  Posities: 0  Trades: 39  WR: 
35.5%(51.2%+TP)
⚠ Throttle: 75% — streak=-2
Sentiment: neutraal (-0.21) | F&G: -0.32 | Nieuws: +0.00
[BTC/USDT] Regime: bear_trend | Kracht: 58% | Bearish trend — ADX=29, EMA stack 
bearish
[ETH/USDT] Regime: accumulation | Kracht: 52% | Bollinger squeeze — grote move 
verwacht
[SOL/USDT] Regime: accumulation | Kracht: 62% | Bollinger squeeze — grote move 
verwacht

──────────────────────────── Cyclus #557 — 11:15:41 ────────────────────────────
Portfolio: $979.06  PnL: -2.09%  DD: 2.2%  Posities: 0  Trades: 39  WR: 
35.5%(51.2%+TP)
⚠ Throttle: 75% — streak=-2
Sentiment: neutraal (-0.21) | F&G: -0.32 | Nieuws: +0.00
[BTC/USDT] Regime: bear_trend | Kracht: 58% | Bearish trend — ADX=29, EMA stack 
bearish
[ETH/USDT] Regime: accumulation | Kracht: 52% | Bollinger squeeze — grote move 
verwacht
[SOL/USDT] Regime: accumulation | Kracht: 62% | Bollinger squeeze — grote move 
verwacht

──────────────────────────── Cyclus #558 — 11:16:49 ────────────────────────────
Portfolio: $979.06  PnL: -2.09%  DD: 2.2%  Posities: 0  Trades: 39  WR: 
35.5%(51.2%+TP)
⚠ Throttle: 75% — streak=-2
Sentiment: neutraal (-0.21) | F&G: -0.32 | Nieuws: +0.00
[BTC/USDT] Regime: bear_trend | Kracht: 58% | Bearish trend — ADX=29, EMA stack 
bearish
[ETH/USDT] Regime: accumulation | Kracht: 52% | Bollinger squeeze — grote move 
verwacht
[SOL/USDT] Regime: accumulation | Kracht: 62% | Bollinger squeeze — grote move 
verwacht

──────────────────────────── Cyclus #559 — 11:17:57 ────────────────────────────
Portfolio: $979.06  PnL: -2.09%  DD: 2.2%  Posities: 0  Trades: 39  WR: 
35.5%(51.2%+TP)
⚠ Throttle: 75% — streak=-2
Sentiment: neutraal (-0.21) | F&G: -0.32 | Nieuws: +0.00
[BTC/USDT] Regime: bear_trend | Kracht: 58% | Bearish trend — ADX=29, EMA stack 
bearish
[ETH/USDT] Regime: accumulation | Kracht: 52% | Bollinger squeeze — grote move 
verwacht
[SOL/USDT] Regime: accumulation | Kracht: 62% | Bollinger squeeze — grote move 
verwacht

──────────────────────────── Cyclus #560 — 11:19:05 ────────────────────────────
Portfolio: $979.06  PnL: -2.09%  DD: 2.2%  Posities: 0  Trades: 39  WR: 
35.5%(51.2%+TP)
⚠ Throttle: 75% — streak=-2
Sentiment: neutraal (-0.21) | F&G: -0.32 | Nieuws: +0.00
[BTC/USDT] Regime: bear_trend | Kracht: 58% | Bearish trend — ADX=29, EMA stack 
bearish
[ETH/USDT] Regime: accumulation | Kracht: 52% | Bollinger squeeze — grote move 
verwacht
[SOL/USDT] Regime: accumulation | Kracht: 62% | Bollinger squeeze — grote move 
verwacht

──────────────────────────── Cyclus #561 — 11:20:17 ────────────────────────────
Portfolio: $979.06  PnL: -2.09%  DD: 2.2%  Posities: 0  Trades: 39  WR: 
35.5%(51.2%+TP)
⚠ Throttle: 75% — streak=-2
Sentiment: neutraal (-0.21) | F&G: -0.32 | Nieuws: +0.00
[BTC/USDT] Regime: bear_trend | Kracht: 58% | Bearish trend — ADX=29, EMA stack 
bearish
[ETH/USDT] Regime: accumulation | Kracht: 52% | Bollinger squeeze — grote move 
verwacht
[SOL/USDT] Regime: accumulation | Kracht: 62% | Bollinger squeeze — grote move 
verwacht

──────────────────────────── Cyclus #562 — 11:21:25 ────────────────────────────
Portfolio: $979.06  PnL: -2.09%  DD: 2.2%  Posities: 0  Trades: 39  WR: 
35.5%(51.2%+TP)
⚠ Throttle: 75% — streak=-2
Sentiment: neutraal (-0.21) | F&G: -0.32 | Nieuws: +0.00
[BTC/USDT] Regime: bear_trend | Kracht: 58% | Bearish trend — ADX=29, EMA stack 
bearish
[ETH/USDT] Regime: accumulation | Kracht: 52% | Bollinger squeeze — grote move 
verwacht
[SOL/USDT] Regime: accumulation | Kracht: 62% | Bollinger squeeze — grote move 
verwacht

──────────────────────────── Cyclus #563 — 11:22:33 ────────────────────────────
Portfolio: $979.06  PnL: -2.09%  DD: 2.2%  Posities: 0  Trades: 39  WR: 
35.5%(51.2%+TP)
⚠ Throttle: 75% — streak=-2
Sentiment: neutraal (-0.21) | F&G: -0.32 | Nieuws: +0.00
[BTC/USDT] Regime: bear_trend | Kracht: 58% | Bearish trend — ADX=29, EMA stack 
bearish
[ETH/USDT] Regime: accumulation | Kracht: 52% | Bollinger squeeze — grote move 
verwacht
[SOL/USDT] Regime: accumulation | Kracht: 62% | Bollinger squeeze — grote move 
verwacht

──────────────────────────── Cyclus #564 — 11:23:41 ────────────────────────────
Portfolio: $979.06  PnL: -2.09%  DD: 2.2%  Posities: 0  Trades: 39  WR: 
35.5%(51.2%+TP)
⚠ Throttle: 75% — streak=-2
Sentiment: neutraal (-0.21) | F&G: -0.32 | Nieuws: +0.00
[BTC/USDT] Regime: bear_trend | Kracht: 58% | Bearish trend — ADX=29, EMA stack 
bearish
[ETH/USDT] Regime: accumulation | Kracht: 52% | Bollinger squeeze — grote move 
verwacht
[SOL/USDT] Regime: accumulation | Kracht: 62% | Bollinger squeeze — grote move 
verwacht

──────────────────────────── Cyclus #565 — 11:24:49 ────────────────────────────
Portfolio: $979.06  PnL: -2.09%  DD: 2.2%  Posities: 0  Trades: 39  WR: 
35.5%(51.2%+TP)
⚠ Throttle: 75% — streak=-2
Sentiment: neutraal (-0.21) | F&G: -0.32 | Nieuws: +0.00
[BTC/USDT] Regime: bear_trend | Kracht: 58% | Bearish trend — ADX=29, EMA stack 
bearish
[ETH/USDT] Regime: accumulation | Kracht: 52% | Bollinger squeeze — grote move 
verwacht
[SOL/USDT] Regime: accumulation | Kracht: 62% | Bollinger squeeze — grote move 
verwacht

──────────────────────────── Cyclus #566 — 11:26:00 ────────────────────────────
Portfolio: $979.06  PnL: -2.09%  DD: 2.2%  Posities: 0  Trades: 39  WR: 
35.5%(51.2%+TP)
⚠ Throttle: 75% — streak=-2
Sentiment: neutraal (-0.21) | F&G: -0.32 | Nieuws: +0.00
[BTC/USDT] Regime: bear_trend | Kracht: 58% | Bearish trend — ADX=29, EMA stack 
bearish
[ETH/USDT] Regime: accumulation | Kracht: 52% | Bollinger squeeze — grote move 
verwacht
[SOL/USDT] Regime: accumulation | Kracht: 62% | Bollinger squeeze — grote move 
verwacht

──────────────────────────── Cyclus #567 — 11:27:08 ────────────────────────────
Portfolio: $979.06  PnL: -2.09%  DD: 2.2%  Posities: 0  Trades: 39  WR: 
35.5%(51.2%+TP)
⚠ Throttle: 75% — streak=-2
Sentiment: neutraal (-0.21) | F&G: -0.32 | Nieuws: +0.00
[BTC/USDT] Regime: bear_trend | Kracht: 58% | Bearish trend — ADX=29, EMA stack 
bearish
[ETH/USDT] Regime: accumulation | Kracht: 52% | Bollinger squeeze — grote move 
verwacht
[SOL/USDT] Regime: accumulation | Kracht: 62% | Bollinger squeeze — grote move 
verwacht

──────────────────────────── Cyclus #568 — 11:28:17 ────────────────────────────
Portfolio: $979.06  PnL: -2.09%  DD: 2.2%  Posities: 0  Trades: 39  WR: 
35.5%(51.2%+TP)
⚠ Throttle: 75% — streak=-2
Sentiment: neutraal (-0.21) | F&G: -0.32 | Nieuws: +0.00
[BTC/USDT] Regime: bear_trend | Kracht: 58% | Bearish trend — ADX=29, EMA stack 
bearish
[ETH/USDT] Regime: accumulation | Kracht: 52% | Bollinger squeeze — grote move 
verwacht
[SOL/USDT] Regime: accumulation | Kracht: 62% | Bollinger squeeze — grote move 
verwacht

──────────────────────────── Cyclus #569 — 11:29:25 ────────────────────────────
Portfolio: $979.06  PnL: -2.09%  DD: 2.2%  Posities: 0  Trades: 39  WR: 
35.5%(51.2%+TP)
⚠ Throttle: 75% — streak=-2
Sentiment: neutraal (-0.21) | F&G: -0.32 | Nieuws: +0.00
[BTC/USDT] Regime: bear_trend | Kracht: 58% | Bearish trend — ADX=29, EMA stack 
bearish
[ETH/USDT] Regime: accumulation | Kracht: 52% | Bollinger squeeze — grote move 
verwacht
[SOL/USDT] Regime: accumulation | Kracht: 62% | Bollinger squeeze — grote move 
verwacht

──────────────────────────── Cyclus #570 — 11:30:33 ────────────────────────────
Portfolio: $979.06  PnL: -2.09%  DD: 2.2%  Posities: 0  Trades: 39  WR: 
35.5%(51.2%+TP)
⚠ Throttle: 75% — streak=-2
Sentiment: neutraal (-0.21) | F&G: -0.32 | Nieuws: +0.00
[BTC/USDT] Regime: bear_trend | Kracht: 58% | Bearish trend — ADX=29, EMA stack 
bearish
[ETH/USDT] Regime: accumulation | Kracht: 52% | Bollinger squeeze — grote move 
verwacht
[SOL/USDT] Regime: accumulation | Kracht: 62% | Bollinger squeeze — grote move 
verwacht

──────────────────────────── Cyclus #571 — 11:31:47 ────────────────────────────
Portfolio: $979.06  PnL: -2.09%  DD: 2.2%  Posities: 0  Trades: 39  WR: 
35.5%(51.2%+TP)
⚠ Throttle: 75% — streak=-2
Sentiment: neutraal (-0.21) | F&G: -0.32 | Nieuws: +0.00
[BTC/USDT] Regime: bear_trend | Kracht: 58% | Bearish trend — ADX=29, EMA stack 
bearish
[ETH/USDT] Regime: accumulation | Kracht: 52% | Bollinger squeeze — grote move 
verwacht
[SOL/USDT] Regime: accumulation | Kracht: 62% | Bollinger squeeze — grote move 
verwacht

──────────────────────────── Cyclus #572 — 11:32:55 ────────────────────────────
Portfolio: $979.06  PnL: -2.09%  DD: 2.2%  Posities: 0  Trades: 39  WR: 
35.5%(51.2%+TP)
⚠ Throttle: 75% — streak=-2
Sentiment: neutraal (-0.21) | F&G: -0.32 | Nieuws: +0.00
[BTC/USDT] Regime: bear_trend | Kracht: 58% | Bearish trend — ADX=29, EMA stack 
bearish
[ETH/USDT] Regime: accumulation | Kracht: 52% | Bollinger squeeze — grote move 
verwacht
[SOL/USDT] Regime: accumulation | Kracht: 62% | Bollinger squeeze — grote move 
verwacht

──────────────────────────── Cyclus #573 — 11:34:03 ────────────────────────────
Portfolio: $979.06  PnL: -2.09%  DD: 2.2%  Posities: 0  Trades: 39  WR: 
35.5%(51.2%+TP)
⚠ Throttle: 75% — streak=-2
Sentiment: neutraal (-0.21) | F&G: -0.32 | Nieuws: +0.00
[BTC/USDT] Regime: bear_trend | Kracht: 58% | Bearish trend — ADX=29, EMA stack 
bearish
[ETH/USDT] Regime: accumulation | Kracht: 52% | Bollinger squeeze — grote move 
verwacht
[SOL/USDT] Regime: accumulation | Kracht: 62% | Bollinger squeeze — grote move 
verwacht

──────────────────────────── Cyclus #574 — 11:35:11 ────────────────────────────
Portfolio: $979.06  PnL: -2.09%  DD: 2.2%  Posities: 0  Trades: 39  WR: 
35.5%(51.2%+TP)
⚠ Throttle: 75% — streak=-2
Sentiment: neutraal (-0.21) | F&G: -0.32 | Nieuws: +0.00
[BTC/USDT] Regime: bear_trend | Kracht: 58% | Bearish trend — ADX=29, EMA stack 
bearish
[ETH/USDT] Regime: accumulation | Kracht: 52% | Bollinger squeeze — grote move 
verwacht
[SOL/USDT] Regime: accumulation | Kracht: 62% | Bollinger squeeze — grote move 
verwacht

──────────────────────────── Cyclus #575 — 11:36:20 ────────────────────────────
Portfolio: $979.06  PnL: -2.09%  DD: 2.2%  Posities: 0  Trades: 39  WR: 
35.5%(51.2%+TP)
⚠ Throttle: 75% — streak=-2
Sentiment: neutraal (-0.21) | F&G: -0.32 | Nieuws: +0.00
[BTC/USDT] Regime: bear_trend | Kracht: 58% | Bearish trend — ADX=29, EMA stack 
bearish
[ETH/USDT] Regime: accumulation | Kracht: 52% | Bollinger squeeze — grote move 
verwacht
[SOL/USDT] Regime: accumulation | Kracht: 62% | Bollinger squeeze — grote move 
verwacht

──────────────────────────── Cyclus #576 — 11:37:32 ────────────────────────────
Portfolio: $979.06  PnL: -2.09%  DD: 2.2%  Posities: 0  Trades: 39  WR: 
35.5%(51.2%+TP)
⚠ Throttle: 75% — streak=-2
Sentiment: neutraal (-0.21) | F&G: -0.32 | Nieuws: +0.00
[BTC/USDT] Regime: bear_trend | Kracht: 58% | Bearish trend — ADX=29, EMA stack 
bearish
[ETH/USDT] Regime: accumulation | Kracht: 52% | Bollinger squeeze — grote move 
verwacht
[SOL/USDT] Regime: accumulation | Kracht: 62% | Bollinger squeeze — grote move 
verwacht

──────────────────────────── Cyclus #577 — 11:38:41 ────────────────────────────
Portfolio: $979.06  PnL: -2.09%  DD: 2.2%  Posities: 0  Trades: 39  WR: 
35.5%(51.2%+TP)
⚠ Throttle: 75% — streak=-2
Sentiment: neutraal (-0.21) | F&G: -0.32 | Nieuws: +0.00
[BTC/USDT] Regime: bear_trend | Kracht: 58% | Bearish trend — ADX=29, EMA stack 
bearish
[ETH/USDT] Regime: accumulation | Kracht: 52% | Bollinger squeeze — grote move 
verwacht
[SOL/USDT] Regime: accumulation | Kracht: 61% | Bollinger squeeze — grote move 
verwacht

──────────────────────────── Cyclus #578 — 11:39:50 ────────────────────────────
Portfolio: $979.06  PnL: -2.09%  DD: 2.2%  Posities: 0  Trades: 39  WR: 
35.5%(51.2%+TP)
⚠ Throttle: 75% — streak=-2
Sentiment: neutraal (-0.21) | F&G: -0.32 | Nieuws: +0.00
[BTC/USDT] Regime: bear_trend | Kracht: 58% | Bearish trend — ADX=29, EMA stack 
bearish
[ETH/USDT] Regime: accumulation | Kracht: 52% | Bollinger squeeze — grote move 
verwacht
[SOL/USDT] Regime: accumulation | Kracht: 62% | Bollinger squeeze — grote move 
verwacht

──────────────────────────── Cyclus #579 — 11:40:58 ────────────────────────────
Portfolio: $979.06  PnL: -2.09%  DD: 2.2%  Posities: 0  Trades: 39  WR: 
35.5%(51.2%+TP)
⚠ Throttle: 75% — streak=-2
Sentiment: neutraal (-0.21) | F&G: -0.32 | Nieuws: +0.00
[BTC/USDT] Regime: bear_trend | Kracht: 58% | Bearish trend — ADX=29, EMA stack 
bearish
[ETH/USDT] Regime: accumulation | Kracht: 52% | Bollinger squeeze — grote move 
verwacht
[SOL/USDT] Regime: accumulation | Kracht: 62% | Bollinger squeeze — grote move 
verwacht

──────────────────────────── Cyclus #580 — 11:42:07 ────────────────────────────
Portfolio: $979.06  PnL: -2.09%  DD: 2.2%  Posities: 0  Trades: 39  WR: 
35.5%(51.2%+TP)
⚠ Throttle: 75% — streak=-2
Sentiment: neutraal (-0.21) | F&G: -0.32 | Nieuws: +0.00
[BTC/USDT] Regime: bear_trend | Kracht: 58% | Bearish trend — ADX=29, EMA stack 
bearish
[ETH/USDT] Regime: accumulation | Kracht: 52% | Bollinger squeeze — grote move 
verwacht
[SOL/USDT] Regime: accumulation | Kracht: 62% | Bollinger squeeze — grote move 
verwacht

──────────────────────────── Cyclus #581 — 11:43:20 ────────────────────────────
Portfolio: $979.06  PnL: -2.09%  DD: 2.2%  Posities: 0  Trades: 39  WR: 
35.5%(51.2%+TP)
⚠ Throttle: 75% — streak=-2
Sentiment: neutraal (-0.21) | F&G: -0.32 | Nieuws: +0.00
[BTC/USDT] Regime: bear_trend | Kracht: 58% | Bearish trend — ADX=29, EMA stack 
bearish
[ETH/USDT] Regime: accumulation | Kracht: 52% | Bollinger squeeze — grote move 
verwacht
[SOL/USDT] Regime: accumulation | Kracht: 62% | Bollinger squeeze — grote move 
verwacht

──────────────────────────── Cyclus #582 — 11:44:28 ────────────────────────────
Portfolio: $979.06  PnL: -2.09%  DD: 2.2%  Posities: 0  Trades: 39  WR: 
35.5%(51.2%+TP)
⚠ Throttle: 75% — streak=-2
Sentiment: neutraal (-0.21) | F&G: -0.32 | Nieuws: +0.00
[BTC/USDT] Regime: bear_trend | Kracht: 58% | Bearish trend — ADX=29, EMA stack 
bearish
[ETH/USDT] Regime: accumulation | Kracht: 52% | Bollinger squeeze — grote move 
verwacht
[SOL/USDT] Regime: accumulation | Kracht: 62% | Bollinger squeeze — grote move 
verwacht

──────────────────────────── Cyclus #583 — 11:45:37 ────────────────────────────
Portfolio: $979.06  PnL: -2.09%  DD: 2.2%  Posities: 0  Trades: 39  WR: 
35.5%(51.2%+TP)
⚠ Throttle: 75% — streak=-2
Sentiment: neutraal (-0.21) | F&G: -0.32 | Nieuws: +0.00
[BTC/USDT] Regime: bear_trend | Kracht: 58% | Bearish trend — ADX=29, EMA stack 
bearish
[ETH/USDT] Regime: accumulation | Kracht: 52% | Bollinger squeeze — grote move 
verwacht
[SOL/USDT] Regime: accumulation | Kracht: 62% | Bollinger squeeze — grote move 
verwacht

──────────────────────────── Cyclus #584 — 11:46:45 ────────────────────────────
Portfolio: $979.06  PnL: -2.09%  DD: 2.2%  Posities: 0  Trades: 39  WR: 
35.5%(51.2%+TP)
⚠ Throttle: 75% — streak=-2
Sentiment: neutraal (-0.21) | F&G: -0.32 | Nieuws: +0.00
[BTC/USDT] Regime: bear_trend | Kracht: 58% | Bearish trend — ADX=29, EMA stack 
bearish
[ETH/USDT] Regime: accumulation | Kracht: 52% | Bollinger squeeze — grote move 
verwacht
[SOL/USDT] Regime: accumulation | Kracht: 62% | Bollinger squeeze — grote move 
verwacht

──────────────────────────── Cyclus #585 — 11:47:53 ────────────────────────────
Portfolio: $979.06  PnL: -2.09%  DD: 2.2%  Posities: 0  Trades: 39  WR: 
35.5%(51.2%+TP)
⚠ Throttle: 75% — streak=-2
Sentiment: neutraal (-0.21) | F&G: -0.32 | Nieuws: +0.00
[BTC/USDT] Regime: bear_trend | Kracht: 58% | Bearish trend — ADX=29, EMA stack 
bearish
[ETH/USDT] Regime: accumulation | Kracht: 52% | Bollinger squeeze — grote move 
verwacht
[SOL/USDT] Regime: accumulation | Kracht: 62% | Bollinger squeeze — grote move 
verwacht

──────────────────────────── Cyclus #586 — 11:49:05 ────────────────────────────
Portfolio: $979.06  PnL: -2.09%  DD: 2.2%  Posities: 0  Trades: 39  WR: 
35.5%(51.2%+TP)
⚠ Throttle: 75% — streak=-2
Sentiment: neutraal (-0.21) | F&G: -0.32 | Nieuws: +0.00
[BTC/USDT] Regime: bear_trend | Kracht: 58% | Bearish trend — ADX=29, EMA stack 
bearish
[ETH/USDT] Regime: accumulation | Kracht: 52% | Bollinger squeeze — grote move 
verwacht
[SOL/USDT] Regime: accumulation | Kracht: 62% | Bollinger squeeze — grote move 
verwacht

──────────────────────────── Cyclus #587 — 11:50:14 ────────────────────────────
Portfolio: $979.06  PnL: -2.09%  DD: 2.2%  Posities: 0  Trades: 39  WR: 
35.5%(51.2%+TP)
⚠ Throttle: 75% — streak=-2
Sentiment: neutraal (-0.21) | F&G: -0.32 | Nieuws: +0.00
[BTC/USDT] Regime: bear_trend | Kracht: 58% | Bearish trend — ADX=29, EMA stack 
bearish
[ETH/USDT] Regime: accumulation | Kracht: 52% | Bollinger squeeze — grote move 
verwacht
[SOL/USDT] Regime: accumulation | Kracht: 62% | Bollinger squeeze — grote move 
verwacht

──────────────────────────── Cyclus #588 — 11:51:22 ────────────────────────────
Portfolio: $979.06  PnL: -2.09%  DD: 2.2%  Posities: 0  Trades: 39  WR: 
35.5%(51.2%+TP)
⚠ Throttle: 75% — streak=-2
Sentiment: neutraal (-0.21) | F&G: -0.32 | Nieuws: +0.00
[BTC/USDT] Regime: bear_trend | Kracht: 58% | Bearish trend — ADX=29, EMA stack 
bearish
[ETH/USDT] Regime: accumulation | Kracht: 52% | Bollinger squeeze — grote move 
verwacht
[SOL/USDT] Regime: accumulation | Kracht: 62% | Bollinger squeeze — grote move 
verwacht

──────────────────────────── Cyclus #589 — 11:52:30 ────────────────────────────
Portfolio: $979.06  PnL: -2.09%  DD: 2.2%  Posities: 0  Trades: 39  WR: 
35.5%(51.2%+TP)
⚠ Throttle: 75% — streak=-2
Sentiment: neutraal (-0.21) | F&G: -0.32 | Nieuws: +0.00
[BTC/USDT] Regime: bear_trend | Kracht: 58% | Bearish trend — ADX=29, EMA stack 
bearish
[ETH/USDT] Regime: accumulation | Kracht: 52% | Bollinger squeeze — grote move 
verwacht
[SOL/USDT] Regime: accumulation | Kracht: 62% | Bollinger squeeze — grote move 
verwacht

──────────────────────────── Cyclus #590 — 11:53:38 ────────────────────────────
Portfolio: $979.06  PnL: -2.09%  DD: 2.2%  Posities: 0  Trades: 39  WR: 
35.5%(51.2%+TP)
⚠ Throttle: 75% — streak=-2
Sentiment: neutraal (-0.21) | F&G: -0.32 | Nieuws: +0.00
[BTC/USDT] Regime: bear_trend | Kracht: 58% | Bearish trend — ADX=29, EMA stack 
bearish
[ETH/USDT] Regime: accumulation | Kracht: 52% | Bollinger squeeze — grote move 
verwacht
[SOL/USDT] Regime: accumulation | Kracht: 62% | Bollinger squeeze — grote move 
verwacht

──────────────────────────── Cyclus #591 — 11:54:49 ────────────────────────────
Portfolio: $979.06  PnL: -2.09%  DD: 2.2%  Posities: 0  Trades: 39  WR: 
35.5%(51.2%+TP)
⚠ Throttle: 75% — streak=-2
Sentiment: neutraal (-0.21) | F&G: -0.32 | Nieuws: +0.00
[BTC/USDT] Regime: bear_trend | Kracht: 58% | Bearish trend — ADX=29, EMA stack 
bearish
[ETH/USDT] Regime: accumulation | Kracht: 52% | Bollinger squeeze — grote move 
verwacht
[SOL/USDT] Regime: accumulation | Kracht: 62% | Bollinger squeeze — grote move 
verwacht

──────────────────────────── Cyclus #592 — 11:55:57 ────────────────────────────
Portfolio: $979.06  PnL: -2.09%  DD: 2.2%  Posities: 0  Trades: 39  WR: 
35.5%(51.2%+TP)
⚠ Throttle: 75% — streak=-2
Sentiment: neutraal (-0.21) | F&G: -0.32 | Nieuws: +0.00
[BTC/USDT] Regime: bear_trend | Kracht: 58% | Bearish trend — ADX=29, EMA stack 
bearish
[ETH/USDT] Regime: ranging | Kracht: 0% | Zijwaartse markt — ADX=25
[SOL/USDT] Regime: accumulation | Kracht: 62% | Bollinger squeeze — grote move 
verwacht

──────────────────────────── Cyclus #593 — 11:57:05 ────────────────────────────
Portfolio: $979.06  PnL: -2.09%  DD: 2.2%  Posities: 0  Trades: 39  WR: 
35.5%(51.2%+TP)
⚠ Throttle: 75% — streak=-2
Sentiment: neutraal (-0.21) | F&G: -0.32 | Nieuws: +0.00
[BTC/USDT] Regime: bear_trend | Kracht: 58% | Bearish trend — ADX=29, EMA stack 
bearish
[ETH/USDT] Regime: ranging | Kracht: 0% | Zijwaartse markt — ADX=25
[SOL/USDT] Regime: accumulation | Kracht: 62% | Bollinger squeeze — grote move 
verwacht

──────────────────────────── Cyclus #594 — 11:58:14 ────────────────────────────
Portfolio: $979.06  PnL: -2.09%  DD: 2.2%  Posities: 0  Trades: 39  WR: 
35.5%(51.2%+TP)
⚠ Throttle: 75% — streak=-2
Sentiment: neutraal (-0.21) | F&G: -0.32 | Nieuws: +0.00
[BTC/USDT] Regime: bear_trend | Kracht: 58% | Bearish trend — ADX=29, EMA stack 
bearish
[ETH/USDT] Regime: ranging | Kracht: 0% | Zijwaartse markt — ADX=25
[SOL/USDT] Regime: accumulation | Kracht: 62% | Bollinger squeeze — grote move 
verwacht

──────────────────────────── Cyclus #595 — 11:59:23 ────────────────────────────
Portfolio: $979.06  PnL: -2.09%  DD: 2.2%  Posities: 0  Trades: 39  WR: 
35.5%(51.2%+TP)
⚠ Throttle: 75% — streak=-2
Sentiment: neutraal (-0.21) | F&G: -0.32 | Nieuws: +0.00
[BTC/USDT] Regime: bear_trend | Kracht: 58% | Bearish trend — ADX=29, EMA stack 
bearish
[ETH/USDT] Regime: ranging | Kracht: 0% | Zijwaartse markt — ADX=25
[SOL/USDT] Regime: accumulation | Kracht: 62% | Bollinger squeeze — grote move 
verwacht

──────────────────────────── Cyclus #596 — 12:00:34 ────────────────────────────
Portfolio: $979.06  PnL: -2.09%  DD: 2.2%  Posities: 0  Trades: 39  WR: 
35.5%(51.2%+TP)
⚠ Throttle: 38% — streak=-2 | slecht_uur=12u
Sentiment: neutraal (-0.21) | F&G: -0.32 | Nieuws: +0.00
[BTC/USDT] Regime: bear_trend | Kracht: 57% | Bearish trend — ADX=28, EMA stack 
bearish
[ETH/USDT] Regime: ranging | Kracht: 0% | Zijwaartse markt — ADX=25
[SOL/USDT] Regime: accumulation | Kracht: 66% | Bollinger squeeze — grote move 
verwacht

──────────────────────────── Cyclus #597 — 12:01:43 ────────────────────────────
Portfolio: $979.06  PnL: -2.09%  DD: 2.2%  Posities: 0  Trades: 39  WR: 
35.5%(51.2%+TP)
⚠ Throttle: 38% — streak=-2 | slecht_uur=12u
Sentiment: neutraal (-0.21) | F&G: -0.32 | Nieuws: +0.00
[BTC/USDT] Regime: bear_trend | Kracht: 57% | Bearish trend — ADX=28, EMA stack 
bearish
[ETH/USDT] Regime: ranging | Kracht: 0% | Zijwaartse markt — ADX=25
[SOL/USDT] Regime: accumulation | Kracht: 66% | Bollinger squeeze — grote move 
verwacht

──────────────────────────── Cyclus #598 — 12:02:50 ────────────────────────────
Portfolio: $979.06  PnL: -2.09%  DD: 2.2%  Posities: 0  Trades: 39  WR: 
35.5%(51.2%+TP)
⚠ Throttle: 38% — streak=-2 | slecht_uur=12u
Sentiment: neutraal (-0.21) | F&G: -0.32 | Nieuws: +0.00
[BTC/USDT] Regime: bear_trend | Kracht: 57% | Bearish trend — ADX=28, EMA stack 
bearish
[ETH/USDT] Regime: accumulation | Kracht: 53% | Bollinger squeeze — grote move 
verwacht
[SOL/USDT] Regime: accumulation | Kracht: 66% | Bollinger squeeze — grote move 
verwacht

──────────────────────────── Cyclus #599 — 12:03:58 ────────────────────────────
Portfolio: $979.06  PnL: -2.09%  DD: 2.2%  Posities: 0  Trades: 39  WR: 
35.5%(51.2%+TP)
⚠ Throttle: 38% — streak=-2 | slecht_uur=12u
Sentiment: neutraal (-0.21) | F&G: -0.32 | Nieuws: +0.00
[BTC/USDT] Regime: bear_trend | Kracht: 57% | Bearish trend — ADX=28, EMA stack 
bearish
[ETH/USDT] Regime: accumulation | Kracht: 53% | Bollinger squeeze — grote move 
verwacht
[SOL/USDT] Regime: accumulation | Kracht: 66% | Bollinger squeeze — grote move 
verwacht

──────────────────────────── Cyclus #600 — 12:05:07 ────────────────────────────
Portfolio: $979.06  PnL: -2.09%  DD: 2.2%  Posities: 0  Trades: 39  WR: 
35.5%(51.2%+TP)
⚠ Throttle: 38% — streak=-2 | slecht_uur=12u
Sentiment: neutraal (-0.21) | F&G: -0.32 | Nieuws: +0.00
[BTC/USDT] Regime: bear_trend | Kracht: 57% | Bearish trend — ADX=28, EMA stack 
bearish
[ETH/USDT] Regime: accumulation | Kracht: 53% | Bollinger squeeze — grote move 
verwacht
[SOL/USDT] Regime: accumulation | Kracht: 66% | Bollinger squeeze — grote move 
verwacht

──────────────────────────── Cyclus #601 — 12:06:21 ────────────────────────────
Portfolio: $979.06  PnL: -2.09%  DD: 2.2%  Posities: 0  Trades: 39  WR: 
35.5%(51.2%+TP)
⚠ Throttle: 38% — streak=-2 | slecht_uur=12u
Sentiment: Angst (-0.21) | F&G: -0.32 | Nieuws: +0.00
[BTC/USDT] Regime: bear_trend | Kracht: 57% | Bearish trend — ADX=28, EMA stack 
bearish
[ETH/USDT] Regime: accumulation | Kracht: 53% | Bollinger squeeze — grote move 
verwacht
[SOL/USDT] Regime: accumulation | Kracht: 66% | Bollinger squeeze — grote move 
verwacht

──────────────────────────── Cyclus #602 — 12:07:30 ────────────────────────────
Portfolio: $979.06  PnL: -2.09%  DD: 2.2%  Posities: 0  Trades: 39  WR: 
35.5%(51.2%+TP)
⚠ Throttle: 38% — streak=-2 | slecht_uur=12u
Sentiment: Angst (-0.21) | F&G: -0.32 | Nieuws: +0.00
[BTC/USDT] Regime: bear_trend | Kracht: 57% | Bearish trend — ADX=28, EMA stack 
bearish
[ETH/USDT] Regime: accumulation | Kracht: 53% | Bollinger squeeze — grote move 
verwacht
[SOL/USDT] Regime: accumulation | Kracht: 66% | Bollinger squeeze — grote move 
verwacht

──────────────────────────── Cyclus #603 — 12:08:38 ────────────────────────────
Portfolio: $979.06  PnL: -2.09%  DD: 2.2%  Posities: 0  Trades: 39  WR: 
35.5%(51.2%+TP)
⚠ Throttle: 38% — streak=-2 | slecht_uur=12u
Sentiment: Angst (-0.21) | F&G: -0.32 | Nieuws: +0.00
[BTC/USDT] Regime: bear_trend | Kracht: 57% | Bearish trend — ADX=28, EMA stack 
bearish
[ETH/USDT] Regime: accumulation | Kracht: 53% | Bollinger squeeze — grote move 
verwacht
[SOL/USDT] Regime: accumulation | Kracht: 66% | Bollinger squeeze — grote move 
verwacht

──────────────────────────── Cyclus #604 — 12:09:47 ────────────────────────────
Portfolio: $979.06  PnL: -2.09%  DD: 2.2%  Posities: 0  Trades: 39  WR: 
35.5%(51.2%+TP)
⚠ Throttle: 38% — streak=-2 | slecht_uur=12u
Sentiment: Angst (-0.21) | F&G: -0.32 | Nieuws: +0.00
[BTC/USDT] Regime: bear_trend | Kracht: 57% | Bearish trend — ADX=28, EMA stack 
bearish
[ETH/USDT] Regime: accumulation | Kracht: 53% | Bollinger squeeze — grote move 
verwacht
[SOL/USDT] Regime: accumulation | Kracht: 66% | Bollinger squeeze — grote move 
verwacht

──────────────────────────── Cyclus #605 — 12:10:55 ────────────────────────────
Portfolio: $979.06  PnL: -2.09%  DD: 2.2%  Posities: 0  Trades: 39  WR: 
35.5%(51.2%+TP)
⚠ Throttle: 38% — streak=-2 | slecht_uur=12u
Sentiment: Angst (-0.21) | F&G: -0.32 | Nieuws: +0.00
[BTC/USDT] Regime: bear_trend | Kracht: 57% | Bearish trend — ADX=28, EMA stack 
bearish
[ETH/USDT] Regime: accumulation | Kracht: 53% | Bollinger squeeze — grote move 
verwacht
[SOL/USDT] Regime: accumulation | Kracht: 66% | Bollinger squeeze — grote move 
verwacht

──────────────────────────── Cyclus #606 — 12:12:07 ────────────────────────────
Portfolio: $979.06  PnL: -2.09%  DD: 2.2%  Posities: 0  Trades: 39  WR: 
35.5%(51.2%+TP)
⚠ Throttle: 38% — streak=-2 | slecht_uur=12u
Sentiment: Angst (-0.21) | F&G: -0.32 | Nieuws: +0.00
[BTC/USDT] Regime: bear_trend | Kracht: 57% | Bearish trend — ADX=28, EMA stack 
bearish
[ETH/USDT] Regime: accumulation | Kracht: 53% | Bollinger squeeze — grote move 
verwacht
[SOL/USDT] Regime: accumulation | Kracht: 66% | Bollinger squeeze — grote move 
verwacht

──────────────────────────── Cyclus #607 — 12:13:16 ────────────────────────────
Portfolio: $979.06  PnL: -2.09%  DD: 2.2%  Posities: 0  Trades: 39  WR: 
35.5%(51.2%+TP)
⚠ Throttle: 38% — streak=-2 | slecht_uur=12u
Sentiment: Angst (-0.21) | F&G: -0.32 | Nieuws: +0.00
[BTC/USDT] Regime: bear_trend | Kracht: 57% | Bearish trend — ADX=28, EMA stack 
bearish
[ETH/USDT] Regime: accumulation | Kracht: 53% | Bollinger squeeze — grote move 
verwacht
[SOL/USDT] Regime: accumulation | Kracht: 66% | Bollinger squeeze — grote move 
verwacht

──────────────────────────── Cyclus #608 — 12:14:26 ────────────────────────────
Portfolio: $979.06  PnL: -2.09%  DD: 2.2%  Posities: 0  Trades: 39  WR: 
35.5%(51.2%+TP)
⚠ Throttle: 38% — streak=-2 | slecht_uur=12u
Sentiment: Angst (-0.21) | F&G: -0.32 | Nieuws: +0.00
[BTC/USDT] Regime: bear_trend | Kracht: 57% | Bearish trend — ADX=28, EMA stack 
bearish
[ETH/USDT] Regime: accumulation | Kracht: 53% | Bollinger squeeze — grote move 
verwacht
[SOL/USDT] Regime: accumulation | Kracht: 66% | Bollinger squeeze — grote move 
verwacht

──────────────────────────── Cyclus #609 — 12:15:33 ────────────────────────────
Portfolio: $979.06  PnL: -2.09%  DD: 2.2%  Posities: 0  Trades: 39  WR: 
35.5%(51.2%+TP)
⚠ Throttle: 38% — streak=-2 | slecht_uur=12u
Sentiment: Angst (-0.21) | F&G: -0.32 | Nieuws: +0.00
[BTC/USDT] Regime: bear_trend | Kracht: 57% | Bearish trend — ADX=28, EMA stack 
bearish
[ETH/USDT] Regime: accumulation | Kracht: 53% | Bollinger squeeze — grote move 
verwacht
[SOL/USDT] Regime: accumulation | Kracht: 66% | Bollinger squeeze — grote move 
verwacht

──────────────────────────── Cyclus #610 — 12:16:41 ────────────────────────────
Portfolio: $979.06  PnL: -2.09%  DD: 2.2%  Posities: 0  Trades: 39  WR: 
35.5%(51.2%+TP)
⚠ Throttle: 38% — streak=-2 | slecht_uur=12u
Sentiment: Angst (-0.21) | F&G: -0.32 | Nieuws: +0.00
[BTC/USDT] Regime: bear_trend | Kracht: 57% | Bearish trend — ADX=28, EMA stack 
bearish
[ETH/USDT] Regime: accumulation | Kracht: 53% | Bollinger squeeze — grote move 
verwacht
[SOL/USDT] Regime: accumulation | Kracht: 66% | Bollinger squeeze — grote move 
verwacht

──────────────────────────── Cyclus #611 — 12:17:54 ────────────────────────────
Portfolio: $979.06  PnL: -2.09%  DD: 2.2%  Posities: 0  Trades: 39  WR: 
35.5%(51.2%+TP)
⚠ Throttle: 38% — streak=-2 | slecht_uur=12u
Sentiment: neutraal (-0.21) | F&G: -0.32 | Nieuws: +0.00
[BTC/USDT] Regime: bear_trend | Kracht: 57% | Bearish trend — ADX=28, EMA stack 
bearish
[ETH/USDT] Regime: accumulation | Kracht: 53% | Bollinger squeeze — grote move 
verwacht
[SOL/USDT] Regime: accumulation | Kracht: 66% | Bollinger squeeze — grote move 
verwacht

──────────────────────────── Cyclus #612 — 12:19:02 ────────────────────────────
Portfolio: $979.06  PnL: -2.09%  DD: 2.2%  Posities: 0  Trades: 39  WR: 
35.5%(51.2%+TP)
⚠ Throttle: 38% — streak=-2 | slecht_uur=12u
Sentiment: neutraal (-0.21) | F&G: -0.32 | Nieuws: +0.00
[BTC/USDT] Regime: bear_trend | Kracht: 57% | Bearish trend — ADX=28, EMA stack 
bearish
[ETH/USDT] Regime: accumulation | Kracht: 53% | Bollinger squeeze — grote move 
verwacht
[SOL/USDT] Regime: accumulation | Kracht: 66% | Bollinger squeeze — grote move 
verwacht

──────────────────────────── Cyclus #613 — 12:20:11 ────────────────────────────
Portfolio: $979.06  PnL: -2.09%  DD: 2.2%  Posities: 0  Trades: 39  WR: 
35.5%(51.2%+TP)
⚠ Throttle: 38% — streak=-2 | slecht_uur=12u
Sentiment: neutraal (-0.21) | F&G: -0.32 | Nieuws: +0.00
[BTC/USDT] Regime: bear_trend | Kracht: 57% | Bearish trend — ADX=28, EMA stack 
bearish
[ETH/USDT] Regime: accumulation | Kracht: 52% | Bollinger squeeze — grote move 
verwacht
[SOL/USDT] Regime: accumulation | Kracht: 66% | Bollinger squeeze — grote move 
verwacht

──────────────────────────── Cyclus #614 — 12:21:19 ────────────────────────────
Portfolio: $979.06  PnL: -2.09%  DD: 2.2%  Posities: 0  Trades: 39  WR: 
35.5%(51.2%+TP)
⚠ Throttle: 38% — streak=-2 | slecht_uur=12u
Sentiment: neutraal (-0.21) | F&G: -0.32 | Nieuws: +0.00
[BTC/USDT] Regime: bear_trend | Kracht: 57% | Bearish trend — ADX=28, EMA stack 
bearish
[ETH/USDT] Regime: accumulation | Kracht: 53% | Bollinger squeeze — grote move 
verwacht
[SOL/USDT] Regime: accumulation | Kracht: 66% | Bollinger squeeze — grote move 
verwacht

──────────────────────────── Cyclus #615 — 12:22:28 ────────────────────────────
Portfolio: $979.06  PnL: -2.09%  DD: 2.2%  Posities: 0  Trades: 39  WR: 
35.5%(51.2%+TP)
⚠ Throttle: 38% — streak=-2 | slecht_uur=12u
Sentiment: neutraal (-0.21) | F&G: -0.32 | Nieuws: +0.00
[BTC/USDT] Regime: bear_trend | Kracht: 57% | Bearish trend — ADX=28, EMA stack 
bearish
[ETH/USDT] Regime: accumulation | Kracht: 53% | Bollinger squeeze — grote move 
verwacht
[SOL/USDT] Regime: accumulation | Kracht: 66% | Bollinger squeeze — grote move 
verwacht

──────────────────────────── Cyclus #616 — 12:23:41 ────────────────────────────
Portfolio: $979.06  PnL: -2.09%  DD: 2.2%  Posities: 0  Trades: 39  WR: 
35.5%(51.2%+TP)
⚠ Throttle: 38% — streak=-2 | slecht_uur=12u
Sentiment: neutraal (-0.21) | F&G: -0.32 | Nieuws: +0.00
[BTC/USDT] Regime: bear_trend | Kracht: 57% | Bearish trend — ADX=28, EMA stack 
bearish
[ETH/USDT] Regime: accumulation | Kracht: 53% | Bollinger squeeze — grote move 
verwacht
[SOL/USDT] Regime: accumulation | Kracht: 66% | Bollinger squeeze — grote move 
verwacht

──────────────────────────── Cyclus #617 — 12:24:50 ────────────────────────────
Portfolio: $979.06  PnL: -2.09%  DD: 2.2%  Posities: 0  Trades: 39  WR: 
35.5%(51.2%+TP)
⚠ Throttle: 38% — streak=-2 | slecht_uur=12u
Sentiment: neutraal (-0.21) | F&G: -0.32 | Nieuws: +0.00
[BTC/USDT] Regime: bear_trend | Kracht: 57% | Bearish trend — ADX=28, EMA stack 
bearish
[ETH/USDT] Regime: accumulation | Kracht: 53% | Bollinger squeeze — grote move 
verwacht
[SOL/USDT] Regime: accumulation | Kracht: 66% | Bollinger squeeze — grote move 
verwacht

──────────────────────────── Cyclus #618 — 12:25:58 ────────────────────────────
Portfolio: $979.06  PnL: -2.09%  DD: 2.2%  Posities: 0  Trades: 39  WR: 
35.5%(51.2%+TP)
⚠ Throttle: 38% — streak=-2 | slecht_uur=12u
Sentiment: neutraal (-0.21) | F&G: -0.32 | Nieuws: +0.00
[BTC/USDT] Regime: bear_trend | Kracht: 57% | Bearish trend — ADX=28, EMA stack 
bearish
[ETH/USDT] Regime: accumulation | Kracht: 53% | Bollinger squeeze — grote move 
verwacht
[SOL/USDT] Regime: accumulation | Kracht: 66% | Bollinger squeeze — grote move 
verwacht

──────────────────────────── Cyclus #619 — 12:27:07 ────────────────────────────
Portfolio: $979.06  PnL: -2.09%  DD: 2.2%  Posities: 0  Trades: 39  WR: 
35.5%(51.2%+TP)
⚠ Throttle: 38% — streak=-2 | slecht_uur=12u
Sentiment: neutraal (-0.21) | F&G: -0.32 | Nieuws: +0.00
[BTC/USDT] Regime: bear_trend | Kracht: 57% | Bearish trend — ADX=28, EMA stack 
bearish
[ETH/USDT] Regime: accumulation | Kracht: 53% | Bollinger squeeze — grote move 
verwacht
[SOL/USDT] Regime: accumulation | Kracht: 66% | Bollinger squeeze — grote move 
verwacht

──────────────────────────── Cyclus #620 — 12:28:16 ────────────────────────────
Portfolio: $979.06  PnL: -2.09%  DD: 2.2%  Posities: 0  Trades: 39  WR: 
35.5%(51.2%+TP)
⚠ Throttle: 38% — streak=-2 | slecht_uur=12u
Sentiment: neutraal (-0.21) | F&G: -0.32 | Nieuws: +0.00
[BTC/USDT] Regime: bear_trend | Kracht: 57% | Bearish trend — ADX=28, EMA stack 
bearish
[ETH/USDT] Regime: accumulation | Kracht: 53% | Bollinger squeeze — grote move 
verwacht
[SOL/USDT] Regime: accumulation | Kracht: 66% | Bollinger squeeze — grote move 
verwacht

──────────────────────────── Cyclus #621 — 12:29:30 ────────────────────────────
Portfolio: $979.06  PnL: -2.09%  DD: 2.2%  Posities: 0  Trades: 39  WR: 
35.5%(51.2%+TP)
⚠ Throttle: 38% — streak=-2 | slecht_uur=12u
Sentiment: neutraal (-0.21) | F&G: -0.32 | Nieuws: +0.00
[BTC/USDT] Regime: bear_trend | Kracht: 57% | Bearish trend — ADX=28, EMA stack 
bearish
[ETH/USDT] Regime: accumulation | Kracht: 53% | Bollinger squeeze — grote move 
verwacht
[SOL/USDT] Regime: accumulation | Kracht: 66% | Bollinger squeeze — grote move 
verwacht

──────────────────────────── Cyclus #622 — 12:30:38 ────────────────────────────
Portfolio: $979.06  PnL: -2.09%  DD: 2.2%  Posities: 0  Trades: 39  WR: 
35.5%(51.2%+TP)
⚠ Throttle: 38% — streak=-2 | slecht_uur=12u
Sentiment: neutraal (-0.21) | F&G: -0.32 | Nieuws: +0.00
[BTC/USDT] Regime: bear_trend | Kracht: 57% | Bearish trend — ADX=28, EMA stack 
bearish
[ETH/USDT] Regime: accumulation | Kracht: 53% | Bollinger squeeze — grote move 
verwacht
[SOL/USDT] Regime: accumulation | Kracht: 66% | Bollinger squeeze — grote move 
verwacht

──────────────────────────── Cyclus #623 — 12:31:46 ────────────────────────────
Portfolio: $979.06  PnL: -2.09%  DD: 2.2%  Posities: 0  Trades: 39  WR: 
35.5%(51.2%+TP)
⚠ Throttle: 38% — streak=-2 | slecht_uur=12u
Sentiment: neutraal (-0.21) | F&G: -0.32 | Nieuws: +0.00
[BTC/USDT] Regime: bear_trend | Kracht: 57% | Bearish trend — ADX=28, EMA stack 
bearish
[ETH/USDT] Regime: accumulation | Kracht: 53% | Bollinger squeeze — grote move 
verwacht
[SOL/USDT] Regime: accumulation | Kracht: 66% | Bollinger squeeze — grote move 
verwacht

──────────────────────────── Cyclus #624 — 12:32:55 ────────────────────────────
Portfolio: $979.06  PnL: -2.09%  DD: 2.2%  Posities: 0  Trades: 39  WR: 
35.5%(51.2%+TP)
⚠ Throttle: 38% — streak=-2 | slecht_uur=12u
Sentiment: neutraal (-0.21) | F&G: -0.32 | Nieuws: +0.00
[BTC/USDT] Regime: bear_trend | Kracht: 57% | Bearish trend — ADX=28, EMA stack 
bearish
[ETH/USDT] Regime: accumulation | Kracht: 53% | Bollinger squeeze — grote move 
verwacht
[SOL/USDT] Regime: accumulation | Kracht: 66% | Bollinger squeeze — grote move 
verwacht

──────────────────────────── Cyclus #625 — 12:34:03 ────────────────────────────
Portfolio: $979.06  PnL: -2.09%  DD: 2.2%  Posities: 0  Trades: 39  WR: 
35.5%(51.2%+TP)
⚠ Throttle: 38% — streak=-2 | slecht_uur=12u
Sentiment: neutraal (-0.21) | F&G: -0.32 | Nieuws: +0.00
[BTC/USDT] Regime: bear_trend | Kracht: 57% | Bearish trend — ADX=28, EMA stack 
bearish
[ETH/USDT] Regime: accumulation | Kracht: 53% | Bollinger squeeze — grote move 
verwacht
[SOL/USDT] Regime: accumulation | Kracht: 66% | Bollinger squeeze — grote move 
verwacht

──────────────────────────── Cyclus #626 — 12:35:16 ────────────────────────────
Portfolio: $979.06  PnL: -2.09%  DD: 2.2%  Posities: 0  Trades: 39  WR: 
35.5%(51.2%+TP)
⚠ Throttle: 38% — streak=-2 | slecht_uur=12u
Sentiment: neutraal (-0.21) | F&G: -0.32 | Nieuws: +0.00
[BTC/USDT] Regime: bear_trend | Kracht: 57% | Bearish trend — ADX=28, EMA stack 
bearish
[ETH/USDT] Regime: accumulation | Kracht: 53% | Bollinger squeeze — grote move 
verwacht
[SOL/USDT] Regime: accumulation | Kracht: 66% | Bollinger squeeze — grote move 
verwacht

──────────────────────────── Cyclus #627 — 12:36:24 ────────────────────────────
Portfolio: $979.06  PnL: -2.09%  DD: 2.2%  Posities: 0  Trades: 39  WR: 
35.5%(51.2%+TP)
⚠ Throttle: 38% — streak=-2 | slecht_uur=12u
Sentiment: neutraal (-0.21) | F&G: -0.32 | Nieuws: +0.00
[BTC/USDT] Regime: bear_trend | Kracht: 57% | Bearish trend — ADX=28, EMA stack 
bearish
[ETH/USDT] Regime: accumulation | Kracht: 53% | Bollinger squeeze — grote move 
verwacht
[SOL/USDT] Regime: accumulation | Kracht: 66% | Bollinger squeeze — grote move 
verwacht

──────────────────────────── Cyclus #628 — 12:37:32 ────────────────────────────
Portfolio: $979.06  PnL: -2.09%  DD: 2.2%  Posities: 0  Trades: 39  WR: 
35.5%(51.2%+TP)
⚠ Throttle: 38% — streak=-2 | slecht_uur=12u
Sentiment: neutraal (-0.21) | F&G: -0.32 | Nieuws: +0.00
[BTC/USDT] Regime: bear_trend | Kracht: 57% | Bearish trend — ADX=28, EMA stack 
bearish
[ETH/USDT] Regime: accumulation | Kracht: 53% | Bollinger squeeze — grote move 
verwacht
[SOL/USDT] Regime: accumulation | Kracht: 66% | Bollinger squeeze — grote move 
verwacht

──────────────────────────── Cyclus #629 — 12:38:40 ────────────────────────────
Portfolio: $979.06  PnL: -2.09%  DD: 2.2%  Posities: 0  Trades: 39  WR: 
35.5%(51.2%+TP)
⚠ Throttle: 38% — streak=-2 | slecht_uur=12u
Sentiment: neutraal (-0.21) | F&G: -0.32 | Nieuws: +0.00
[BTC/USDT] Regime: bear_trend | Kracht: 57% | Bearish trend — ADX=28, EMA stack 
bearish
[ETH/USDT] Regime: accumulation | Kracht: 53% | Bollinger squeeze — grote move 
verwacht
[SOL/USDT] Regime: accumulation | Kracht: 66% | Bollinger squeeze — grote move 
verwacht

──────────────────────────── Cyclus #630 — 12:39:49 ────────────────────────────
Portfolio: $979.06  PnL: -2.09%  DD: 2.2%  Posities: 0  Trades: 39  WR: 
35.5%(51.2%+TP)
⚠ Throttle: 38% — streak=-2 | slecht_uur=12u
Sentiment: neutraal (-0.21) | F&G: -0.32 | Nieuws: +0.00
[BTC/USDT] Regime: bear_trend | Kracht: 57% | Bearish trend — ADX=28, EMA stack 
bearish
[ETH/USDT] Regime: accumulation | Kracht: 53% | Bollinger squeeze — grote move 
verwacht
[SOL/USDT] Regime: accumulation | Kracht: 66% | Bollinger squeeze — grote move 
verwacht

──────────────────────────── Cyclus #631 — 12:41:03 ────────────────────────────
Portfolio: $979.06  PnL: -2.09%  DD: 2.2%  Posities: 0  Trades: 39  WR: 
35.5%(51.2%+TP)
⚠ Throttle: 38% — streak=-2 | slecht_uur=12u
Sentiment: neutraal (-0.21) | F&G: -0.32 | Nieuws: +0.00
[BTC/USDT] Regime: bear_trend | Kracht: 57% | Bearish trend — ADX=28, EMA stack 
bearish
[ETH/USDT] Regime: accumulation | Kracht: 53% | Bollinger squeeze — grote move 
verwacht
[SOL/USDT] Regime: accumulation | Kracht: 66% | Bollinger squeeze — grote move 
verwacht

──────────────────────────── Cyclus #632 — 12:42:11 ────────────────────────────
Portfolio: $979.06  PnL: -2.09%  DD: 2.2%  Posities: 0  Trades: 39  WR: 
35.5%(51.2%+TP)
⚠ Throttle: 38% — streak=-2 | slecht_uur=12u
Sentiment: neutraal (-0.21) | F&G: -0.32 | Nieuws: +0.00
[BTC/USDT] Regime: bear_trend | Kracht: 58% | Bearish trend — ADX=29, EMA stack 
bearish
[ETH/USDT] Regime: accumulation | Kracht: 53% | Bollinger squeeze — grote move 
verwacht
[SOL/USDT] Regime: accumulation | Kracht: 66% | Bollinger squeeze — grote move 
verwacht

──────────────────────────── Cyclus #633 — 12:43:19 ────────────────────────────
Portfolio: $979.06  PnL: -2.09%  DD: 2.2%  Posities: 0  Trades: 39  WR: 
35.5%(51.2%+TP)
⚠ Throttle: 38% — streak=-2 | slecht_uur=12u
Sentiment: neutraal (-0.21) | F&G: -0.32 | Nieuws: +0.00
[BTC/USDT] Regime: bear_trend | Kracht: 58% | Bearish trend — ADX=29, EMA stack 
bearish
[ETH/USDT] Regime: accumulation | Kracht: 53% | Bollinger squeeze — grote move 
verwacht
[SOL/USDT] Regime: accumulation | Kracht: 66% | Bollinger squeeze — grote move 
verwacht

──────────────────────────── Cyclus #634 — 12:44:30 ────────────────────────────
Portfolio: $979.06  PnL: -2.09%  DD: 2.2%  Posities: 0  Trades: 39  WR: 
35.5%(51.2%+TP)
⚠ Throttle: 38% — streak=-2 | slecht_uur=12u
Sentiment: neutraal (-0.21) | F&G: -0.32 | Nieuws: +0.00
[BTC/USDT] Regime: bear_trend | Kracht: 58% | Bearish trend — ADX=29, EMA stack 
bearish
[ETH/USDT] Regime: accumulation | Kracht: 53% | Bollinger squeeze — grote move 
verwacht
[SOL/USDT] Regime: accumulation | Kracht: 66% | Bollinger squeeze — grote move 
verwacht

──────────────────────────── Cyclus #635 — 12:45:39 ────────────────────────────
Portfolio: $979.06  PnL: -2.09%  DD: 2.2%  Posities: 0  Trades: 39  WR: 
35.5%(51.2%+TP)
⚠ Throttle: 38% — streak=-2 | slecht_uur=12u
Sentiment: neutraal (-0.21) | F&G: -0.32 | Nieuws: +0.00
[BTC/USDT] Regime: bear_trend | Kracht: 58% | Bearish trend — ADX=29, EMA stack 
bearish
[ETH/USDT] Regime: accumulation | Kracht: 53% | Bollinger squeeze — grote move 
verwacht
[SOL/USDT] Regime: accumulation | Kracht: 66% | Bollinger squeeze — grote move 
verwacht

──────────────────────────── Cyclus #636 — 12:46:51 ────────────────────────────
Portfolio: $979.06  PnL: -2.09%  DD: 2.2%  Posities: 0  Trades: 39  WR: 
35.5%(51.2%+TP)
⚠ Throttle: 38% — streak=-2 | slecht_uur=12u
Sentiment: neutraal (-0.21) | F&G: -0.32 | Nieuws: +0.00
[BTC/USDT] Regime: bear_trend | Kracht: 58% | Bearish trend — ADX=29, EMA stack 
bearish
[ETH/USDT] Regime: accumulation | Kracht: 53% | Bollinger squeeze — grote move 
verwacht
[SOL/USDT] Regime: accumulation | Kracht: 66% | Bollinger squeeze — grote move 
verwacht

──────────────────────────── Cyclus #637 — 12:48:00 ────────────────────────────
Portfolio: $979.06  PnL: -2.09%  DD: 2.2%  Posities: 0  Trades: 39  WR: 
35.5%(51.2%+TP)
⚠ Throttle: 38% — streak=-2 | slecht_uur=12u
Sentiment: neutraal (-0.21) | F&G: -0.32 | Nieuws: +0.00
[BTC/USDT] Regime: bear_trend | Kracht: 58% | Bearish trend — ADX=29, EMA stack 
bearish
[ETH/USDT] Regime: accumulation | Kracht: 53% | Bollinger squeeze — grote move 
verwacht
[SOL/USDT] Regime: accumulation | Kracht: 66% | Bollinger squeeze — grote move 
verwacht

──────────────────────────── Cyclus #638 — 12:49:10 ────────────────────────────
Portfolio: $979.06  PnL: -2.09%  DD: 2.2%  Posities: 0  Trades: 39  WR: 
35.5%(51.2%+TP)
⚠ Throttle: 38% — streak=-2 | slecht_uur=12u
Sentiment: neutraal (-0.21) | F&G: -0.32 | Nieuws: +0.00
[BTC/USDT] Regime: bear_trend | Kracht: 58% | Bearish trend — ADX=29, EMA stack 
bearish
[ETH/USDT] Regime: accumulation | Kracht: 53% | Bollinger squeeze — grote move 
verwacht
[SOL/USDT] Regime: accumulation | Kracht: 66% | Bollinger squeeze — grote move 
verwacht

──────────────────────────── Cyclus #639 — 12:50:19 ────────────────────────────
Portfolio: $979.06  PnL: -2.09%  DD: 2.2%  Posities: 0  Trades: 39  WR: 
35.5%(51.2%+TP)
⚠ Throttle: 38% — streak=-2 | slecht_uur=12u
Sentiment: neutraal (-0.21) | F&G: -0.32 | Nieuws: +0.00
[BTC/USDT] Regime: bear_trend | Kracht: 58% | Bearish trend — ADX=29, EMA stack 
bearish
[ETH/USDT] Regime: accumulation | Kracht: 53% | Bollinger squeeze — grote move 
verwacht
[SOL/USDT] Regime: accumulation | Kracht: 66% | Bollinger squeeze — grote move 
verwacht

──────────────────────────── Cyclus #640 — 12:51:27 ────────────────────────────
Portfolio: $979.06  PnL: -2.09%  DD: 2.2%  Posities: 0  Trades: 39  WR: 
35.5%(51.2%+TP)
⚠ Throttle: 38% — streak=-2 | slecht_uur=12u
Sentiment: neutraal (-0.21) | F&G: -0.32 | Nieuws: +0.00
[BTC/USDT] Regime: bear_trend | Kracht: 58% | Bearish trend — ADX=29, EMA stack 
bearish
[ETH/USDT] Regime: accumulation | Kracht: 53% | Bollinger squeeze — grote move 
verwacht
[SOL/USDT] Regime: accumulation | Kracht: 66% | Bollinger squeeze — grote move 
verwacht

──────────────────────────── Cyclus #641 — 12:52:39 ────────────────────────────
Portfolio: $979.06  PnL: -2.09%  DD: 2.2%  Posities: 0  Trades: 39  WR: 
35.5%(51.2%+TP)
⚠ Throttle: 38% — streak=-2 | slecht_uur=12u
Sentiment: neutraal (-0.21) | F&G: -0.32 | Nieuws: +0.00
[BTC/USDT] Regime: bear_trend | Kracht: 58% | Bearish trend — ADX=29, EMA stack 
bearish
[ETH/USDT] Regime: accumulation | Kracht: 53% | Bollinger squeeze — grote move 
verwacht
[SOL/USDT] Regime: accumulation | Kracht: 66% | Bollinger squeeze — grote move 
verwacht

──────────────────────────── Cyclus #642 — 12:53:48 ────────────────────────────
Portfolio: $979.06  PnL: -2.09%  DD: 2.2%  Posities: 0  Trades: 39  WR: 
35.5%(51.2%+TP)
⚠ Throttle: 38% — streak=-2 | slecht_uur=12u
Sentiment: neutraal (-0.21) | F&G: -0.32 | Nieuws: +0.00
[BTC/USDT] Regime: bear_trend | Kracht: 58% | Bearish trend — ADX=29, EMA stack 
bearish
[ETH/USDT] Regime: accumulation | Kracht: 53% | Bollinger squeeze — grote move 
verwacht
[SOL/USDT] Regime: accumulation | Kracht: 66% | Bollinger squeeze — grote move 
verwacht

──────────────────────────── Cyclus #643 — 12:54:57 ────────────────────────────
Portfolio: $979.06  PnL: -2.09%  DD: 2.2%  Posities: 0  Trades: 39  WR: 
35.5%(51.2%+TP)
⚠ Throttle: 38% — streak=-2 | slecht_uur=12u
Sentiment: neutraal (-0.21) | F&G: -0.32 | Nieuws: +0.00
[BTC/USDT] Regime: bear_trend | Kracht: 58% | Bearish trend — ADX=29, EMA stack 
bearish
[ETH/USDT] Regime: accumulation | Kracht: 53% | Bollinger squeeze — grote move 
verwacht
[SOL/USDT] Regime: accumulation | Kracht: 66% | Bollinger squeeze — grote move 
verwacht

──────────────────────────── Cyclus #644 — 12:56:05 ────────────────────────────
Portfolio: $979.06  PnL: -2.09%  DD: 2.2%  Posities: 0  Trades: 39  WR: 
35.5%(51.2%+TP)
⚠ Throttle: 38% — streak=-2 | slecht_uur=12u
Sentiment: neutraal (-0.21) | F&G: -0.32 | Nieuws: +0.00
[BTC/USDT] Regime: bear_trend | Kracht: 58% | Bearish trend — ADX=29, EMA stack 
bearish
[ETH/USDT] Regime: accumulation | Kracht: 53% | Bollinger squeeze — grote move 
verwacht
[SOL/USDT] Regime: accumulation | Kracht: 66% | Bollinger squeeze — grote move 
verwacht

──────────────────────────── Cyclus #645 — 12:57:14 ────────────────────────────
Portfolio: $979.06  PnL: -2.09%  DD: 2.2%  Posities: 0  Trades: 39  WR: 
35.5%(51.2%+TP)
⚠ Throttle: 38% — streak=-2 | slecht_uur=12u
Sentiment: neutraal (-0.21) | F&G: -0.32 | Nieuws: +0.00
[BTC/USDT] Regime: bear_trend | Kracht: 58% | Bearish trend — ADX=29, EMA stack 
bearish
[ETH/USDT] Regime: accumulation | Kracht: 53% | Bollinger squeeze — grote move 
verwacht
[SOL/USDT] Regime: accumulation | Kracht: 66% | Bollinger squeeze — grote move 
verwacht

──────────────────────────── Cyclus #646 — 12:58:25 ────────────────────────────
Portfolio: $979.06  PnL: -2.09%  DD: 2.2%  Posities: 0  Trades: 39  WR: 
35.5%(51.2%+TP)
⚠ Throttle: 38% — streak=-2 | slecht_uur=12u
Sentiment: neutraal (-0.21) | F&G: -0.32 | Nieuws: +0.00
[BTC/USDT] Regime: bear_trend | Kracht: 58% | Bearish trend — ADX=29, EMA stack 
bearish
[ETH/USDT] Regime: accumulation | Kracht: 53% | Bollinger squeeze — grote move 
verwacht
[SOL/USDT] Regime: accumulation | Kracht: 66% | Bollinger squeeze — grote move 
verwacht

──────────────────────────── Cyclus #647 — 12:59:33 ────────────────────────────
Portfolio: $979.06  PnL: -2.09%  DD: 2.2%  Posities: 0  Trades: 39  WR: 
35.5%(51.2%+TP)
⚠ Throttle: 38% — streak=-2 | slecht_uur=12u
Sentiment: neutraal (-0.21) | F&G: -0.32 | Nieuws: +0.00
[BTC/USDT] Regime: bear_trend | Kracht: 58% | Bearish trend — ADX=29, EMA stack 
bearish
[ETH/USDT] Regime: accumulation | Kracht: 53% | Bollinger squeeze — grote move 
verwacht
[SOL/USDT] Regime: accumulation | Kracht: 66% | Bollinger squeeze — grote move 
verwacht

──────────────────────────── Cyclus #648 — 13:00:41 ────────────────────────────
Portfolio: $979.06  PnL: -2.09%  DD: 2.2%  Posities: 0  Trades: 39  WR: 
35.5%(51.2%+TP)
⚠ Throttle: 38% — streak=-2 | slecht_uur=12u
Sentiment: neutraal (-0.21) | F&G: -0.32 | Nieuws: +0.00
[BTC/USDT] Regime: bear_trend | Kracht: 58% | Bearish trend — ADX=29, EMA stack 
bearish
[ETH/USDT] Regime: accumulation | Kracht: 62% | Bollinger squeeze — grote move 
verwacht
[SOL/USDT] Regime: accumulation | Kracht: 68% | Bollinger squeeze — grote move 
verwacht

──────────────────────────── Cyclus #649 — 13:01:50 ────────────────────────────
Portfolio: $979.06  PnL: -2.09%  DD: 2.2%  Posities: 0  Trades: 39  WR: 
35.5%(51.2%+TP)
⚠ Throttle: 38% — streak=-2 | slecht_uur=12u
Sentiment: neutraal (-0.21) | F&G: -0.32 | Nieuws: +0.00
[BTC/USDT] Regime: bear_trend | Kracht: 58% | Bearish trend — ADX=29, EMA stack 
bearish
[ETH/USDT] Regime: accumulation | Kracht: 62% | Bollinger squeeze — grote move 
verwacht
[SOL/USDT] Regime: accumulation | Kracht: 68% | Bollinger squeeze — grote move 
verwacht

──────────────────────────── Cyclus #650 — 13:02:58 ────────────────────────────
Portfolio: $979.06  PnL: -2.09%  DD: 2.2%  Posities: 0  Trades: 39  WR: 
35.5%(51.2%+TP)
⚠ Throttle: 38% — streak=-2 | slecht_uur=12u
Sentiment: neutraal (-0.21) | F&G: -0.32 | Nieuws: +0.00
[BTC/USDT] Regime: accumulation | Kracht: 53% | Bollinger squeeze — grote move 
verwacht
[ETH/USDT] Regime: accumulation | Kracht: 62% | Bollinger squeeze — grote move 
verwacht
[SOL/USDT] Regime: accumulation | Kracht: 68% | Bollinger squeeze — grote move 
verwacht

──────────────────────────── Cyclus #651 — 13:04:10 ────────────────────────────
Portfolio: $979.06  PnL: -2.09%  DD: 2.2%  Posities: 0  Trades: 39  WR: 
35.5%(51.2%+TP)
⚠ Throttle: 75% — streak=-2
Sentiment: neutraal (-0.21) | F&G: -0.32 | Nieuws: +0.00
[BTC/USDT] Regime: accumulation | Kracht: 53% | Bollinger squeeze — grote move 
verwacht
[ETH/USDT] Regime: accumulation | Kracht: 62% | Bollinger squeeze — grote move 
verwacht
[SOL/USDT] Regime: accumulation | Kracht: 68% | Bollinger squeeze — grote move 
verwacht

──────────────────────────── Cyclus #652 — 13:05:19 ────────────────────────────
Portfolio: $979.06  PnL: -2.09%  DD: 2.2%  Posities: 0  Trades: 39  WR: 
35.5%(51.2%+TP)
⚠ Throttle: 75% — streak=-2
Sentiment: neutraal (-0.21) | F&G: -0.32 | Nieuws: +0.00
[BTC/USDT] Regime: accumulation | Kracht: 53% | Bollinger squeeze — grote move 
verwacht
[ETH/USDT] Regime: accumulation | Kracht: 63% | Bollinger squeeze — grote move 
verwacht
[SOL/USDT] Regime: accumulation | Kracht: 68% | Bollinger squeeze — grote move 
verwacht

──────────────────────────── Cyclus #653 — 13:06:28 ────────────────────────────
Portfolio: $979.06  PnL: -2.09%  DD: 2.2%  Posities: 0  Trades: 39  WR: 
35.5%(51.2%+TP)
⚠ Throttle: 75% — streak=-2
Sentiment: neutraal (-0.21) | F&G: -0.32 | Nieuws: +0.00
[BTC/USDT] Regime: accumulation | Kracht: 53% | Bollinger squeeze — grote move 
verwacht
[ETH/USDT] Regime: accumulation | Kracht: 63% | Bollinger squeeze — grote move 
verwacht
[SOL/USDT] Regime: accumulation | Kracht: 68% | Bollinger squeeze — grote move 
verwacht

──────────────────────────── Cyclus #654 — 13:07:36 ────────────────────────────
Portfolio: $979.06  PnL: -2.09%  DD: 2.2%  Posities: 0  Trades: 39  WR: 
35.5%(51.2%+TP)
⚠ Throttle: 75% — streak=-2
Sentiment: neutraal (-0.21) | F&G: -0.32 | Nieuws: +0.00
[BTC/USDT] Regime: accumulation | Kracht: 53% | Bollinger squeeze — grote move 
verwacht
[ETH/USDT] Regime: accumulation | Kracht: 63% | Bollinger squeeze — grote move 
verwacht
[SOL/USDT] Regime: accumulation | Kracht: 68% | Bollinger squeeze — grote move 
verwacht

──────────────────────────── Cyclus #655 — 13:08:44 ────────────────────────────
Portfolio: $979.06  PnL: -2.09%  DD: 2.2%  Posities: 0  Trades: 39  WR: 
35.5%(51.2%+TP)
⚠ Throttle: 75% — streak=-2
Sentiment: neutraal (-0.21) | F&G: -0.32 | Nieuws: +0.00
[BTC/USDT] Regime: accumulation | Kracht: 53% | Bollinger squeeze — grote move 
verwacht
[ETH/USDT] Regime: accumulation | Kracht: 63% | Bollinger squeeze — grote move 
verwacht
[SOL/USDT] Regime: accumulation | Kracht: 68% | Bollinger squeeze — grote move 
verwacht

──────────────────────────── Cyclus #656 — 13:09:57 ────────────────────────────
Portfolio: $979.06  PnL: -2.09%  DD: 2.2%  Posities: 0  Trades: 39  WR: 
35.5%(51.2%+TP)
⚠ Throttle: 75% — streak=-2
Sentiment: neutraal (-0.21) | F&G: -0.32 | Nieuws: +0.00
[BTC/USDT] Regime: accumulation | Kracht: 53% | Bollinger squeeze — grote move 
verwacht
[ETH/USDT] Regime: accumulation | Kracht: 62% | Bollinger squeeze — grote move 
verwacht
[SOL/USDT] Regime: accumulation | Kracht: 68% | Bollinger squeeze — grote move 
verwacht

──────────────────────────── Cyclus #657 — 13:11:08 ────────────────────────────
Portfolio: $979.06  PnL: -2.09%  DD: 2.2%  Posities: 0  Trades: 39  WR: 
35.5%(51.2%+TP)
⚠ Throttle: 75% — streak=-2
Sentiment: neutraal (-0.21) | F&G: -0.32 | Nieuws: +0.00
[BTC/USDT] Regime: accumulation | Kracht: 53% | Bollinger squeeze — grote move 
verwacht
[ETH/USDT] Regime: accumulation | Kracht: 62% | Bollinger squeeze — grote move 
verwacht
[SOL/USDT] Regime: accumulation | Kracht: 68% | Bollinger squeeze — grote move 
verwacht

──────────────────────────── Cyclus #658 — 13:12:16 ────────────────────────────
Portfolio: $979.06  PnL: -2.09%  DD: 2.2%  Posities: 0  Trades: 39  WR: 
35.5%(51.2%+TP)
⚠ Throttle: 75% — streak=-2
Sentiment: neutraal (-0.21) | F&G: -0.32 | Nieuws: +0.00
[BTC/USDT] Regime: accumulation | Kracht: 53% | Bollinger squeeze — grote move 
verwacht
[ETH/USDT] Regime: accumulation | Kracht: 62% | Bollinger squeeze — grote move 
verwacht
[SOL/USDT] Regime: accumulation | Kracht: 68% | Bollinger squeeze — grote move 
verwacht

──────────────────────────── Cyclus #659 — 13:13:24 ────────────────────────────
Portfolio: $979.06  PnL: -2.09%  DD: 2.2%  Posities: 0  Trades: 39  WR: 
35.5%(51.2%+TP)
⚠ Throttle: 75% — streak=-2
Sentiment: neutraal (-0.21) | F&G: -0.32 | Nieuws: +0.00
[BTC/USDT] Regime: accumulation | Kracht: 53% | Bollinger squeeze — grote move 
verwacht
[ETH/USDT] Regime: accumulation | Kracht: 63% | Bollinger squeeze — grote move 
verwacht
[SOL/USDT] Regime: accumulation | Kracht: 68% | Bollinger squeeze — grote move 
verwacht

──────────────────────────── Cyclus #660 — 13:14:32 ────────────────────────────
Portfolio: $979.06  PnL: -2.09%  DD: 2.2%  Posities: 0  Trades: 39  WR: 
35.5%(51.2%+TP)
⚠ Throttle: 75% — streak=-2
Sentiment: neutraal (-0.21) | F&G: -0.32 | Nieuws: +0.00
[BTC/USDT] Regime: accumulation | Kracht: 53% | Bollinger squeeze — grote move 
verwacht
[ETH/USDT] Regime: accumulation | Kracht: 63% | Bollinger squeeze — grote move 
verwacht
[SOL/USDT] Regime: accumulation | Kracht: 68% | Bollinger squeeze — grote move 
verwacht

──────────────────────────── Cyclus #661 — 13:15:47 ────────────────────────────
Portfolio: $979.06  PnL: -2.09%  DD: 2.2%  Posities: 0  Trades: 39  WR: 
35.5%(51.2%+TP)
⚠ Throttle: 75% — streak=-2
Sentiment: Angst (-0.21) | F&G: -0.32 | Nieuws: +0.00
[BTC/USDT] Regime: accumulation | Kracht: 53% | Bollinger squeeze — grote move 
verwacht
[ETH/USDT] Regime: accumulation | Kracht: 63% | Bollinger squeeze — grote move 
verwacht
[SOL/USDT] Regime: accumulation | Kracht: 68% | Bollinger squeeze — grote move 
verwacht

──────────────────────────── Cyclus #662 — 13:16:56 ────────────────────────────
Portfolio: $979.06  PnL: -2.09%  DD: 2.2%  Posities: 0  Trades: 39  WR: 
35.5%(51.2%+TP)
⚠ Throttle: 75% — streak=-2
Sentiment: Angst (-0.21) | F&G: -0.32 | Nieuws: +0.00
[BTC/USDT] Regime: accumulation | Kracht: 53% | Bollinger squeeze — grote move 
verwacht
[ETH/USDT] Regime: accumulation | Kracht: 63% | Bollinger squeeze — grote move 
verwacht
[SOL/USDT] Regime: accumulation | Kracht: 68% | Bollinger squeeze — grote move 
verwacht

──────────────────────────── Cyclus #663 — 13:18:06 ────────────────────────────
Portfolio: $979.06  PnL: -2.09%  DD: 2.2%  Posities: 0  Trades: 39  WR: 
35.5%(51.2%+TP)
⚠ Throttle: 75% — streak=-2
Sentiment: Angst (-0.21) | F&G: -0.32 | Nieuws: +0.00
[BTC/USDT] Regime: accumulation | Kracht: 53% | Bollinger squeeze — grote move 
verwacht
[ETH/USDT] Regime: accumulation | Kracht: 63% | Bollinger squeeze — grote move 
verwacht
[SOL/USDT] Regime: accumulation | Kracht: 68% | Bollinger squeeze — grote move 
verwacht

──────────────────────────── Cyclus #664 — 13:19:15 ────────────────────────────
Portfolio: $979.06  PnL: -2.09%  DD: 2.2%  Posities: 0  Trades: 39  WR: 
35.5%(51.2%+TP)
⚠ Throttle: 75% — streak=-2
Sentiment: Angst (-0.21) | F&G: -0.32 | Nieuws: +0.00
[BTC/USDT] Regime: accumulation | Kracht: 53% | Bollinger squeeze — grote move 
verwacht
[ETH/USDT] Regime: accumulation | Kracht: 63% | Bollinger squeeze — grote move 
verwacht
[SOL/USDT] Regime: accumulation | Kracht: 68% | Bollinger squeeze — grote move 
verwacht

──────────────────────────── Cyclus #665 — 13:20:24 ────────────────────────────
Portfolio: $979.06  PnL: -2.09%  DD: 2.2%  Posities: 0  Trades: 39  WR: 
35.5%(51.2%+TP)
⚠ Throttle: 75% — streak=-2
Sentiment: Angst (-0.21) | F&G: -0.32 | Nieuws: +0.00
[BTC/USDT] Regime: accumulation | Kracht: 53% | Bollinger squeeze — grote move 
verwacht
[ETH/USDT] Regime: accumulation | Kracht: 63% | Bollinger squeeze — grote move 
verwacht
[SOL/USDT] Regime: accumulation | Kracht: 68% | Bollinger squeeze — grote move 
verwacht

──────────────────────────── Cyclus #666 — 13:21:36 ────────────────────────────
Portfolio: $979.06  PnL: -2.09%  DD: 2.2%  Posities: 0  Trades: 39  WR: 
35.5%(51.2%+TP)
⚠ Throttle: 75% — streak=-2
Sentiment: Angst (-0.21) | F&G: -0.32 | Nieuws: +0.00
[BTC/USDT] Regime: accumulation | Kracht: 53% | Bollinger squeeze — grote move 
verwacht
[ETH/USDT] Regime: accumulation | Kracht: 63% | Bollinger squeeze — grote move 
verwacht
[SOL/USDT] Regime: accumulation | Kracht: 68% | Bollinger squeeze — grote move 
verwacht

──────────────────────────── Cyclus #667 — 13:22:45 ────────────────────────────
Portfolio: $979.06  PnL: -2.09%  DD: 2.2%  Posities: 0  Trades: 39  WR: 
35.5%(51.2%+TP)
⚠ Throttle: 75% — streak=-2
Sentiment: Angst (-0.21) | F&G: -0.32 | Nieuws: +0.00
[BTC/USDT] Regime: accumulation | Kracht: 53% | Bollinger squeeze — grote move 
verwacht
[ETH/USDT] Regime: accumulation | Kracht: 63% | Bollinger squeeze — grote move 
verwacht
[SOL/USDT] Regime: accumulation | Kracht: 68% | Bollinger squeeze — grote move 
verwacht

──────────────────────────── Cyclus #668 — 13:23:54 ────────────────────────────
Portfolio: $979.06  PnL: -2.09%  DD: 2.2%  Posities: 0  Trades: 39  WR: 
35.5%(51.2%+TP)
⚠ Throttle: 75% — streak=-2
Sentiment: Angst (-0.21) | F&G: -0.32 | Nieuws: +0.00
[BTC/USDT] Regime: accumulation | Kracht: 53% | Bollinger squeeze — grote move 
verwacht
[ETH/USDT] Regime: accumulation | Kracht: 63% | Bollinger squeeze — grote move 
verwacht
[SOL/USDT] Regime: accumulation | Kracht: 68% | Bollinger squeeze — grote move 
verwacht

──────────────────────────── Cyclus #669 — 13:25:04 ────────────────────────────
Portfolio: $979.06  PnL: -2.09%  DD: 2.2%  Posities: 0  Trades: 39  WR: 
35.5%(51.2%+TP)
⚠ Throttle: 75% — streak=-2
Sentiment: Angst (-0.21) | F&G: -0.32 | Nieuws: +0.00
[BTC/USDT] Regime: accumulation | Kracht: 53% | Bollinger squeeze — grote move 
verwacht
[ETH/USDT] Regime: accumulation | Kracht: 62% | Bollinger squeeze — grote move 
verwacht
[SOL/USDT] Regime: accumulation | Kracht: 68% | Bollinger squeeze — grote move 
verwacht

──────────────────────────── Cyclus #670 — 13:26:14 ────────────────────────────
Portfolio: $979.06  PnL: -2.09%  DD: 2.2%  Posities: 0  Trades: 39  WR: 
35.5%(51.2%+TP)
⚠ Throttle: 75% — streak=-2
Sentiment: Angst (-0.21) | F&G: -0.32 | Nieuws: +0.00
[BTC/USDT] Regime: accumulation | Kracht: 52% | Bollinger squeeze — grote move 
verwacht
[ETH/USDT] Regime: accumulation | Kracht: 62% | Bollinger squeeze — grote move 
verwacht
[SOL/USDT] Regime: accumulation | Kracht: 68% | Bollinger squeeze — grote move 
verwacht

──────────────────────────── Cyclus #671 — 13:27:27 ────────────────────────────
Portfolio: $979.06  PnL: -2.09%  DD: 2.2%  Posities: 0  Trades: 39  WR: 
35.5%(51.2%+TP)
⚠ Throttle: 75% — streak=-2
Sentiment: neutraal (-0.21) | F&G: -0.32 | Nieuws: +0.00
[BTC/USDT] Regime: accumulation | Kracht: 52% | Bollinger squeeze — grote move 
verwacht
[ETH/USDT] Regime: accumulation | Kracht: 62% | Bollinger squeeze — grote move 
verwacht
[SOL/USDT] Regime: accumulation | Kracht: 68% | Bollinger squeeze — grote move 
verwacht

──────────────────────────── Cyclus #672 — 13:28:36 ────────────────────────────
Portfolio: $979.06  PnL: -2.09%  DD: 2.2%  Posities: 0  Trades: 39  WR: 
35.5%(51.2%+TP)
⚠ Throttle: 75% — streak=-2
Sentiment: neutraal (-0.21) | F&G: -0.32 | Nieuws: +0.00
[BTC/USDT] Regime: accumulation | Kracht: 52% | Bollinger squeeze — grote move 
verwacht
[ETH/USDT] Regime: accumulation | Kracht: 62% | Bollinger squeeze — grote move 
verwacht
[SOL/USDT] Regime: accumulation | Kracht: 68% | Bollinger squeeze — grote move 
verwacht

──────────────────────────── Cyclus #673 — 13:29:44 ────────────────────────────
Portfolio: $979.06  PnL: -2.09%  DD: 2.2%  Posities: 0  Trades: 39  WR: 
35.5%(51.2%+TP)
⚠ Throttle: 75% — streak=-2
Sentiment: neutraal (-0.21) | F&G: -0.32 | Nieuws: +0.00
[BTC/USDT] Regime: accumulation | Kracht: 52% | Bollinger squeeze — grote move 
verwacht
[ETH/USDT] Regime: accumulation | Kracht: 62% | Bollinger squeeze — grote move 
verwacht
[SOL/USDT] Regime: accumulation | Kracht: 68% | Bollinger squeeze — grote move 
verwacht

──────────────────────────── Cyclus #674 — 13:30:52 ────────────────────────────
Portfolio: $979.06  PnL: -2.09%  DD: 2.2%  Posities: 0  Trades: 39  WR: 
35.5%(51.2%+TP)
⚠ Throttle: 75% — streak=-2
Sentiment: neutraal (-0.21) | F&G: -0.32 | Nieuws: +0.00
[BTC/USDT] Regime: accumulation | Kracht: 52% | Bollinger squeeze — grote move 
verwacht
[ETH/USDT] Regime: accumulation | Kracht: 62% | Bollinger squeeze — grote move 
verwacht
[SOL/USDT] Regime: accumulation | Kracht: 68% | Bollinger squeeze — grote move 
verwacht

──────────────────────────── Cyclus #675 — 13:32:01 ────────────────────────────
Portfolio: $979.06  PnL: -2.09%  DD: 2.2%  Posities: 0  Trades: 39  WR: 
35.5%(51.2%+TP)
⚠ Throttle: 75% — streak=-2
Sentiment: neutraal (-0.21) | F&G: -0.32 | Nieuws: +0.00
[BTC/USDT] Regime: accumulation | Kracht: 52% | Bollinger squeeze — grote move 
verwacht
[ETH/USDT] Regime: accumulation | Kracht: 63% | Bollinger squeeze — grote move 
verwacht
[SOL/USDT] Regime: accumulation | Kracht: 68% | Bollinger squeeze — grote move 
verwacht

──────────────────────────── Cyclus #676 — 13:33:14 ────────────────────────────
Portfolio: $979.06  PnL: -2.09%  DD: 2.2%  Posities: 0  Trades: 39  WR: 
35.5%(51.2%+TP)
⚠ Throttle: 75% — streak=-2
Sentiment: neutraal (-0.21) | F&G: -0.32 | Nieuws: +0.00
[BTC/USDT] Regime: accumulation | Kracht: 52% | Bollinger squeeze — grote move 
verwacht
[ETH/USDT] Regime: accumulation | Kracht: 62% | Bollinger squeeze — grote move 
verwacht
[SOL/USDT] Regime: accumulation | Kracht: 67% | Bollinger squeeze — grote move 
verwacht

──────────────────────────── Cyclus #677 — 13:34:24 ────────────────────────────
Portfolio: $979.06  PnL: -2.09%  DD: 2.2%  Posities: 0  Trades: 39  WR: 
35.5%(51.2%+TP)
⚠ Throttle: 75% — streak=-2
Sentiment: neutraal (-0.21) | F&G: -0.32 | Nieuws: +0.00
[BTC/USDT] Regime: accumulation | Kracht: 52% | Bollinger squeeze — grote move 
verwacht
[ETH/USDT] Regime: accumulation | Kracht: 62% | Bollinger squeeze — grote move 
verwacht
[SOL/USDT] Regime: accumulation | Kracht: 68% | Bollinger squeeze — grote move 
verwacht

──────────────────────────── Cyclus #678 — 13:35:33 ────────────────────────────
Portfolio: $979.06  PnL: -2.09%  DD: 2.2%  Posities: 0  Trades: 39  WR: 
35.5%(51.2%+TP)
⚠ Throttle: 75% — streak=-2
Sentiment: neutraal (-0.21) | F&G: -0.32 | Nieuws: +0.00
[BTC/USDT] Regime: accumulation | Kracht: 52% | Bollinger squeeze — grote move 
verwacht
[ETH/USDT] Regime: accumulation | Kracht: 62% | Bollinger squeeze — grote move 
verwacht
[SOL/USDT] Regime: accumulation | Kracht: 68% | Bollinger squeeze — grote move 
verwacht

──────────────────────────── Cyclus #679 — 13:36:41 ────────────────────────────
Portfolio: $979.06  PnL: -2.09%  DD: 2.2%  Posities: 0  Trades: 39  WR: 
35.5%(51.2%+TP)
⚠ Throttle: 75% — streak=-2
Sentiment: neutraal (-0.21) | F&G: -0.32 | Nieuws: +0.00
[BTC/USDT] Regime: accumulation | Kracht: 52% | Bollinger squeeze — grote move 
verwacht
[ETH/USDT] Regime: accumulation | Kracht: 62% | Bollinger squeeze — grote move 
verwacht
[SOL/USDT] Regime: accumulation | Kracht: 68% | Bollinger squeeze — grote move 
verwacht

──────────────────────────── Cyclus #680 — 13:37:50 ────────────────────────────
Portfolio: $979.06  PnL: -2.09%  DD: 2.2%  Posities: 0  Trades: 39  WR: 
35.5%(51.2%+TP)
⚠ Throttle: 75% — streak=-2
Sentiment: neutraal (-0.21) | F&G: -0.32 | Nieuws: +0.00
[BTC/USDT] Regime: accumulation | Kracht: 52% | Bollinger squeeze — grote move 
verwacht
[ETH/USDT] Regime: accumulation | Kracht: 63% | Bollinger squeeze — grote move 
verwacht
[SOL/USDT] Regime: accumulation | Kracht: 68% | Bollinger squeeze — grote move 
verwacht

──────────────────────────── Cyclus #681 — 13:39:04 ────────────────────────────
Portfolio: $979.06  PnL: -2.09%  DD: 2.2%  Posities: 0  Trades: 39  WR: 
35.5%(51.2%+TP)
⚠ Throttle: 75% — streak=-2
Sentiment: neutraal (-0.21) | F&G: -0.32 | Nieuws: +0.00
[BTC/USDT] Regime: accumulation | Kracht: 52% | Bollinger squeeze — grote move 
verwacht
[ETH/USDT] Regime: accumulation | Kracht: 63% | Bollinger squeeze — grote move 
verwacht
[SOL/USDT] Regime: accumulation | Kracht: 68% | Bollinger squeeze — grote move 
verwacht

──────────────────────────── Cyclus #682 — 13:40:13 ────────────────────────────
Portfolio: $979.06  PnL: -2.09%  DD: 2.2%  Posities: 0  Trades: 39  WR: 
35.5%(51.2%+TP)
⚠ Throttle: 75% — streak=-2
Sentiment: neutraal (-0.21) | F&G: -0.32 | Nieuws: +0.00
[BTC/USDT] Regime: accumulation | Kracht: 52% | Bollinger squeeze — grote move 
verwacht
[ETH/USDT] Regime: accumulation | Kracht: 62% | Bollinger squeeze — grote move 
verwacht
[SOL/USDT] Regime: accumulation | Kracht: 68% | Bollinger squeeze — grote move 
verwacht

──────────────────────────── Cyclus #683 — 13:41:22 ────────────────────────────
Portfolio: $979.06  PnL: -2.09%  DD: 2.2%  Posities: 0  Trades: 39  WR: 
35.5%(51.2%+TP)
⚠ Throttle: 75% — streak=-2
Sentiment: neutraal (-0.21) | F&G: -0.32 | Nieuws: +0.00
[BTC/USDT] Regime: accumulation | Kracht: 52% | Bollinger squeeze — grote move 
verwacht
[ETH/USDT] Regime: accumulation | Kracht: 62% | Bollinger squeeze — grote move 
verwacht
[SOL/USDT] Regime: accumulation | Kracht: 68% | Bollinger squeeze — grote move 
verwacht

──────────────────────────── Cyclus #684 — 13:42:31 ────────────────────────────
Portfolio: $979.06  PnL: -2.09%  DD: 2.2%  Posities: 0  Trades: 39  WR: 
35.5%(51.2%+TP)
⚠ Throttle: 75% — streak=-2
Sentiment: neutraal (-0.21) | F&G: -0.32 | Nieuws: +0.00
[BTC/USDT] Regime: accumulation | Kracht: 52% | Bollinger squeeze — grote move 
verwacht
[ETH/USDT] Regime: accumulation | Kracht: 62% | Bollinger squeeze — grote move 
verwacht
[SOL/USDT] Regime: accumulation | Kracht: 68% | Bollinger squeeze — grote move 
verwacht

──────────────────────────── Cyclus #685 — 13:43:39 ────────────────────────────
Portfolio: $979.06  PnL: -2.09%  DD: 2.2%  Posities: 0  Trades: 39  WR: 
35.5%(51.2%+TP)
⚠ Throttle: 75% — streak=-2
Sentiment: neutraal (-0.21) | F&G: -0.32 | Nieuws: +0.00
[BTC/USDT] Regime: accumulation | Kracht: 51% | Bollinger squeeze — grote move 
verwacht
[ETH/USDT] Regime: accumulation | Kracht: 62% | Bollinger squeeze — grote move 
verwacht
[SOL/USDT] Regime: accumulation | Kracht: 67% | Bollinger squeeze — grote move 
verwacht

──────────────────────────── Cyclus #686 — 13:44:54 ────────────────────────────
Portfolio: $979.06  PnL: -2.09%  DD: 2.2%  Posities: 0  Trades: 39  WR: 
35.5%(51.2%+TP)
⚠ Throttle: 75% — streak=-2
Sentiment: neutraal (-0.21) | F&G: -0.32 | Nieuws: +0.00
[BTC/USDT] Regime: accumulation | Kracht: 51% | Bollinger squeeze — grote move 
verwacht
[ETH/USDT] Regime: accumulation | Kracht: 62% | Bollinger squeeze — grote move 
verwacht
[SOL/USDT] Regime: accumulation | Kracht: 67% | Bollinger squeeze — grote move 
verwacht

──────────────────────────── Cyclus #687 — 13:46:03 ────────────────────────────
Portfolio: $979.06  PnL: -2.09%  DD: 2.2%  Posities: 0  Trades: 39  WR: 
35.5%(51.2%+TP)
⚠ Throttle: 75% — streak=-2
Sentiment: neutraal (-0.21) | F&G: -0.32 | Nieuws: +0.00
[BTC/USDT] Regime: accumulation | Kracht: 51% | Bollinger squeeze — grote move 
verwacht
[ETH/USDT] Regime: accumulation | Kracht: 62% | Bollinger squeeze — grote move 
verwacht
[SOL/USDT] Regime: accumulation | Kracht: 67% | Bollinger squeeze — grote move 
verwacht

──────────────────────────── Cyclus #688 — 13:47:12 ────────────────────────────
Portfolio: $979.06  PnL: -2.09%  DD: 2.2%  Posities: 0  Trades: 39  WR: 
35.5%(51.2%+TP)
⚠ Throttle: 75% — streak=-2
Sentiment: neutraal (-0.21) | F&G: -0.32 | Nieuws: +0.00
[BTC/USDT] Regime: accumulation | Kracht: 51% | Bollinger squeeze — grote move 
verwacht
[ETH/USDT] Regime: accumulation | Kracht: 62% | Bollinger squeeze — grote move 
verwacht
[SOL/USDT] Regime: accumulation | Kracht: 67% | Bollinger squeeze — grote move 
verwacht

──────────────────────────── Cyclus #689 — 13:48:21 ────────────────────────────
Portfolio: $979.06  PnL: -2.09%  DD: 2.2%  Posities: 0  Trades: 39  WR: 
35.5%(51.2%+TP)
⚠ Throttle: 75% — streak=-2
Sentiment: neutraal (-0.21) | F&G: -0.32 | Nieuws: +0.00
[BTC/USDT] Regime: accumulation | Kracht: 51% | Bollinger squeeze — grote move 
verwacht
[ETH/USDT] Regime: accumulation | Kracht: 62% | Bollinger squeeze — grote move 
verwacht
[SOL/USDT] Regime: accumulation | Kracht: 67% | Bollinger squeeze — grote move 
verwacht

──────────────────────────── Cyclus #690 — 13:49:30 ────────────────────────────
Portfolio: $979.06  PnL: -2.09%  DD: 2.2%  Posities: 0  Trades: 39  WR: 
35.5%(51.2%+TP)
⚠ Throttle: 75% — streak=-2
Sentiment: neutraal (-0.21) | F&G: -0.32 | Nieuws: +0.00
[BTC/USDT] Regime: accumulation | Kracht: 52% | Bollinger squeeze — grote move 
verwacht
[ETH/USDT] Regime: accumulation | Kracht: 62% | Bollinger squeeze — grote move 
verwacht
[SOL/USDT] Regime: accumulation | Kracht: 68% | Bollinger squeeze — grote move 
verwacht

──────────────────────────── Cyclus #691 — 13:50:45 ────────────────────────────
Portfolio: $979.06  PnL: -2.09%  DD: 2.2%  Posities: 0  Trades: 39  WR: 
35.5%(51.2%+TP)
⚠ Throttle: 75% — streak=-2
Sentiment: neutraal (-0.21) | F&G: -0.32 | Nieuws: +0.00
[BTC/USDT] Regime: accumulation | Kracht: 51% | Bollinger squeeze — grote move 
verwacht
[ETH/USDT] Regime: accumulation | Kracht: 62% | Bollinger squeeze — grote move 
verwacht
[SOL/USDT] Regime: accumulation | Kracht: 68% | Bollinger squeeze — grote move 
verwacht

──────────────────────────── Cyclus #692 — 13:51:55 ────────────────────────────
Portfolio: $979.06  PnL: -2.09%  DD: 2.2%  Posities: 0  Trades: 39  WR: 
35.5%(51.2%+TP)
⚠ Throttle: 75% — streak=-2
Sentiment: neutraal (-0.21) | F&G: -0.32 | Nieuws: +0.00
[BTC/USDT] Regime: accumulation | Kracht: 51% | Bollinger squeeze — grote move 
verwacht
[ETH/USDT] Regime: accumulation | Kracht: 62% | Bollinger squeeze — grote move 
verwacht
[SOL/USDT] Regime: accumulation | Kracht: 67% | Bollinger squeeze — grote move 
verwacht

──────────────────────────── Cyclus #693 — 13:53:04 ────────────────────────────
Portfolio: $979.06  PnL: -2.09%  DD: 2.2%  Posities: 0  Trades: 39  WR: 
35.5%(51.2%+TP)
⚠ Throttle: 75% — streak=-2
Sentiment: neutraal (-0.21) | F&G: -0.32 | Nieuws: +0.00
[BTC/USDT] Regime: accumulation | Kracht: 52% | Bollinger squeeze — grote move 
verwacht
[ETH/USDT] Regime: accumulation | Kracht: 62% | Bollinger squeeze — grote move 
verwacht
[SOL/USDT] Regime: accumulation | Kracht: 68% | Bollinger squeeze — grote move 
verwacht

──────────────────────────── Cyclus #694 — 13:54:14 ────────────────────────────
Portfolio: $979.06  PnL: -2.09%  DD: 2.2%  Posities: 0  Trades: 39  WR: 
35.5%(51.2%+TP)
⚠ Throttle: 75% — streak=-2
Sentiment: neutraal (-0.21) | F&G: -0.32 | Nieuws: +0.00
[BTC/USDT] Regime: accumulation | Kracht: 52% | Bollinger squeeze — grote move 
verwacht
[ETH/USDT] Regime: accumulation | Kracht: 62% | Bollinger squeeze — grote move 
verwacht
[SOL/USDT] Regime: accumulation | Kracht: 67% | Bollinger squeeze — grote move 
verwacht

──────────────────────────── Cyclus #695 — 13:55:22 ────────────────────────────
Portfolio: $979.06  PnL: -2.09%  DD: 2.2%  Posities: 0  Trades: 39  WR: 
35.5%(51.2%+TP)
⚠ Throttle: 75% — streak=-2
Sentiment: neutraal (-0.21) | F&G: -0.32 | Nieuws: +0.00
[BTC/USDT] Regime: accumulation | Kracht: 52% | Bollinger squeeze — grote move 
verwacht
[ETH/USDT] Regime: accumulation | Kracht: 62% | Bollinger squeeze — grote move 
verwacht
[SOL/USDT] Regime: accumulation | Kracht: 68% | Bollinger squeeze — grote move 
verwacht

──────────────────────────── Cyclus #696 — 13:56:36 ────────────────────────────
Portfolio: $979.06  PnL: -2.09%  DD: 2.2%  Posities: 0  Trades: 39  WR: 
35.5%(51.2%+TP)
⚠ Throttle: 75% — streak=-2
Sentiment: neutraal (-0.21) | F&G: -0.32 | Nieuws: +0.00
[BTC/USDT] Regime: accumulation | Kracht: 52% | Bollinger squeeze — grote move 
verwacht
[ETH/USDT] Regime: accumulation | Kracht: 62% | Bollinger squeeze — grote move 
verwacht
[SOL/USDT] Regime: accumulation | Kracht: 68% | Bollinger squeeze — grote move 
verwacht

──────────────────────────── Cyclus #697 — 13:57:45 ────────────────────────────
Portfolio: $979.06  PnL: -2.09%  DD: 2.2%  Posities: 0  Trades: 39  WR: 
35.5%(51.2%+TP)
⚠ Throttle: 75% — streak=-2
Sentiment: neutraal (-0.21) | F&G: -0.32 | Nieuws: +0.00
[BTC/USDT] Regime: accumulation | Kracht: 52% | Bollinger squeeze — grote move 
verwacht
[ETH/USDT] Regime: ranging | Kracht: 0% | Zijwaartse markt — ADX=25
[SOL/USDT] Regime: accumulation | Kracht: 68% | Bollinger squeeze — grote move 
verwacht

──────────────────────────── Cyclus #698 — 13:58:54 ────────────────────────────
Portfolio: $979.06  PnL: -2.09%  DD: 2.2%  Posities: 0  Trades: 39  WR: 
35.5%(51.2%+TP)
⚠ Throttle: 75% — streak=-2
Sentiment: neutraal (-0.21) | F&G: -0.32 | Nieuws: +0.00
[BTC/USDT] Regime: accumulation | Kracht: 52% | Bollinger squeeze — grote move 
verwacht
[ETH/USDT] Regime: ranging | Kracht: 0% | Zijwaartse markt — ADX=25
[SOL/USDT] Regime: accumulation | Kracht: 68% | Bollinger squeeze — grote move 
verwacht

──────────────────────────── Cyclus #699 — 14:00:05 ────────────────────────────
Portfolio: $979.06  PnL: -2.09%  DD: 2.2%  Posities: 0  Trades: 39  WR: 
35.5%(51.2%+TP)
⚠ Throttle: 75% — streak=-2
Sentiment: neutraal (-0.21) | F&G: -0.32 | Nieuws: +0.00
[BTC/USDT] Regime: accumulation | Kracht: 51% | Bollinger squeeze — grote move 
verwacht
[ETH/USDT] Regime: ranging | Kracht: 0% | Zijwaartse markt — ADX=25
[SOL/USDT] Regime: accumulation | Kracht: 67% | Bollinger squeeze — grote move 
verwacht

──────────────────────────── Cyclus #700 — 14:01:13 ────────────────────────────
Portfolio: $979.06  PnL: -2.09%  DD: 2.2%  Posities: 0  Trades: 39  WR: 
35.5%(51.2%+TP)
⚠ Throttle: 75% — streak=-2
Sentiment: neutraal (-0.21) | F&G: -0.32 | Nieuws: +0.00
[BTC/USDT] Regime: accumulation | Kracht: 53% | Bollinger squeeze — grote move 
verwacht
[ETH/USDT] Regime: ranging | Kracht: 0% | Zijwaartse markt — ADX=25
[SOL/USDT] Regime: accumulation | Kracht: 66% | Bollinger squeeze — grote move 
verwacht

──────────────────────────── Cyclus #701 — 14:02:25 ────────────────────────────
Portfolio: $979.06  PnL: -2.09%  DD: 2.2%  Posities: 0  Trades: 39  WR: 
35.5%(51.2%+TP)
⚠ Throttle: 75% — streak=-2
Sentiment: neutraal (-0.21) | F&G: -0.32 | Nieuws: +0.00
[BTC/USDT] Regime: accumulation | Kracht: 54% | Bollinger squeeze — grote move 
verwacht
[ETH/USDT] Regime: ranging | Kracht: 0% | Zijwaartse markt — ADX=25
[SOL/USDT] Regime: accumulation | Kracht: 67% | Bollinger squeeze — grote move 
verwacht

──────────────────────────── Cyclus #702 — 14:03:33 ────────────────────────────
Portfolio: $979.06  PnL: -2.09%  DD: 2.2%  Posities: 0  Trades: 39  WR: 
35.5%(51.2%+TP)
⚠ Throttle: 75% — streak=-2
Sentiment: neutraal (-0.21) | F&G: -0.32 | Nieuws: +0.00
[BTC/USDT] Regime: accumulation | Kracht: 54% | Bollinger squeeze — grote move 
verwacht
[ETH/USDT] Regime: accumulation | Kracht: 62% | Bollinger squeeze — grote move 
verwacht
[SOL/USDT] Regime: accumulation | Kracht: 67% | Bollinger squeeze — grote move 
verwacht

──────────────────────────── Cyclus #703 — 14:04:40 ────────────────────────────
Portfolio: $979.06  PnL: -2.09%  DD: 2.2%  Posities: 0  Trades: 39  WR: 
35.5%(51.2%+TP)
⚠ Throttle: 75% — streak=-2
Sentiment: neutraal (-0.21) | F&G: -0.32 | Nieuws: +0.00
[BTC/USDT] Regime: accumulation | Kracht: 55% | Bollinger squeeze — grote move 
verwacht
[ETH/USDT] Regime: accumulation | Kracht: 63% | Bollinger squeeze — grote move 
verwacht
[SOL/USDT] Regime: accumulation | Kracht: 67% | Bollinger squeeze — grote move 
verwacht

──────────────────────────── Cyclus #704 — 14:05:48 ────────────────────────────
Portfolio: $979.06  PnL: -2.09%  DD: 2.2%  Posities: 0  Trades: 39  WR: 
35.5%(51.2%+TP)
⚠ Throttle: 75% — streak=-2
Sentiment: neutraal (-0.21) | F&G: -0.32 | Nieuws: +0.00
[BTC/USDT] Regime: accumulation | Kracht: 55% | Bollinger squeeze — grote move 
verwacht
[ETH/USDT] Regime: accumulation | Kracht: 63% | Bollinger squeeze — grote move 
verwacht
[SOL/USDT] Regime: accumulation | Kracht: 67% | Bollinger squeeze — grote move 
verwacht

──────────────────────────── Cyclus #705 — 14:06:56 ────────────────────────────
Portfolio: $979.06  PnL: -2.09%  DD: 2.2%  Posities: 0  Trades: 39  WR: 
35.5%(51.2%+TP)
⚠ Throttle: 75% — streak=-2
Sentiment: neutraal (-0.21) | F&G: -0.32 | Nieuws: +0.00
[BTC/USDT] Regime: accumulation | Kracht: 55% | Bollinger squeeze — grote move 
verwacht
[ETH/USDT] Regime: accumulation | Kracht: 63% | Bollinger squeeze — grote move 
verwacht
[SOL/USDT] Regime: accumulation | Kracht: 67% | Bollinger squeeze — grote move 
verwacht

──────────────────────────── Cyclus #706 — 14:08:08 ────────────────────────────
Portfolio: $979.06  PnL: -2.09%  DD: 2.2%  Posities: 0  Trades: 39  WR: 
35.5%(51.2%+TP)
⚠ Throttle: 75% — streak=-2
Sentiment: neutraal (-0.21) | F&G: -0.32 | Nieuws: +0.00
[BTC/USDT] Regime: accumulation | Kracht: 54% | Bollinger squeeze — grote move 
verwacht
[ETH/USDT] Regime: accumulation | Kracht: 62% | Bollinger squeeze — grote move 
verwacht
[SOL/USDT] Regime: accumulation | Kracht: 67% | Bollinger squeeze — grote move 
verwacht

──────────────────────────── Cyclus #707 — 14:09:17 ────────────────────────────
Portfolio: $979.06  PnL: -2.09%  DD: 2.2%  Posities: 0  Trades: 39  WR: 
35.5%(51.2%+TP)
⚠ Throttle: 75% — streak=-2
Sentiment: neutraal (-0.21) | F&G: -0.32 | Nieuws: +0.00
[BTC/USDT] Regime: accumulation | Kracht: 54% | Bollinger squeeze — grote move 
verwacht
[ETH/USDT] Regime: accumulation | Kracht: 62% | Bollinger squeeze — grote move 
verwacht
[SOL/USDT] Regime: accumulation | Kracht: 67% | Bollinger squeeze — grote move 
verwacht

──────────────────────────── Cyclus #708 — 14:10:25 ────────────────────────────
Portfolio: $979.06  PnL: -2.09%  DD: 2.2%  Posities: 0  Trades: 39  WR: 
35.5%(51.2%+TP)
⚠ Throttle: 75% — streak=-2
Sentiment: neutraal (-0.21) | F&G: -0.32 | Nieuws: +0.00
[BTC/USDT] Regime: accumulation | Kracht: 55% | Bollinger squeeze — grote move 
verwacht
[ETH/USDT] Regime: accumulation | Kracht: 63% | Bollinger squeeze — grote move 
verwacht
[SOL/USDT] Regime: accumulation | Kracht: 67% | Bollinger squeeze — grote move 
verwacht

──────────────────────────── Cyclus #709 — 14:11:33 ────────────────────────────
Portfolio: $979.06  PnL: -2.09%  DD: 2.2%  Posities: 0  Trades: 39  WR: 
35.5%(51.2%+TP)
⚠ Throttle: 75% — streak=-2
Sentiment: neutraal (-0.21) | F&G: -0.32 | Nieuws: +0.00
[BTC/USDT] Regime: accumulation | Kracht: 55% | Bollinger squeeze — grote move 
verwacht
[ETH/USDT] Regime: accumulation | Kracht: 63% | Bollinger squeeze — grote move 
verwacht
[SOL/USDT] Regime: accumulation | Kracht: 67% | Bollinger squeeze — grote move 
verwacht

──────────────────────────── Cyclus #710 — 14:12:42 ────────────────────────────
Portfolio: $979.06  PnL: -2.09%  DD: 2.2%  Posities: 0  Trades: 39  WR: 
35.5%(51.2%+TP)
⚠ Throttle: 75% — streak=-2
Sentiment: neutraal (-0.21) | F&G: -0.32 | Nieuws: +0.00
[BTC/USDT] Regime: accumulation | Kracht: 54% | Bollinger squeeze — grote move 
verwacht
[ETH/USDT] Regime: accumulation | Kracht: 62% | Bollinger squeeze — grote move 
verwacht
[SOL/USDT] Regime: accumulation | Kracht: 67% | Bollinger squeeze — grote move 
verwacht

──────────────────────────── Cyclus #711 — 14:13:56 ────────────────────────────
Portfolio: $979.06  PnL: -2.09%  DD: 2.2%  Posities: 0  Trades: 39  WR: 
35.5%(51.2%+TP)
⚠ Throttle: 75% — streak=-2
Sentiment: neutraal (-0.21) | F&G: -0.32 | Nieuws: +0.00
[BTC/USDT] Regime: accumulation | Kracht: 55% | Bollinger squeeze — grote move 
verwacht
[ETH/USDT] Regime: accumulation | Kracht: 62% | Bollinger squeeze — grote move 
verwacht
[SOL/USDT] Regime: accumulation | Kracht: 67% | Bollinger squeeze — grote move 
verwacht

──────────────────────────── Cyclus #712 — 14:15:06 ────────────────────────────
Portfolio: $979.06  PnL: -2.09%  DD: 2.2%  Posities: 0  Trades: 39  WR: 
35.5%(51.2%+TP)
⚠ Throttle: 75% — streak=-2
Sentiment: neutraal (-0.21) | F&G: -0.32 | Nieuws: +0.00
[BTC/USDT] Regime: accumulation | Kracht: 55% | Bollinger squeeze — grote move 
verwacht
[ETH/USDT] Regime: accumulation | Kracht: 62% | Bollinger squeeze — grote move 
verwacht
[SOL/USDT] Regime: accumulation | Kracht: 67% | Bollinger squeeze — grote move 
verwacht

──────────────────────────── Cyclus #713 — 14:16:16 ────────────────────────────
Portfolio: $979.06  PnL: -2.09%  DD: 2.2%  Posities: 0  Trades: 39  WR: 
35.5%(51.2%+TP)
⚠ Throttle: 75% — streak=-2
Sentiment: neutraal (-0.21) | F&G: -0.32 | Nieuws: +0.00
[BTC/USDT] Regime: accumulation | Kracht: 55% | Bollinger squeeze — grote move 
verwacht
[ETH/USDT] Regime: accumulation | Kracht: 62% | Bollinger squeeze — grote move 
verwacht
[SOL/USDT] Regime: accumulation | Kracht: 67% | Bollinger squeeze — grote move 
verwacht

